ï»¿X;Y;FID;AÃ±o;IdAccident;Latitud;longitud;ClaseAccid;Fecha;Hora;RegiÃ³n;Comuna;Tipo_Accid;Tipo__CONA;Zona;UbicaciÃ³n;Causa__CON;Causa_Acci;Calle_Uno;Calle_Dos;Intersecci;NÃºmero;Ruta;Ubicaci_1;Calzada;Tipo_Calza;Estado_Cal;CondiciÃ³n;Estado_Atm;Fallecidos;Graves;Menos_Grav;Leves
-7863415,043;-3972055,658;404;2024;1581806;-33,57634;-70,638259;1;2024/01/01 00:00:00+00;1899/12/30 00:00:00+00;REGION METROPOLITANA;LA PINTANA;COLISION POR ALCANCE;COLISION;URBANA;CRUCE SIN SENALIZACION;IMPRUDENCIA DEL CONDUCTOR;CONDUCCION NO ATENTO CONDICIONES TRANSITO MOMENTO;LO MARTINEZ;PORTO ALEGRE;LO MARTINEZ - PORTO ALEGRE;0;;;BIDIRECCIONAL;ASFALTO;BUENO;SECO;DESPEJADO;0;0;0;0
-7875310,401;-3939448,118;405;2024;1581840;-33,33195;-70,745117;1;2024/01/02 00:00:00+00;1899/12/30 00:00:00+00;REGION METROPOLITANA;QUILICURA;IMPACTO CON ANIMAL;OTRO TIPO;URBANA;TRAMO DE VIA RECTA;DEFICIENCIAS VIALES;ANIMALES SUELTOS VIA PUBLICA;STA LUISA;;- STA LUISA;2910;;;BIDIRECCIONAL CON BANDEJON;ASFALTO;BUENO;SECO;DESPEJADO;2;0;0;0
-7855521,357;-3975001,587;406;2024;1581924;-33,598385;-70,567349;1;2024/01/01 00:00:00+00;1899/12/30 00:00:00+00;REGION METROPOLITANA;PUENTE ALTO;COLISION LATERAL;COLISION;URBANA;TRAMO DE VIA RECTA;IMPRUDENCIA DEL CONDUCTOR;CONDUCCION NO ATENTO CONDICIONES TRANSITO MOMENTO;LOS COMERCIANTES;LA BALANZA;LA BALANZA - LOS COMERCIANTES;0;;;BIDIRECCIONAL;CONCRETO;BUENO;SECO;DESPEJADO;0;1;0;0
-7868989,68;-3957823,103;407;2024;1581949;-33,469753;-70,688337;1;2024/01/01 00:00:00+00;1899/12/30 00:00:00+00;REGION METROPOLITANA;ESTACION CENTRAL;COLISION LATERAL;COLISION;URBANA;TRAMO DE VIA RECTA;IMPRUDENCIA DEL CONDUCTOR;CONDUCCION NO ATENTO CONDICIONES TRANSITO MOMENTO;PADRE ALBERTO HURTADO;ANTARTICA;ANTARTICA - PADRE ALBERTO HURTADO;0;;;BIDIRECCIONAL;CONCRETO;BUENO;SECO;DESPEJADO;0;0;0;0
-7855162,129;-3973258,829;408;2024;1582014;-33,585344;-70,564122;1;2024/01/02 00:00:00+00;1899/12/30 00:00:00+00;REGION METROPOLITANA;PUENTE ALTO;COLISION LATERAL;COLISION;URBANA;TRAMO DE VIA RECTA;IMPRUDENCIA DEL CONDUCTOR;CONDUCCION NO ATENTO CONDICIONES TRANSITO MOMENTO;LUIS MATTE LARRAIN;CANAL TRONCAL SAN FRANCISCO;CANAL TRONCAL SAN FRANCISCO - LUIS MATTE LARRAIN;0;;;BIDIRECCIONAL;CONCRETO;BUENO;SECO;DESPEJADO;0;0;0;2
-7857700,214;-3977087,337;409;2024;1582020;-33,61399;-70,586922;1;2024/01/01 00:00:00+00;1899/12/30 00:00:00+00;REGION METROPOLITANA;PUENTE ALTO;COLISION POR ALCANCE;COLISION;URBANA;CRUCE CON SEMAFORO FUNCIONANDO;ALCOHOL EN CONDUCTOR;CONDUCCION EN ESTADO DE EBRIEDAD;EYZAGUIRRE;ERNESTO ALVEAR;ERNESTO ALVEAR - EYZAGUIRRE;0;;;BIDIRECCIONAL;ASFALTO;BUENO;SECO;DESPEJADO;0;0;0;0
-7872372,902;-3938636,334;410;2024;1582188;-33,325857;-70,718729;1;2024/01/01 00:00:00+00;1899/12/30 00:00:00+00;REGION METROPOLITANA;QUILICURA;CHOQUE FRONTAL;CHOQUE;URBANA;TRAMO DE VIA RECTA;ALCOHOL EN CONDUCTOR;CONDUCCION EN ESTADO DE EBRIEDAD;PDTE EDUARDO FREI MONTALVA;;- PDTE EDUARDO FREI MONTALVA;12200;;;UNIDIRECCIONAL;ASFALTO;BUENO;SECO;DESPEJADO;0;1;0;0
-7874620,776;-3943546,406;411;2024;1582195;-33,362704;-70,738922;1;2024/01/01 00:00:00+00;1899/12/30 00:00:00+00;REGION METROPOLITANA;QUILICURA;COLISION FRONTAL;COLISION;URBANA;TRAMO DE VIA RECTA;IMPRUDENCIA DEL CONDUCTOR;CONDUCCION NO ATENTO CONDICIONES TRANSITO MOMENTO;MANUEL ANTONIO MATTA;PAULA JARAQUEMADA;MANUEL ANTONIO MATTA - PAULA JARAQUEMADA;0;;;BIDIRECCIONAL;ASFALTO;REGULAR;SECO;DESPEJADO;0;0;0;2
-7872506,597;-3937996,593;412;2024;1582205;-33,321055;-70,71993;1;2024/01/02 00:00:00+00;1899/12/30 00:00:00+00;REGION METROPOLITANA;QUILICURA;COLISION POR ALCANCE;COLISION;URBANA;TRAMO DE VIA RECTA;DROGAS Y/O FATIGA EN CONDUCTOR;CONDICIONES FISICAS DEFICIENTES (CANSANCIO, SUENO);PDTE EDUARDO FREI MONTALVA;;- PDTE EDUARDO FREI MONTALVA;15000;;;UNIDIRECCIONAL;ASFALTO;BUENO;SECO;DESPEJADO;0;0;0;2
-7859814,06;-3959085,058;413;2024;1582218;-33,479209;-70,605911;1;2024/01/01 00:00:00+00;1899/12/30 00:00:00+00;REGION METROPOLITANA;MACUL;COLISION LATERAL;COLISION;URBANA;TRAMO DE VIA RECTA;ALCOHOL EN CONDUCTOR;CONDUCCION EN ESTADO DE EBRIEDAD;PEDRO DE VALDIVIA;LOS OLMOS;LOS OLMOS - PEDRO DE VALDIVIA;0;;;BIDIRECCIONAL;CONCRETO;BUENO;SECO;DESPEJADO;0;0;0;0
-7861225,813;-3960078,065;414;2024;1582222;-33,486649;-70,618593;1;2024/01/02 00:00:00+00;1899/12/30 00:00:00+00;REGION METROPOLITANA;MACUL;COLISION POR ALCANCE;COLISION;URBANA;CRUCE CON SEMAFORO FUNCIONANDO;IMPRUDENCIA DEL CONDUCTOR;CONDUCCION NO ATENTO CONDICIONES TRANSITO MOMENTO;VICUNA MACKENNA;QUILIN;QUILIN - VICUNA MACKENNA;0;;;BIDIRECCIONAL CON BANDEJON;ASFALTO;BUENO;SECO;DESPEJADO;0;0;0;1
-7872301,435;-3940448,103;415;2024;1582295;-33,339455;-70,718087;1;2024/01/03 00:00:00+00;1899/12/30 00:00:00+00;REGION METROPOLITANA;QUILICURA;COLISION FRONTAL;COLISION;URBANA;TRAMO DE VIA RECTA;IMPRUDENCIA DEL CONDUCTOR;CONDUCCION NO ATENTO CONDICIONES TRANSITO MOMENTO;SAN IGNACIO;CERRO SAN CRISTOBAL;CERRO SAN CRISTOBAL - SAN IGNACIO;0;;;UNIDIRECCIONAL;ASFALTO;BUENO;SECO;DESPEJADO;0;0;0;1
-7862190,731;-3953898,921;416;2024;1582336;-33,440342;-70,627261;1;2024/01/02 00:00:00+00;1899/12/30 00:00:00+00;REGION METROPOLITANA;PROVIDENCIA;CHOQUE POSTERIOR/POSTERIOR;CHOQUE;URBANA;CRUCE CON SEMAFORO FUNCIONANDO;IMPRUDENCIA DEL CONDUCTOR;CONDUCCION NO ATENTO CONDICIONES TRANSITO MOMENTO;RANCAGUA;CONDELL;CONDELL - RANCAGUA;0;;;UNIDIRECCIONAL;ASFALTO;BUENO;SECO;DESPEJADO;0;0;0;1
-7859182,433;-3972400,71;417;2024;1582337;-33,578922;-70,600237;1;2024/01/03 00:00:00+00;1899/12/30 00:00:00+00;REGION METROPOLITANA;PUENTE ALTO;CHOQUE FRENTE/POSTERIOR;CHOQUE;URBANA;TRAMO DE VIA RECTA;IMPRUDENCIA DEL CONDUCTOR;CONDUCCION NO ATENTO CONDICIONES TRANSITO MOMENTO;GANIMEDES;;- GANIMEDES;3586;;;BIDIRECCIONAL;CONCRETO;BUENO;SECO;DESPEJADO;0;0;0;0
-7861010,521;-3952506,144;418;2024;1582339;-33,429901;-70,616659;1;2024/01/02 00:00:00+00;1899/12/30 00:00:00+00;REGION METROPOLITANA;PROVIDENCIA;CHOQUE POSTERIOR/POSTERIOR;CHOQUE;URBANA;CRUCE CON SEMAFORO FUNCIONANDO;IMPRUDENCIA DEL CONDUCTOR;CONDUCCION NO ATENTO CONDICIONES TRANSITO MOMENTO;ANTONIO VARAS;DR SOLIS DE OVANDO;ANTONIO VARAS - DR SOLIS DE OVANDO;0;;;UNIDIRECCIONAL;ASFALTO;BUENO;SECO;DESPEJADO;0;0;0;0
-7861194,533;-3953815,811;419;2024;1582340;-33,439719;-70,618312;1;2024/01/01 00:00:00+00;1899/12/30 00:00:00+00;REGION METROPOLITANA;PROVIDENCIA;COLISION POR ALCANCE;COLISION;URBANA;TRAMO DE VIA RECTA;IMPRUDENCIA DEL CONDUCTOR;CONDUCCION NO ATENTO CONDICIONES TRANSITO MOMENTO;FRANCISCO BILBAO;JOSE MIGUEL CLARO;FRANCISCO BILBAO - JOSE MIGUEL CLARO;0;;;UNIDIRECCIONAL;ASFALTO;BUENO;SECO;DESPEJADO;0;0;0;0
-7862490,291;-3953970,692;420;2024;1582342;-33,44088;-70,629952;1;2024/01/01 00:00:00+00;1899/12/30 00:00:00+00;REGION METROPOLITANA;PROVIDENCIA;COLISION FRONTAL;COLISION;URBANA;CRUCE CON SEMAFORO FUNCIONANDO;IMPRUDENCIA DEL CONDUCTOR;CONDUCCION CONTRA SENTIDO DEL TRANSITO;SEMINARIO;RANCAGUA;RANCAGUA - SEMINARIO;0;;;UNIDIRECCIONAL;ASFALTO;REGULAR;SECO;DESPEJADO;0;0;0;0
-7857646,669;-3953660,799;421;2024;1582345;-33,438557;-70,586441;1;2024/01/02 00:00:00+00;1899/12/30 00:00:00+00;REGION METROPOLITANA;PROVIDENCIA;COLISION POR ALCANCE;COLISION;URBANA;TRAMO DE VIA RECTA;IMPRUDENCIA DEL CONDUCTOR;CONDUCCION NO ATENTO CONDICIONES TRANSITO MOMENTO;ELIECER PARADA;REP DE CUBA;ELIECER PARADA - REP DE CUBA;0;;;UNIDIRECCIONAL;ASFALTO;REGULAR;SECO;DESPEJADO;0;0;0;0
-7859329,486;-3953134,814;422;2024;1582349;-33,434614;-70,601558;1;2024/01/03 00:00:00+00;1899/12/30 00:00:00+00;REGION METROPOLITANA;PROVIDENCIA;COLISION LATERAL;COLISION;URBANA;TRAMO DE VIA RECTA;IMPRUDENCIA DEL CONDUCTOR;CONDUCCION CAMBIAR SORPRESIVAMENTE PISTA CIRCULACION;LOS LEONES;POCURO;LOS LEONES - POCURO;0;;;UNIDIRECCIONAL;ASFALTO;BUENO;SECO;DESPEJADO;0;0;0;0
-7872316,574;-3963683,634;423;2024;1582355;-33,513658;-70,718223;1;2024/01/01 00:00:00+00;1899/12/30 00:00:00+00;REGION METROPOLITANA;CERRILLOS;CHOQUE FRONTAL;CHOQUE;URBANA;CRUCE CON SENAL CEDA EL PASO;ALCOHOL EN CONDUCTOR;CONDUCCION EN ESTADO DE EBRIEDAD;AMERICO VESPUCIO;CAMINO A LONQUEN;AMERICO VESPUCIO - CAMINO A LONQUEN;0;;;BIDIRECCIONAL;ASFALTO;BUENO;SECO;DESPEJADO;0;0;0;1
-7869803,203;-3959631,468;424;2024;1582362;-33,483303;-70,695645;1;2024/01/02 00:00:00+00;1899/12/30 00:00:00+00;REGION METROPOLITANA;CERRILLOS;CHOQUE FRENTE/POSTERIOR;CHOQUE;URBANA;CRUCE CON SEMAFORO FUNCIONANDO;IMPRUDENCIA DEL CONDUCTOR;CONDUCCION NO ATENTO CONDICIONES TRANSITO MOMENTO;DEPARTAMENTAL;PEDRO AGUIRRE CERDA;DEPARTAMENTAL - PEDRO AGUIRRE CERDA;0;;;BIDIRECCIONAL CON BANDEJON;ASFALTO;BUENO;SECO;DESPEJADO;0;0;0;1
-7869417,592;-3959762,402;425;2024;1582367;-33,484284;-70,692181;1;2024/01/03 00:00:00+00;1899/12/30 00:00:00+00;REGION METROPOLITANA;CERRILLOS;CHOQUE FRONTAL;CHOQUE;URBANA;TRAMO DE VIA RECTA;IMPRUDENCIA DEL CONDUCTOR;CONDUCCION NO ATENTO CONDICIONES TRANSITO MOMENTO;SAN ANDRES;;- SAN ANDRES;4526;;;BIDIRECCIONAL;ASFALTO;BUENO;SECO;DESPEJADO;0;0;0;0
-7861168,484;-3965894,069;426;2024;1582407;-33,530212;-70,618078;1;2024/01/01 00:00:00+00;1899/12/30 00:00:00+00;REGION METROPOLITANA;LA GRANJA;CHOQUE LADO/LADO;CHOQUE;URBANA;TRAMO DE VIA RECTA;IMPRUDENCIA DEL CONDUCTOR;CONDUCCION NO ATENTO CONDICIONES TRANSITO MOMENTO;LIRQUEN;;- LIRQUEN;7914;;;BIDIRECCIONAL;ASFALTO;BUENO;SECO;DESPEJADO;0;0;0;0
-7861593,613;-3965495,989;427;2024;1582419;-33,527231;-70,621897;1;2024/01/01 00:00:00+00;1899/12/30 00:00:00+00;REGION METROPOLITANA;LA GRANJA;VOLCADURA;VOLCADURA;URBANA;CRUCE CON SENAL PARE;ALCOHOL EN CONDUCTOR;CONDUCCION EN ESTADO DE EBRIEDAD;QUILPUE;LINARES;LINARES - QUILPUE;0;;;BIDIRECCIONAL;ASFALTO;BUENO;SECO;DESPEJADO;0;1;0;0
-7861899,63;-3964522,412;428;2024;1582424;-33,51994;-70,624646;1;2024/01/01 00:00:00+00;1899/12/30 00:00:00+00;REGION METROPOLITANA;LA GRANJA;COLISION LATERAL;COLISION;URBANA;CRUCE CON SENAL CEDA EL PASO;DESOBEDIENCIA A SENALIZACION;SENALIZACION DESOBEDECER SENAL CEDA EL PASO;CENTRAL;16 ORIENTE;16 ORIENTE - CENTRAL;0;;;BIDIRECCIONAL;ASFALTO;BUENO;SECO;DESPEJADO;0;0;1;1
-7858953,226;-3964907,64;429;2024;1582434;-33,522825;-70,598178;1;2024/01/02 00:00:00+00;1899/12/30 00:00:00+00;REGION METROPOLITANA;LA FLORIDA;COLISION LATERAL;COLISION;URBANA;CRUCE CON SEMAFORO FUNCIONANDO;IMPRUDENCIA DEL CONDUCTOR;CONDUCCION NO ATENTO CONDICIONES TRANSITO MOMENTO;VICUNA MACKENNA;AMERICO VESPUCIO;AMERICO VESPUCIO - VICUNA MACKENNA;0;;;BIDIRECCIONAL;ASFALTO;BUENO;SECO;DESPEJADO;0;0;0;0
-7860853,227;-3967905,913;430;2024;1582437;-33,545276;-70,615246;1;2024/01/02 00:00:00+00;1899/12/30 00:00:00+00;REGION METROPOLITANA;LA GRANJA;COLISION LATERAL;COLISION;URBANA;CRUCE SIN SENALIZACION;IMPRUDENCIA DEL CONDUCTOR;CONDUCCION NO ATENTO CONDICIONES TRANSITO MOMENTO;CORONEL;TRICOLOR;CORONEL - TRICOLOR;0;;;BIDIRECCIONAL;ASFALTO;BUENO;SECO;DESPEJADO;0;0;0;0
-7865074,796;-3952628,194;431;2024;1582535;-33,430816;-70,653169;1;2024/01/01 00:00:00+00;1899/12/30 00:00:00+00;REGION METROPOLITANA;INDEPENDENCIA;COLISION PERPENDICULAR;COLISION;URBANA;TRAMO DE VIA RECTA;DESOBEDIENCIA A SENALIZACION;SENALIZACION DESOBEDECER LUZ ROJA DE SEMAFORO;ARTESANOS;INDEPENDENCIA;ARTESANOS - INDEPENDENCIA;0;;;UNIDIRECCIONAL;ASFALTO;REGULAR;SECO;DESPEJADO;0;1;0;1
-7865921,269;-3954651,739;432;2024;1582554;-33,445985;-70,660773;1;2024/01/02 00:00:00+00;1899/12/30 00:00:00+00;REGION METROPOLITANA;SANTIAGO;COLISION LATERAL;COLISION;URBANA;TRAMO DE VIA RECTA;IMPRUDENCIA DEL CONDUCTOR;ADELANTAMIENTO SIN EL ESPACIO O TIEMPO SUFICIENTE;MANUEL RODRIGUEZ;LIBER BERNARDO O'HIGGINS;LIBER BERNARDO O'HIGGINS - MANUEL RODRIGUEZ;0;;;UNIDIRECCIONAL;CONCRETO;BUENO;SECO;DESPEJADO;0;0;0;0
-7856511,656;-3976398,817;433;2024;1582589;-33,608839;-70,576245;1;2024/01/03 00:00:00+00;1899/12/30 00:00:00+00;REGION METROPOLITANA;PUENTE ALTO;COLISION PERPENDICULAR;COLISION;URBANA;TRAMO DE VIA RECTA;IMPRUDENCIA DEL CONDUCTOR;CONDUCCION NO ATENTO CONDICIONES TRANSITO MOMENTO;CONCHA Y TORO;;- CONCHA Y TORO;316;;;BIDIRECCIONAL CON BANDEJON;ASFALTO;BUENO;SECO;DESPEJADO;0;0;0;1
-7924942,196;-3985949,402;434;2024;1582616;-33,680262;-71,190967;1;2024/01/01 00:00:00+00;1899/12/30 00:00:00+00;REGION METROPOLITANA;MELIPILLA;COLISION POR ALCANCE;COLISION;URBANA;TRAMO DE VIA RECTA;IMPRUDENCIA DEL CONDUCTOR;CONDUCCION SIN MANTENER DISTANCIA RAZONABLE NI PRUDENTE;VICUNA MACKENNA;;- VICUNA MACKENNA;892;;;BIDIRECCIONAL CON BANDEJON;ASFALTO;BUENO;SECO;DESPEJADO;0;0;0;0
-7874799,778;-3954479,105;435;2024;1582620;-33,444691;-70,74053;1;2024/01/01 00:00:00+00;1899/12/30 00:00:00+00;REGION METROPOLITANA;PUDAHUEL;ATROPELLO;ATROPELLO;URBANA;CRUCE CON SEMAFORO FUNCIONANDO;IMPRUDENCIA DEL CONDUCTOR;CONDUCCION NO ATENTO CONDICIONES TRANSITO MOMENTO;SAN PABLO;TTE CRUZ;SAN PABLO - TTE CRUZ;0;;;BIDIRECCIONAL;ASFALTO;REGULAR;SECO;DESPEJADO;0;1;0;0
-7927703,587;-3988997,849;436;2024;1582622;-33,703047;-71,215773;1;2024/01/01 00:00:00+00;1899/12/30 00:00:00+00;REGION METROPOLITANA;MELIPILLA;COLISION PERPENDICULAR;COLISION;URBANA;CRUCE CON SENAL PARE;ALCOHOL EN CONDUCTOR;CONDUCCION EN ESTADO DE EBRIEDAD;ORTUZAR;CAMINO VIEJO;CAMINO VIEJO - ORTUZAR;0;;;BIDIRECCIONAL;ASFALTO;BUENO;SECO;DESPEJADO;0;0;0;0
-7876792,848;-3957441,644;437;2024;1582645;-33,466894;-70,758434;1;2024/01/01 00:00:00+00;1899/12/30 00:00:00+00;REGION METROPOLITANA;MAIPU;CHOQUE FRENTE/POSTERIOR;CHOQUE;URBANA;OTROS NO CONSIDERADOS;ALCOHOL EN CONDUCTOR;CONDUCCION EN ESTADO DE EBRIEDAD;TIRSO DE MOLINA;PARQUE EL GOLF NORTE;PARQUE EL GOLF NORTE - TIRSO DE MOLINA;0;;;UNIDIRECCIONAL;ASFALTO;BUENO;SECO;DESPEJADO;0;0;0;1
-7874936,144;-3958906,22;438;2024;1582646;-33,477869;-70,741755;1;2024/01/01 00:00:00+00;1899/12/30 00:00:00+00;REGION METROPOLITANA;MAIPU;VOLCADURA;VOLCADURA;URBANA;TRAMO DE VIA RECTA;VELOCIDAD IMPRUDENTE;VELOCIDAD NO RAZONABLE NI PRUDENTE;LAS PARCELAS;LOS PAJARITOS;LAS PARCELAS - LOS PAJARITOS;0;;;BIDIRECCIONAL CON BANDEJON;ASFALTO;MALO;HUMEDO;DESPEJADO;0;1;0;0
-7872877,179;-3963204,055;439;2024;1582651;-33,510066;-70,723259;1;2024/01/04 00:00:00+00;1899/12/30 00:00:00+00;REGION METROPOLITANA;CERRILLOS;COLISION POR ALCANCE;COLISION;URBANA;CRUCE CON SENAL CEDA EL PASO;IMPRUDENCIA DEL CONDUCTOR;CONDUCCION NO ATENTO CONDICIONES TRANSITO MOMENTO;CAMINO A MELIPILLA;AMERICO VESPUCIO;AMERICO VESPUCIO - CAMINO A MELIPILLA;0;;;BIDIRECCIONAL;ASFALTO;BUENO;SECO;DESPEJADO;0;0;0;0
-7859039,944;-3952411,04;440;2024;1582714;-33,429188;-70,598957;1;2024/01/03 00:00:00+00;1899/12/30 00:00:00+00;REGION METROPOLITANA;PROVIDENCIA;COLISION POR ALCANCE;COLISION;URBANA;CRUCE CON SEMAFORO FUNCIONANDO;IMPRUDENCIA DEL CONDUCTOR;ADELANTAMIENTO SIN EL ESPACIO O TIEMPO SUFICIENTE;LUIS THAYER OJEDA;ELIODORO YANEZ;ELIODORO YANEZ - LUIS THAYER OJEDA;0;;;UNIDIRECCIONAL;ASFALTO;BUENO;SECO;DESPEJADO;0;0;0;1
-7860795,23;-3951931,527;441;2024;1582716;-33,425593;-70,614725;1;2024/01/03 00:00:00+00;1899/12/30 00:00:00+00;REGION METROPOLITANA;PROVIDENCIA;COLISION LATERAL;COLISION;URBANA;CRUCE CON SEMAFORO FUNCIONANDO;IMPRUDENCIA DEL CONDUCTOR;CONDUCCION NO ATENTO CONDICIONES TRANSITO MOMENTO;LA CONCEPCION;PROVIDENCIA;LA CONCEPCION - PROVIDENCIA;0;;;UNIDIRECCIONAL;ASFALTO;BUENO;SECO;DESPEJADO;0;0;0;0
-7859883,189;-3953554,746;442;2024;1582719;-33,437762;-70,606532;1;2024/01/04 00:00:00+00;1899/12/30 00:00:00+00;REGION METROPOLITANA;PROVIDENCIA;COLISION POR ALCANCE;COLISION;URBANA;VIA EXCLUSIVA;IMPRUDENCIA DEL CONDUCTOR;ADELANTAMIENTO SIN EL ESPACIO O TIEMPO SUFICIENTE;FRANCISCO BILBAO;;- FRANCISCO BILBAO;2050;;;BIDIRECCIONAL;ASFALTO;BUENO;SECO;DESPEJADO;0;0;0;0
-7856993,446;-3971752,686;443;2024;1582750;-33,574072;-70,580573;1;2024/01/04 00:00:00+00;1899/12/30 00:00:00+00;REGION METROPOLITANA;PUENTE ALTO;COLISION LATERAL;COLISION;URBANA;TRAMO DE VIA RECTA;IMPRUDENCIA DEL CONDUCTOR;CONDUCCION NO ATENTO CONDICIONES TRANSITO MOMENTO;CANAL TRONCAL SAN FRANCISCO;EL LABRADOR;CANAL TRONCAL SAN FRANCISCO - EL LABRADOR;0;;;BIDIRECCIONAL;CONCRETO;BUENO;SECO;DESPEJADO;0;0;0;0
-7869398,556;-3953760,316;444;2024;1582779;-33,439303;-70,69201;1;2024/01/02 00:00:00+00;1899/12/30 00:00:00+00;REGION METROPOLITANA;QUINTA NORMAL;COLISION LATERAL;COLISION;URBANA;CRUCE CON SEMAFORO FUNCIONANDO;IMPRUDENCIA DEL CONDUCTOR;CONDUCCION NO ATENTO CONDICIONES TRANSITO MOMENTO;APOSTOL SANTIAGO;STO DOMINGO;APOSTOL SANTIAGO - STO DOMINGO;0;;;UNIDIRECCIONAL;ASFALTO;MALO;SECO;DESPEJADO;0;0;0;0
-7869442,75;-3952723,167;445;2024;1582783;-33,431528;-70,692407;1;2024/01/03 00:00:00+00;1899/12/30 00:00:00+00;REGION METROPOLITANA;QUINTA NORMAL;COLISION LATERAL;COLISION;URBANA;TRAMO DE VIA RECTA;IMPRUDENCIA DEL CONDUCTOR;CONDUCCION NO ATENTO CONDICIONES TRANSITO MOMENTO;MAPOCHO;RIVAS ACUNA;MAPOCHO - RIVAS ACUNA;0;;;BIDIRECCIONAL;CONCRETO;REGULAR;SECO;DESPEJADO;0;0;0;1
-7869446,201;-3952752,913;446;2024;1582786;-33,431751;-70,692438;1;2024/01/04 00:00:00+00;1899/12/30 00:00:00+00;REGION METROPOLITANA;QUINTA NORMAL;CHOQUE POSTERIOR/LADO;CHOQUE;URBANA;TRAMO DE VIA RECTA;VELOCIDAD IMPRUDENTE;VELOCIDAD NO RAZONABLE NI PRUDENTE;MAPOCHO;JOAQUIN WALKER MARTINEZ;JOAQUIN WALKER MARTINEZ - MAPOCHO;0;;;BIDIRECCIONAL;ASFALTO;REGULAR;SECO;DESPEJADO;0;0;0;0
-7867612,435;-3922485,469;447;2024;1582789;-33,204545;-70,675965;1;2024/01/01 00:00:00+00;1899/12/30 00:00:00+00;REGION METROPOLITANA;COLINA;VOLCADURA;VOLCADURA;URBANA;TRAMO DE VIA RECTA;VELOCIDAD IMPRUDENTE;VELOCIDAD NO RAZONABLE NI PRUDENTE;CHICUREO;;- CHICUREO;12900;;;BIDIRECCIONAL;ASFALTO;BUENO;SECO;DESPEJADO;0;0;0;1
-7862349,138;-3973288,093;448;2024;1582791;-33,585563;-70,628684;1;2024/01/02 00:00:00+00;1899/12/30 00:00:00+00;REGION METROPOLITANA;LA PINTANA;CHOQUE FRENTE/POSTERIOR;CHOQUE;URBANA;TRAMO DE VIA RECTA;IMPRUDENCIA DEL CONDUCTOR;CONDUCCION NO ATENTO CONDICIONES TRANSITO MOMENTO;OBSERVATORIO;;- OBSERVATORIO;1790;;;BIDIRECCIONAL CON BANDEJON;ASFALTO;BUENO;SECO;DESPEJADO;0;1;0;0
-7872471,086;-3937756,4;449;2024;1582793;-33,319252;-70,719611;1;2024/01/02 00:00:00+00;1899/12/30 00:00:00+00;REGION METROPOLITANA;COLINA;COLISION POR ALCANCE;COLISION;URBANA;TRAMO DE VIA RECTA;IMPRUDENCIA DEL CONDUCTOR;CONDUCCION NO ATENTO CONDICIONES TRANSITO MOMENTO;PDTE EDUARDO FREI MONTALVA;;- PDTE EDUARDO FREI MONTALVA;15600;;;UNIDIRECCIONAL;ASFALTO;BUENO;SECO;DESPEJADO;0;0;0;2
-7854112,387;-3971292,278;450;2024;1582798;-33,570626;-70,554692;1;2024/01/03 00:00:00+00;1899/12/30 00:00:00+00;REGION METROPOLITANA;PUENTE ALTO;COLISION LATERAL;COLISION;URBANA;TRAMO DE VIA RECTA;IMPRUDENCIA DEL CONDUCTOR;CONDUCCION NO ATENTO CONDICIONES TRANSITO MOMENTO;CAMILO HENRIQUEZ;EL PERAL;CAMILO HENRIQUEZ - EL PERAL;0;;;BIDIRECCIONAL;CONCRETO;BUENO;SECO;DESPEJADO;0;0;0;1
-7872894,545;-3954414,936;451;2024;1582799;-33,44421;-70,723415;1;2024/01/01 00:00:00+00;1899/12/30 00:00:00+00;REGION METROPOLITANA;LO PRADO;CHOQUE FRENTE/POSTERIOR;CHOQUE;URBANA;CRUCE CON SEMAFORO FUNCIONANDO;VELOCIDAD IMPRUDENTE;VELOCIDAD NO RAZONABLE NI PRUDENTE;SAN PABLO;GABRIELA MISTRAL;GABRIELA MISTRAL - SAN PABLO;0;;;BIDIRECCIONAL;ASFALTO;BUENO;SECO;DESPEJADO;0;0;0;2
-7866295,08;-3920770,145;452;2024;1582802;-33,191651;-70,664131;1;2024/01/02 00:00:00+00;1899/12/30 00:00:00+00;REGION METROPOLITANA;COLINA;ATROPELLO;ATROPELLO;URBANA;CRUCE SIN SENALIZACION;IMPRUDENCIA DEL CONDUCTOR;NO RESPETAR DERECHO PREFERENTE DE PASO A PEATON;FREDDY MATURANA;;- FREDDY MATURANA;1929;;;BIDIRECCIONAL;ASFALTO;BUENO;SECO;DESPEJADO;0;1;0;0
-7873973,51;-3954461,882;453;2024;1582812;-33,444562;-70,733108;1;2024/01/02 00:00:00+00;1899/12/30 00:00:00+00;REGION METROPOLITANA;LO PRADO;VOLCADURA;VOLCADURA;URBANA;CRUCE CON SENAL CEDA EL PASO;VELOCIDAD IMPRUDENTE;VELOCIDAD NO RAZONABLE NI PRUDENTE;SAN PABLO;LOS LIRIOS;LOS LIRIOS - SAN PABLO;0;;;BIDIRECCIONAL;ASFALTO;BUENO;SECO;DESPEJADO;0;0;1;0