ï»¿X;Y;FID;AÃ±o;IdAccident;Latitud;longitud;ClaseAccid;Fecha;Hora;RegiÃ³n;Comuna;Tipo_Accid;Tipo__CONA;Zona;UbicaciÃ³n;Causa__CON;Causa_Acci;Calle_Uno;Calle_Dos;Intersecci;NÃºmero;Ruta;Ubicaci_1;Calzada;Tipo_Calza;Estado_Cal;CondiciÃ³n;Estado_Atm;Fallecidos;Graves;Menos_Grav;Leves
-7868825,818;-3959358,26;557;2024;1583603;-33,481256;-70,686865;1;2024/01/09 00:00:00+00;1899/12/30 00:00:00+00;REGION METROPOLITANA;CERRILLOS;COLISION FRONTAL;COLISION;URBANA;CRUCE CON SENAL PARE;DESOBEDIENCIA A SENALIZACION;SENALIZACION DESOBEDECER SENAL PARE;SAN ANDRES;AVDA 2;AVDA 2 - SAN ANDRES;0;;;BIDIRECCIONAL;ASFALTO;BUENO;SECO;DESPEJADO;0;0;0;0
-7872292,307;-3963633,833;558;2024;1583606;-33,513285;-70,718005;1;2024/01/09 00:00:00+00;1899/12/30 00:00:00+00;REGION METROPOLITANA;CERRILLOS;ATROPELLO;ATROPELLO;URBANA;CRUCE CON SEMAFORO FUNCIONANDO;DESOBEDIENCIA A SENALIZACION;SENALIZACION DESOBEDECER LUZ ROJA DE SEMAFORO;CAMINO A LONQUEN;EL MANIO;CAMINO A LONQUEN - EL MANIO;0;;;BIDIRECCIONAL;ASFALTO;BUENO;SECO;DESPEJADO;0;1;0;0
-7868868,787;-3959933,646;559;2024;1583612;-33,485567;-70,687251;1;2024/01/09 00:00:00+00;1899/12/30 00:00:00+00;REGION METROPOLITANA;CERRILLOS;OTRO TIPO;OTRO TIPO;URBANA;CRUCE CON SEMAFORO FUNCIONANDO;IMPRUDENCIA DEL CONDUCTOR;CARGA ESCURRE A LA CALZADA;GRAL VELASQUEZ;DEPARTAMENTAL;DEPARTAMENTAL - GRAL VELASQUEZ;0;;;BIDIRECCIONAL;ASFALTO;BUENO;SECO;DESPEJADO;0;0;0;0
-7857124,024;-3972255,068;560;2024;1583613;-33,577832;-70,581746;1;2024/01/05 00:00:00+00;1899/12/30 00:00:00+00;REGION METROPOLITANA;PUENTE ALTO;ATROPELLO;ATROPELLO;URBANA;TRAMO DE VIA RECTA;IMPRUDENCIA DEL CONDUCTOR;CONDUCCION NO ATENTO CONDICIONES TRANSITO MOMENTO;CONCHA Y TORO;;- CONCHA Y TORO;3459;;;BIDIRECCIONAL;CONCRETO;BUENO;SECO;DESPEJADO;0;0;0;1
-7856609,394;-3975600,475;561;2024;1583628;-33,602866;-70,577123;1;2024/01/06 00:00:00+00;1899/12/30 00:00:00+00;REGION METROPOLITANA;PUENTE ALTO;COLISION LATERAL;COLISION;URBANA;TRAMO DE VIA RECTA;IMPRUDENCIA DEL CONDUCTOR;CONDUCCION NO ATENTO CONDICIONES TRANSITO MOMENTO;CONCHA Y TORO;DOMINGO TOCORNAL;CONCHA Y TORO - DOMINGO TOCORNAL;0;;;BIDIRECCIONAL;CONCRETO;BUENO;SECO;DESPEJADO;0;0;0;0
-7857009,476;-3975677,326;562;2024;1583632;-33,603441;-70,580717;1;2024/01/06 00:00:00+00;1899/12/30 00:00:00+00;REGION METROPOLITANA;PUENTE ALTO;CHOQUE FRONTAL;CHOQUE;URBANA;TRAMO DE VIA RECTA;IMPRUDENCIA DEL CONDUCTOR;CONDUCCION NO ATENTO CONDICIONES TRANSITO MOMENTO;DOMINGO TOCORNAL;ACCESO SUR;ACCESO SUR - DOMINGO TOCORNAL;0;;;BIDIRECCIONAL;CONCRETO;BUENO;SECO;DESPEJADO;0;0;0;0
-7856609,394;-3975600,475;563;2024;1583655;-33,602866;-70,577123;1;2024/01/06 00:00:00+00;1899/12/30 00:00:00+00;REGION METROPOLITANA;PUENTE ALTO;COLISION LATERAL;COLISION;URBANA;TRAMO DE VIA RECTA;IMPRUDENCIA DEL CONDUCTOR;CONDUCCION NO ATENTO CONDICIONES TRANSITO MOMENTO;MEXICO;;- MEXICO;3027;;;BIDIRECCIONAL;CONCRETO;BUENO;SECO;DESPEJADO;0;0;0;0
-7867879,936;-3972784,33;564;2024;1583657;-33,581793;-70,678368;1;2024/01/07 00:00:00+00;1899/12/30 00:00:00+00;REGION METROPOLITANA;SAN BERNARDO;COLISION LATERAL;COLISION;URBANA;CRUCE CON SENAL PARE;IMPRUDENCIA DEL CONDUCTOR;CONDUCCION NO ATENTO CONDICIONES TRANSITO MOMENTO;LO BLANCO;MARTIN DE SOLIS;LO BLANCO - MARTIN DE SOLIS;0;;;BIDIRECCIONAL;ASFALTO;REGULAR;SECO;DESPEJADO;0;0;1;0
-7870069,256;-3974905,629;565;2024;1583668;-33,597667;-70,698035;1;2024/01/08 00:00:00+00;1899/12/30 00:00:00+00;REGION METROPOLITANA;SAN BERNARDO;COLISION LATERAL;COLISION;URBANA;CRUCE CON SENAL CEDA EL PASO;IMPRUDENCIA DEL CONDUCTOR;CONDUCCION NO ATENTO CONDICIONES TRANSITO MOMENTO;SAN JOSE;PORTALES;PORTALES - SAN JOSE;0;;;BIDIRECCIONAL CON BANDEJON;ASFALTO;REGULAR;SECO;DESPEJADO;0;0;0;0
-7870215,641;-3971170,966;566;2024;1583677;-33,569718;-70,69935;1;2024/01/09 00:00:00+00;1899/12/30 00:00:00+00;REGION METROPOLITANA;SAN BERNARDO;COLISION LATERAL;COLISION;URBANA;CRUCE CON SEMAFORO FUNCIONANDO;IMPRUDENCIA DEL CONDUCTOR;CONDUCCION NO ATENTO CONDICIONES TRANSITO MOMENTO;OCHAGAVIA;CAMINO LOS PINOS;CAMINO LOS PINOS - OCHAGAVIA;0;;;BIDIRECCIONAL;ASFALTO;REGULAR;SECO;DESPEJADO;0;0;0;0
-7859284,624;-3946705,397;567;2024;1583687;-33,386402;-70,601155;1;2024/01/04 00:00:00+00;1899/12/30 00:00:00+00;REGION METROPOLITANA;VITACURA;COLISION POR ALCANCE;COLISION;URBANA;CRUCE CON SENAL CEDA EL PASO;IMPRUDENCIA DEL CONDUCTOR;CONDUCCION NO ATENTO CONDICIONES TRANSITO MOMENTO;LA PIRAMIDE;CAMINO LA PIRAMIDE;CAMINO LA PIRAMIDE - LA PIRAMIDE;0;;;BIDIRECCIONAL CON BANDEJON;ASFALTO;BUENO;SECO;DESPEJADO;0;0;0;0
-7852140,139;-3945847,514;568;2024;1583688;-33,379967;-70,536975;1;2024/01/05 00:00:00+00;1899/12/30 00:00:00+00;REGION METROPOLITANA;VITACURA;OTRO TIPO;OTRO TIPO;URBANA;TRAMO DE VIA RECTA;IMPRUDENCIA DEL CONDUCTOR;CONDUCCION NO ATENTO CONDICIONES TRANSITO MOMENTO;TABANCURA;;- TABANCURA;1603;;;BIDIRECCIONAL CON BANDEJON;ASFALTO;BUENO;SECO;DESPEJADO;0;0;0;0
-7856852,071;-3946116,804;569;2024;1583689;-33,381987;-70,579303;1;2024/01/06 00:00:00+00;1899/12/30 00:00:00+00;REGION METROPOLITANA;VITACURA;ATROPELLO;ATROPELLO;URBANA;TRAMO DE VIA RECTA;IMPRUDENCIA DEL PEATON;PEATON CRUZA CALZADA FORMA SORPRESIVA O DESCUIDADA;COST MONS ESCRIVA DE BALAGUER;ESPOZ;COST MONS ESCRIVA DE BALAGUER - ESPOZ;0;;;BIDIRECCIONAL;ASFALTO;BUENO;SECO;DESPEJADO;0;1;0;0
-7859539,323;-3966599,056;570;2024;1583697;-33,535491;-70,603443;1;2024/01/07 00:00:00+00;1899/12/30 00:00:00+00;REGION METROPOLITANA;LA FLORIDA;CAIDA;CAIDA;URBANA;TRAMO DE VIA RECTA;IMPRUDENCIA DEL CONDUCTOR;CONDUCCION NO ATENTO CONDICIONES TRANSITO MOMENTO;STA RAQUEL;ROJAS MAGALLANES;ROJAS MAGALLANES - STA RAQUEL;0;;;BIDIRECCIONAL;CONCRETO;BUENO;SECO;DESPEJADO;0;0;0;0
-7877077,547;-3957802,913;571;2024;1583698;-33,469602;-70,760992;1;2024/01/09 00:00:00+00;1899/12/30 00:00:00+00;REGION METROPOLITANA;MAIPU;COLISION POR ALCANCE;COLISION;URBANA;TRAMO DE VIA RECTA;IMPRUDENCIA DEL CONDUCTOR;CONDUCCION SIN MANTENER DISTANCIA RAZONABLE NI PRUDENTE;AMERICO VESPUCIO;EL DESCANSO;AMERICO VESPUCIO - EL DESCANSO;0;;;BIDIRECCIONAL CON BANDEJON;ASFALTO;BUENO;SECO;DESPEJADO;0;1;0;0
-7878698,107;-3963094,703;572;2024;1583701;-33,509247;-70,775549;1;2024/01/09 00:00:00+00;1899/12/30 00:00:00+00;REGION METROPOLITANA;MAIPU;COLISION POR ALCANCE;COLISION;URBANA;TRAMO DE VIA RECTA;IMPRUDENCIA DEL CONDUCTOR;CONDUCCION NO ATENTO CONDICIONES TRANSITO MOMENTO;CAMINO A RINCONADA;EL OLIMPO;CAMINO A RINCONADA - EL OLIMPO;0;;;BIDIRECCIONAL CON BANDEJON;ASFALTO;BUENO;SECO;DESPEJADO;0;0;0;0
-7858630,956;-3961699,491;573;2024;1583706;-33,498796;-70,595283;1;2024/01/04 00:00:00+00;1899/12/30 00:00:00+00;REGION METROPOLITANA;MACUL;COLISION PERPENDICULAR;COLISION;URBANA;TRAMO DE VIA RECTA;IMPRUDENCIA DEL CONDUCTOR;CONDUCCION NO ATENTO CONDICIONES TRANSITO MOMENTO;QUILIN;BROWN SUR;BROWN SUR - QUILIN;0;;;BIDIRECCIONAL;ASFALTO;BUENO;SECO;DESPEJADO;0;0;0;1
-7880177,623;-3910384,613;574;2024;1583709;-33,113543;-70,78884;1;2024/01/02 00:00:00+00;1899/12/30 00:00:00+00;REGION METROPOLITANA;TILTIL;CHOQUE FRONTAL;CHOQUE;URBANA;TRAMO DE VIA RECTA;VELOCIDAD IMPRUDENTE;VELOCIDAD NO RAZONABLE NI PRUDENTE;LOS LIBERTADORES;;- LOS LIBERTADORES;42;;;BIDIRECCIONAL;ASFALTO;BUENO;SECO;DESPEJADO;0;0;0;0
-7859131,337;-3960946,614;575;2024;1583724;-33,493156;-70,599778;1;2024/01/04 00:00:00+00;1899/12/30 00:00:00+00;REGION METROPOLITANA;MACUL;COLISION LATERAL;COLISION;URBANA;CRUCE CON SEMAFORO FUNCIONANDO;DESOBEDIENCIA A SENALIZACION;SENALIZACION DESOBEDECER LUZ ROJA DE SEMAFORO;VICTOR DOMINGO SILVA;MACUL;MACUL - VICTOR DOMINGO SILVA;0;;;BIDIRECCIONAL;ASFALTO;BUENO;SECO;DESPEJADO;0;0;1;0
-7855475,828;-3974026,54;576;2024;1583725;-33,591089;-70,56694;1;2024/01/07 00:00:00+00;1899/12/30 00:00:00+00;REGION METROPOLITANA;PUENTE ALTO;CAIDA;CAIDA;URBANA;TRAMO DE VIA RECTA;IMPRUDENCIA DEL CONDUCTOR;CONDUCCION NO ATENTO CONDICIONES TRANSITO MOMENTO;NONATO COO;SAN FRANCISCO;NONATO COO - SAN FRANCISCO;0;;;BIDIRECCIONAL;CONCRETO;BUENO;SECO;DESPEJADO;0;0;0;0
-7859095,715;-3960942,877;577;2024;1583729;-33,493128;-70,599458;1;2024/01/06 00:00:00+00;1899/12/30 00:00:00+00;REGION METROPOLITANA;MACUL;COLISION LATERAL;COLISION;URBANA;TRAMO DE VIA RECTA;IMPRUDENCIA DEL CONDUCTOR;CONDUCCION NO ATENTO CONDICIONES TRANSITO MOMENTO;VICTOR DOMINGO SILVA;VICTOR DOMINGO SILVA;VICTOR DOMINGO SILVA - VICTOR DOMINGO SILVA;0;;;BIDIRECCIONAL;ASFALTO;BUENO;SECO;DESPEJADO;0;0;0;0
-7859644,186;-3963023,817;578;2024;1583733;-33,508716;-70,604385;1;2024/01/06 00:00:00+00;1899/12/30 00:00:00+00;REGION METROPOLITANA;MACUL;COLISION POR ALCANCE;COLISION;URBANA;CRUCE CON SEMAFORO FUNCIONANDO;IMPRUDENCIA DEL CONDUCTOR;CONDUCCION NO ATENTO CONDICIONES TRANSITO MOMENTO;DEPARTAMENTAL;EXEQUIEL FERNANDEZ;DEPARTAMENTAL - EXEQUIEL FERNANDEZ;0;;;BIDIRECCIONAL;CONCRETO;BUENO;SECO;DESPEJADO;0;0;0;1
-7860606,877;-3960914,578;579;2024;1583737;-33,492916;-70,613033;1;2024/01/07 00:00:00+00;1899/12/30 00:00:00+00;REGION METROPOLITANA;MACUL;COLISION LATERAL;COLISION;URBANA;TRAMO DE VIA RECTA;IMPRUDENCIA DEL CONDUCTOR;CONDUCCION NO ATENTO CONDICIONES TRANSITO MOMENTO;JOSE MIGUEL CARRERA;;- JOSE MIGUEL CARRERA;1902;;;BIDIRECCIONAL;ASFALTO;BUENO;SECO;DESPEJADO;0;0;0;0
-7860662,759;-3962899,655;580;2024;1583741;-33,507786;-70,613535;1;2024/01/07 00:00:00+00;1899/12/30 00:00:00+00;REGION METROPOLITANA;MACUL;COLISION POR ALCANCE;COLISION;URBANA;TRAMO DE VIA RECTA;ALCOHOL EN CONDUCTOR;CONDUCCION EN ESTADO DE EBRIEDAD;VICUNA MACKENNA;;- VICUNA MACKENNA;5700;;;BIDIRECCIONAL;ASFALTO;BUENO;SECO;DESPEJADO;0;0;0;0
-7857568,3;-3960098,62;581;2024;1583744;-33,486803;-70,585737;1;2024/01/08 00:00:00+00;1899/12/30 00:00:00+00;REGION METROPOLITANA;MACUL;COLISION POR ALCANCE;COLISION;URBANA;CRUCE CON SEMAFORO FUNCIONANDO;IMPRUDENCIA DEL CONDUCTOR;CONDUCCION NO ATENTO CONDICIONES TRANSITO MOMENTO;QUILIN;RAMON CRUZ;QUILIN - RAMON CRUZ;0;;;BIDIRECCIONAL;ASFALTO;BUENO;SECO;DESPEJADO;0;1;0;0
-7858589,768;-3959600,637;582;2024;1583748;-33,483072;-70,594913;1;2024/01/09 00:00:00+00;1899/12/30 00:00:00+00;REGION METROPOLITANA;MACUL;COLISION LATERAL;COLISION;URBANA;TRAMO DE VIA RECTA;IMPRUDENCIA DEL CONDUCTOR;CONDUCCION NO ATENTO CONDICIONES TRANSITO MOMENTO;EL JACARANDA;;- EL JACARANDA;3065;;;UNIDIRECCIONAL;ASFALTO;BUENO;SECO;DESPEJADO;0;0;0;0
-7869368,055;-3950516,448;583;2024;1583752;-33,414983;-70,691736;1;2024/01/02 00:00:00+00;1899/12/30 00:00:00+00;REGION METROPOLITANA;RENCA;CHOQUE;CHOQUE;URBANA;TRAMO DE VIA RECTA;IMPRUDENCIA DEL CONDUCTOR;CONDUCCION NO ATENTO CONDICIONES TRANSITO MOMENTO;JORGE HIRMAS;APOSTOL SANTIAGO;APOSTOL SANTIAGO - JORGE HIRMAS;0;;;UNIDIRECCIONAL;ASFALTO;BUENO;SECO;DESPEJADO;0;0;0;0
-7854112,387;-3971292,278;584;2024;1583756;-33,570626;-70,554692;1;2024/01/07 00:00:00+00;1899/12/30 00:00:00+00;REGION METROPOLITANA;PUENTE ALTO;CHOQUE FRENTE/POSTERIOR;CHOQUE;URBANA;TRAMO DE VIA RECTA;IMPRUDENCIA DEL CONDUCTOR;CONDUCCION NO ATENTO CONDICIONES TRANSITO MOMENTO;CAMILO HENRIQUEZ;EL PERAL;CAMILO HENRIQUEZ - EL PERAL;0;;;BIDIRECCIONAL;CONCRETO;BUENO;SECO;DESPEJADO;0;1;0;0
-7848954,843;-3942621,319;585;2024;1583760;-33,355763;-70,508361;1;2024/01/01 00:00:00+00;1899/12/30 00:00:00+00;REGION METROPOLITANA;LO BARNECHEA;CHOQUE FRENTE/LADO;CHOQUE;URBANA;TRAMO DE VIA RECTA;IMPRUDENCIA DEL CONDUCTOR;ADELANTAMIENTO SIN EL ESPACIO O TIEMPO SUFICIENTE;CDTE MALBEC;;- CDTE MALBEC;13729;;;BIDIRECCIONAL;CONCRETO;BUENO;SECO;DESPEJADO;0;0;0;1
-7868540,172;-3950857,999;586;2024;1583767;-33,417544;-70,684299;1;2024/01/04 00:00:00+00;1899/12/30 00:00:00+00;REGION METROPOLITANA;RENCA;COLISION POR ALCANCE;COLISION;URBANA;TRAMO DE VIA RECTA;IMPRUDENCIA DEL CONDUCTOR;CONDUCCION NO ATENTO CONDICIONES TRANSITO MOMENTO;JORGE HIRMAS;RAYEN QUINTRAL;JORGE HIRMAS - RAYEN QUINTRAL;0;;;UNIDIRECCIONAL;ASFALTO;BUENO;SECO;DESPEJADO;0;0;0;0
-7862190,619;-3958186,221;587;2024;1583768;-33,472474;-70,62726;1;2024/01/04 00:00:00+00;1899/12/30 00:00:00+00;REGION METROPOLITANA;SAN JOAQUIN;COLISION LATERAL;COLISION;URBANA;TRAMO DE VIA RECTA;IMPRUDENCIA DEL CONDUCTOR;CONDUCCION NO ATENTO CONDICIONES TRANSITO MOMENTO;CELIA SOLAR;IGNACIO VALDIVIESO;CELIA SOLAR - IGNACIO VALDIVIESO;0;;;BIDIRECCIONAL;ASFALTO;BUENO;SECO;DESPEJADO;0;0;0;0
-7861665,08;-3958987,764;588;2024;1583770;-33,47848;-70,622539;1;2024/01/06 00:00:00+00;1899/12/30 00:00:00+00;REGION METROPOLITANA;SAN JOAQUIN;CHOQUE FRONTAL;CHOQUE;URBANA;TRAMO DE VIA RECTA;ALCOHOL EN CONDUCTOR;CONDUCCION EN ESTADO DE EBRIEDAD;VICUNA MACKENNA;;- VICUNA MACKENNA;3011;;;BIDIRECCIONAL CON BANDEJON;ASFALTO;BUENO;SECO;DESPEJADO;0;0;0;1
-7854145,003;-3970791,808;589;2024;1583772;-33,56688;-70,554985;1;2024/01/08 00:00:00+00;1899/12/30 00:00:00+00;REGION METROPOLITANA;PUENTE ALTO;CHOQUE FRENTE/LADO;CHOQUE;URBANA;TRAMO DE VIA RECTA;IMPRUDENCIA DEL CONDUCTOR;CONDUCCION NO ATENTO CONDICIONES TRANSITO MOMENTO;CAMILO HENRIQUEZ;;- CAMILO HENRIQUEZ;3692;;;BIDIRECCIONAL;CONCRETO;BUENO;SECO;DESPEJADO;0;0;0;0
-7850269,081;-3944141,134;590;2024;1583775;-33,367166;-70,520167;1;2024/01/05 00:00:00+00;1899/12/30 00:00:00+00;REGION METROPOLITANA;LO BARNECHEA;COLISION POR ALCANCE;COLISION;URBANA;TRAMO DE VIA RECTA;IMPRUDENCIA DEL CONDUCTOR;CONDUCCION SIN MANTENER DISTANCIA RAZONABLE NI PRUDENTE;RAUL LABBE;;- RAUL LABBE;12150;;;BIDIRECCIONAL;CONCRETO;BUENO;SECO;DESPEJADO;0;0;0;0
-7863151,307;-3958035,688;591;2024;1583777;-33,471346;-70,63589;1;2024/01/08 00:00:00+00;1899/12/30 00:00:00+00;REGION METROPOLITANA;SANTIAGO;CHOQUE FRENTE/POSTERIOR;CHOQUE;URBANA;TRAMO DE VIA RECTA;VELOCIDAD IMPRUDENTE;VELOCIDAD NO RAZONABLE NI PRUDENTE;ARAUCO;CARMEN;ARAUCO - CARMEN;0;;;UNIDIRECCIONAL;ASFALTO;BUENO;SECO;DESPEJADO;0;0;0;0
-7863983,086;-3957925,992;592;2024;1583789;-33,470524;-70,643362;1;2024/01/08 00:00:00+00;1899/12/30 00:00:00+00;REGION METROPOLITANA;SANTIAGO;COLISION POR ALCANCE;COLISION;URBANA;TRAMO DE VIA RECTA;IMPRUDENCIA DEL CONDUCTOR;CONDUCCION NO ATENTO CONDICIONES TRANSITO MOMENTO;GRAL GANA;GRAL GANA;GRAL GANA - GRAL GANA;0;;;UNIDIRECCIONAL;ASFALTO;BUENO;SECO;DESPEJADO;0;0;0;1
-7856609,394;-3975600,475;593;2024;1583805;-33,602866;-70,577123;1;2024/01/04 00:00:00+00;1899/12/30 00:00:00+00;REGION METROPOLITANA;PUENTE ALTO;COLISION PERPENDICULAR;COLISION;URBANA;CRUCE CON SEMAFORO FUNCIONANDO;IMPRUDENCIA DEL CONDUCTOR;CONDUCCION NO ATENTO CONDICIONES TRANSITO MOMENTO;CONCHA Y TORO;DOMINGO TOCORNAL;CONCHA Y TORO - DOMINGO TOCORNAL;0;;;BIDIRECCIONAL CON BANDEJON;ASFALTO;BUENO;SECO;DESPEJADO;0;0;0;1
-7855610,302;-3973281,011;594;2024;1583808;-33,58551;-70,568148;1;2024/01/08 00:00:00+00;1899/12/30 00:00:00+00;REGION METROPOLITANA;PUENTE ALTO;COLISION LATERAL;COLISION;URBANA;TRAMO DE VIA RECTA;IMPRUDENCIA DEL CONDUCTOR;CONDUCCION NO ATENTO CONDICIONES TRANSITO MOMENTO;LUIS MATTE LARRAIN;NONATO COO;LUIS MATTE LARRAIN - NONATO COO;0;;;BIDIRECCIONAL;CONCRETO;BUENO;SECO;DESPEJADO;0;0;0;0
-7856609,394;-3975600,475;595;2024;1583814;-33,602866;-70,577123;1;2024/01/06 00:00:00+00;1899/12/30 00:00:00+00;REGION METROPOLITANA;PUENTE ALTO;CHOQUE POSTERIOR/FRENTE;CHOQUE;URBANA;CRUCE CON SEMAFORO FUNCIONANDO;IMPRUDENCIA DEL CONDUCTOR;CONDUCIR VEHICULO EN RETROCESO;CONCHA Y TORO;DOMINGO TOCORNAL;CONCHA Y TORO - DOMINGO TOCORNAL;0;;;BIDIRECCIONAL CON BANDEJON;ASFALTO;BUENO;SECO;DESPEJADO;0;0;0;0
-7848983,452;-3973845,465;596;2024;1583819;-33,589734;-70,508618;1;2024/01/06 00:00:00+00;1899/12/30 00:00:00+00;REGION METROPOLITANA;PUENTE ALTO;CHOQUE FRONTAL;CHOQUE;URBANA;CRUCE CON SENAL CEDA EL PASO;ALCOHOL EN CONDUCTOR;CONDUCCION EN ESTADO DE EBRIEDAD;LA HACIENDA;EL PARRONAL;EL PARRONAL - LA HACIENDA;0;;;BIDIRECCIONAL;ASFALTO;BUENO;SECO;DESPEJADO;0;0;0;2
-7856136,064;-3976582,338;597;2024;1583820;-33,610212;-70,572871;1;2024/01/09 00:00:00+00;1899/12/30 00:00:00+00;REGION METROPOLITANA;PUENTE ALTO;COLISION POR ALCANCE;COLISION;URBANA;CRUCE CON SENAL CEDA EL PASO;IMPRUDENCIA DEL CONDUCTOR;CONDUCIR VEHICULO EN RETROCESO;STA ELENA;MANUEL RODRIGUEZ;MANUEL RODRIGUEZ - STA ELENA;0;;;BIDIRECCIONAL;ASFALTO;BUENO;SECO;DESPEJADO;0;0;0;0
-7851815,865;-3950666,617;598;2024;1583824;-33,416109;-70,534062;1;2024/01/02 00:00:00+00;1899/12/30 00:00:00+00;REGION METROPOLITANA;LAS CONDES;CHOQUE FRONTAL;CHOQUE;URBANA;TRAMO DE VIA RECTA;VELOCIDAD IMPRUDENTE;VELOCIDAD NO RAZONABLE NI PRUDENTE;PLAZA;;- PLAZA;2440;;;BIDIRECCIONAL;ASFALTO;BUENO;SECO;DESPEJADO;0;0;0;1
-7854117,73;-3951090,195;599;2024;1583831;-33,419285;-70,55474;1;2024/01/04 00:00:00+00;1899/12/30 00:00:00+00;REGION METROPOLITANA;LAS CONDES;ATROPELLO;ATROPELLO;URBANA;TRAMO DE VIA RECTA;IMPRUDENCIA DEL CONDUCTOR;CONDUCCION NO ATENTO CONDICIONES TRANSITO MOMENTO;MAYECURA;;- MAYECURA;1139;;;BIDIRECCIONAL;ASFALTO;BUENO;SECO;DESPEJADO;0;1;0;0
-7850877,887;-3945364,14;600;2024;1583834;-33,376341;-70,525636;1;2024/01/04 00:00:00+00;1899/12/30 00:00:00+00;REGION METROPOLITANA;LAS CONDES;COLISION LATERAL;COLISION;URBANA;CRUCE CON SEMAFORO FUNCIONANDO;IMPRUDENCIA DEL CONDUCTOR;CONDUCCION NO ATENTO CONDICIONES TRANSITO MOMENTO;LAS CONDES;SAN DAMIAN;LAS CONDES - SAN DAMIAN;0;;;BIDIRECCIONAL;ASFALTO;BUENO;SECO;DESPEJADO;0;1;0;0
-7850900,374;-3952104,123;601;2024;1583837;-33,426887;-70,525838;1;2024/01/05 00:00:00+00;1899/12/30 00:00:00+00;REGION METROPOLITANA;LAS CONDES;COLISION LATERAL;COLISION;URBANA;TRAMO DE VIA RECTA;IMPRUDENCIA DEL CONDUCTOR;CONDUCCION NO ATENTO CONDICIONES TRANSITO MOMENTO;NVA BILBAO;;- NVA BILBAO;12600;;;BIDIRECCIONAL;ASFALTO;BUENO;SECO;DESPEJADO;0;0;0;0
-7851687,403;-3948711,773;602;2024;1583839;-33,40145;-70,532908;1;2024/01/08 00:00:00+00;1899/12/30 00:00:00+00;REGION METROPOLITANA;LAS CONDES;COLISION LATERAL;COLISION;URBANA;TRAMO DE VIA RECTA;IMPRUDENCIA DEL CONDUCTOR;CONDUCCION NO ATENTO CONDICIONES TRANSITO MOMENTO;CAMINO EL ALBA;;- CAMINO EL ALBA;9610;;;BIDIRECCIONAL;ASFALTO;BUENO;SECO;DESPEJADO;0;0;0;1
-7891418,665;-3918151,749;603;2024;1583845;-33,171965;-70,88982;1;2024/01/02 00:00:00+00;1899/12/30 00:00:00+00;REGION METROPOLITANA;TILTIL;CHOQUE LATERAL;CHOQUE;URBANA;TRAMO DE VIA RECTA;VELOCIDAD IMPRUDENTE;VELOCIDAD NO RAZONABLE NI PRUDENTE;LOS PINOS;;- LOS PINOS;8;;;UNIDIRECCIONAL;ASFALTO;BUENO;SECO;DESPEJADO;0;0;0;0
-7868694,127;-3967200,045;604;2024;1583887;-33,539991;-70,685682;1;2024/01/02 00:00:00+00;1899/12/30 00:00:00+00;REGION METROPOLITANA;EL BOSQUE;CHOQUE FRENTE/POSTERIOR;CHOQUE;URBANA;TRAMO DE VIA RECTA;IMPRUDENCIA DEL CONDUCTOR;CONDUCCION SIN MANTENER DISTANCIA RAZONABLE NI PRUDENTE;JOSE JOAQUIN PRIETO VIAL;CAMILO HENRIQUEZ;CAMILO HENRIQUEZ - JOSE JOAQUIN PRIETO VIAL;0;;;BIDIRECCIONAL;CONCRETO;REGULAR;SECO;DESPEJADO;0;0;0;0
-7866215,376;-3970812,115;605;2024;1583892;-33,567032;-70,663415;1;2024/01/03 00:00:00+00;1899/12/30 00:00:00+00;REGION METROPOLITANA;EL BOSQUE;COLISION POR ALCANCE;COLISION;URBANA;TRAMO DE VIA RECTA;IMPRUDENCIA DEL CONDUCTOR;CONDUCCION NO ATENTO CONDICIONES TRANSITO MOMENTO;DIEGO PORTALES;LOS MIMBRES;DIEGO PORTALES - LOS MIMBRES;0;;;UNIDIRECCIONAL;CONCRETO;BUENO;SECO;DESPEJADO;0;0;0;0
-7866416,128;-3970016,641;606;2024;1583898;-33,561078;-70,665218;1;2024/01/04 00:00:00+00;1899/12/30 00:00:00+00;REGION METROPOLITANA;EL BOSQUE;CHOQUE FRENTE/LADO;CHOQUE;URBANA;TRAMO DE VIA RECTA;IMPRUDENCIA DEL CONDUCTOR;CONDUCCION NO ATENTO CONDICIONES TRANSITO MOMENTO;OBSERVATORIO;LOS RAULIES;LOS RAULIES - OBSERVATORIO;0;;;BIDIRECCIONAL;CONCRETO;BUENO;SECO;DESPEJADO;0;0;0;0
-7848908,423;-3943489,627;607;2024;1583902;-33,362278;-70,507944;1;2024/01/05 00:00:00+00;1899/12/30 00:00:00+00;REGION METROPOLITANA;LO BARNECHEA;CHOQUE FRENTE/FRENTE;CHOQUE;URBANA;TRAMO DE VIA CURVA HORIZONTAL;VELOCIDAD IMPRUDENTE;VELOCIDAD NO RAZONABLE NI PRUDENTE;RAUL LABBE;;- RAUL LABBE;13526;;;BIDIRECCIONAL;CONCRETO;BUENO;SECO;DESPEJADO;0;0;0;0