ï»¿X;Y;FID;AÃ±o;IdAccident;Latitud;longitud;ClaseAccid;Fecha;Hora;RegiÃ³n;Comuna;Tipo_Accid;Tipo__CONA;Zona;UbicaciÃ³n;Causa__CON;Causa_Acci;Calle_Uno;Calle_Dos;Intersecci;NÃºmero;Ruta;Ubicaci_1;Calzada;Tipo_Calza;Estado_Cal;CondiciÃ³n;Estado_Atm;Fallecidos;Graves;Menos_Grav;Leves
-7863020,172;-3945121,262;1065;2024;1586368;-33,374519;-70,634712;1;2024/01/14 00:00:00+00;1899/12/30 00:00:00+00;REGION METROPOLITANA;HUECHURABA;COLISION;COLISION;URBANA;TRAMO DE VIA RECTA;IMPRUDENCIA DEL CONDUCTOR;CONDUCCION NO ATENTO CONDICIONES TRANSITO MOMENTO;CAMINO AL BOSQUE DE SANTIAGO;PREMIO NOBEL;CAMINO AL BOSQUE DE SANTIAGO - PREMIO NOBEL;0;;;BIDIRECCIONAL;ASFALTO;BUENO;SECO;DESPEJADO;0;0;1;0
-7865052,977;-3961605,111;1066;2024;1586375;-33,498089;-70,652973;1;2024/01/13 00:00:00+00;1899/12/30 00:00:00+00;REGION METROPOLITANA;SAN MIGUEL;ATROPELLO;ATROPELLO;URBANA;TRAMO DE VIA RECTA;IMPRUDENCIA DEL PEATON;PEATON CRUZA CALZADA FORMA SORPRESIVA O DESCUIDADA;GRAN AVDA JOSE MIGUEL CARRERA;;- GRAN AVDA JOSE MIGUEL CARRERA;4820;;;BIDIRECCIONAL CON BANDEJON;ASFALTO;BUENO;SECO;DESPEJADO;1;0;1;0
-7866866,595;-3955039,306;1067;2024;1586382;-33,44889;-70,669265;1;2024/01/16 00:00:00+00;1899/12/30 00:00:00+00;REGION METROPOLITANA;SANTIAGO;CHOQUE FRENTE/LADO;CHOQUE;URBANA;TRAMO DE VIA RECTA;IMPRUDENCIA DEL CONDUCTOR;CONDUCCION NO ATENTO CONDICIONES TRANSITO MOMENTO;MONEDA;;- MONEDA;1958;;;UNIDIRECCIONAL;ASFALTO;BUENO;SECO;DESPEJADO;0;0;0;0
-7856975,19;-3973352,902;1068;2024;1586384;-33,586048;-70,580409;1;2024/01/22 00:00:00+00;1899/12/30 00:00:00+00;REGION METROPOLITANA;PUENTE ALTO;COLISION LATERAL;COLISION;URBANA;TRAMO DE VIA RECTA;IMPRUDENCIA DEL CONDUCTOR;CONDUCCION NO ATENTO CONDICIONES TRANSITO MOMENTO;CONCHA Y TORO;LUIS MATTE LARRAIN;CONCHA Y TORO - LUIS MATTE LARRAIN;0;;;BIDIRECCIONAL;CONCRETO;BUENO;SECO;DESPEJADO;0;0;0;0
-7865320,775;-3958281,03;1069;2024;1586385;-33,473184;-70,655379;1;2024/01/12 00:00:00+00;1899/12/30 00:00:00+00;REGION METROPOLITANA;SANTIAGO;COLISION POR ALCANCE;COLISION;URBANA;CRUCE CON SENAL PARE;IMPRUDENCIA DEL CONDUCTOR;CONDUCCION NO ATENTO CONDICIONES TRANSITO MOMENTO;VIEL;PEDRO MONTT;PEDRO MONTT - VIEL;0;;;UNIDIRECCIONAL;ASFALTO;BUENO;SECO;DESPEJADO;0;0;0;0
-7863691,763;-3946297,845;1070;2024;1586399;-33,383345;-70,640745;1;2024/01/15 00:00:00+00;1899/12/30 00:00:00+00;REGION METROPOLITANA;HUECHURABA;COLISION;COLISION;URBANA;CRUCE CON SEMAFORO FUNCIONANDO;IMPRUDENCIA DEL CONDUCTOR;CONDUCCION NO ATENTO CONDICIONES TRANSITO MOMENTO;AMERICO VESPUCIO;RECOLETA;AMERICO VESPUCIO - RECOLETA;0;;;BIDIRECCIONAL;ASFALTO;BUENO;SECO;DESPEJADO;0;0;0;2
-7856872,665;-3976232,141;1071;2024;1586401;-33,607592;-70,579488;1;2024/01/22 00:00:00+00;1899/12/30 00:00:00+00;REGION METROPOLITANA;PUENTE ALTO;CHOQUE POSTERIOR;CHOQUE;URBANA;TRAMO DE VIA RECTA;IMPRUDENCIA DEL CONDUCTOR;CONDUCCION NO ATENTO CONDICIONES TRANSITO MOMENTO;TOCORNAL GREZ;GANDARILLAS;GANDARILLAS - TOCORNAL GREZ;0;;;BIDIRECCIONAL;CONCRETO;BUENO;SECO;DESPEJADO;0;0;0;0
-7876586,679;-3963359,462;1072;2024;1586406;-33,51123;-70,756582;1;2024/01/19 00:00:00+00;1899/12/30 00:00:00+00;REGION METROPOLITANA;MAIPU;COLISION LATERAL;COLISION;URBANA;TRAMO DE VIA RECTA;DESOBEDIENCIA A SENALIZACION;SENALIZACION DESOBEDECER OTRA;PADRE HURTADO;;- PADRE HURTADO;9320;;;BIDIRECCIONAL CON BANDEJON;ASFALTO;REGULAR;SECO;DESPEJADO;0;0;0;0
-7867519,483;-3942246,828;1073;2024;1586407;-33,352953;-70,67513;1;2024/01/17 00:00:00+00;1899/12/30 00:00:00+00;REGION METROPOLITANA;HUECHURABA;COLISION;COLISION;URBANA;TRAMO DE VIA RECTA;IMPRUDENCIA DEL CONDUCTOR;CONDUCCION NO ATENTO CONDICIONES TRANSITO MOMENTO;GUANACO NORTE;DEL MANANTIAL;DEL MANANTIAL - GUANACO NORTE;0;;;BIDIRECCIONAL;ASFALTO;BUENO;SECO;DESPEJADO;0;0;0;0
-7867024,557;-3941888,34;1074;2024;1586409;-33,350263;-70,670684;1;2024/01/19 00:00:00+00;1899/12/30 00:00:00+00;REGION METROPOLITANA;HUECHURABA;COLISION;COLISION;URBANA;TRAMO DE VIA RECTA;IMPRUDENCIA DEL CONDUCTOR;CONDUCCION SIN MANTENER DISTANCIA RAZONABLE NI PRUDENTE;PEDRO FONTOVA;MAR MEDITERRANEO;MAR MEDITERRANEO - PEDRO FONTOVA;0;;;BIDIRECCIONAL;ASFALTO;BUENO;SECO;DESPEJADO;0;0;0;0
-7863260,622;-3945086,736;1075;2024;1586410;-33,37426;-70,636872;1;2024/01/20 00:00:00+00;1899/12/30 00:00:00+00;REGION METROPOLITANA;HUECHURABA;COLISION;COLISION;URBANA;TRAMO DE VIA RECTA;IMPRUDENCIA DEL CONDUCTOR;CONDUCCION NO ATENTO CONDICIONES TRANSITO MOMENTO;CAMINO AL BOSQUE DE SANTIAGO;RECOLETA;CAMINO AL BOSQUE DE SANTIAGO - RECOLETA;0;;;UNIDIRECCIONAL;ASFALTO;BUENO;SECO;DESPEJADO;0;0;0;0
-7865919,266;-3954854,126;1076;2024;1586424;-33,447502;-70,660755;1;2024/01/21 00:00:00+00;1899/12/30 00:00:00+00;REGION METROPOLITANA;SANTIAGO;CHOQUE FRONTAL;CHOQUE;URBANA;OTROS NO CONSIDERADOS;ALCOHOL EN CONDUCTOR;CONDUCCION EN ESTADO DE EBRIEDAD;MANUEL RODRIGUEZ;;- MANUEL RODRIGUEZ;39;;;UNIDIRECCIONAL;ASFALTO;BUENO;SECO;DESPEJADO;0;0;0;0
-7867468,61;-3953201,244;1077;2024;1586428;-33,435112;-70,674673;1;2024/01/15 00:00:00+00;1899/12/30 00:00:00+00;REGION METROPOLITANA;SANTIAGO;COLISION PERPENDICULAR;COLISION;URBANA;CRUCE CON SEMAFORO FUNCIONANDO;DESOBEDIENCIA A SENALIZACION;SENALIZACION DESOBEDECER LUZ ROJA DE SEMAFORO;SAN PABLO;LIBERTAD;LIBERTAD - SAN PABLO;0;;;UNIDIRECCIONAL;ASFALTO;BUENO;SECO;DESPEJADO;0;1;0;0
-7863972,617;-3954255,137;1078;2024;1586430;-33,443012;-70,643268;1;2024/01/18 00:00:00+00;1899/12/30 00:00:00+00;REGION METROPOLITANA;SANTIAGO;ATROPELLO;ATROPELLO;URBANA;TRAMO DE VIA RECTA;IMPRUDENCIA DEL PEATON;IMPRUDENCIA DEL PEATON;GUAYAQUIL;CARMEN;CARMEN - GUAYAQUIL;0;;;UNIDIRECCIONAL;ASFALTO;BUENO;SECO;DESPEJADO;0;0;0;2
-7855917,989;-3944978,23;1079;2024;1586431;-33,373446;-70,570912;1;2024/01/12 00:00:00+00;1899/12/30 00:00:00+00;REGION METROPOLITANA;VITACURA;COLISION LATERAL;COLISION;URBANA;TRAMO DE VIA RECTA;IMPRUDENCIA DEL CONDUCTOR;CONDUCCION NO ATENTO CONDICIONES TRANSITO MOMENTO;LUIS PASTEUR;MILLANTU;LUIS PASTEUR - MILLANTU;0;;;BIDIRECCIONAL;ASFALTO;BUENO;SECO;DESPEJADO;0;1;0;0
-7864141,048;-3968904,353;1080;2024;1586433;-33,552751;-70,644781;1;2024/01/18 00:00:00+00;1899/12/30 00:00:00+00;REGION METROPOLITANA;SAN RAMON;COLISION PERPENDICULAR;COLISION;URBANA;TRAMO DE VIA RECTA;IMPRUDENCIA DEL CONDUCTOR;CONDUCCION SIN MANTENER DISTANCIA RAZONABLE NI PRUDENTE;AMERICO VESPUCIO;ALMTE LATORRE;ALMTE LATORRE - AMERICO VESPUCIO;0;;;UNIDIRECCIONAL;ASFALTO;BUENO;SECO;DESPEJADO;0;0;0;1
-7857808,639;-3948429,489;1081;2024;1586434;-33,399333;-70,587896;1;2024/01/13 00:00:00+00;1899/12/30 00:00:00+00;REGION METROPOLITANA;VITACURA;VOLCADURA;VOLCADURA;URBANA;TRAMO DE VIA RECTA;IMPRUDENCIA DEL CONDUCTOR;CONDUCCION NO ATENTO CONDICIONES TRANSITO MOMENTO;AMERICO VESPUCIO NORTE;PDTE KENNEDY;AMERICO VESPUCIO NORTE - PDTE KENNEDY;0;;;BIDIRECCIONAL CON BANDEJON;ASFALTO;BUENO;SECO;DESPEJADO;0;0;0;1
-7856071,832;-3947225,358;1082;2024;1586436;-33,390302;-70,572294;1;2024/01/11 00:00:00+00;1899/12/30 00:00:00+00;REGION METROPOLITANA;VITACURA;COLISION POR ALCANCE;COLISION;URBANA;CRUCE CON SEMAFORO FUNCIONANDO;IMPRUDENCIA DEL CONDUCTOR;CONDUCCION SIN MANTENER DISTANCIA RAZONABLE NI PRUDENTE;VITACURA;;- VITACURA;9323;;;BIDIRECCIONAL CON BANDEJON;ASFALTO;BUENO;SECO;DESPEJADO;0;0;0;0
-7863776,922;-3955088,003;1083;2024;1586438;-33,449255;-70,64151;1;2024/01/17 00:00:00+00;1899/12/30 00:00:00+00;REGION METROPOLITANA;SANTIAGO;CHOQUE FRONTAL;CHOQUE;URBANA;TRAMO DE VIA RECTA;FALLAS MECANICAS;FALLAS MECANICAS NEUMATICOS;CARMEN;;- CARMEN;450;;;UNIDIRECCIONAL;ASFALTO;BUENO;SECO;DESPEJADO;0;2;0;1
-7857522,548;-3948755,776;1084;2024;1586440;-33,40178;-70,585326;1;2024/01/13 00:00:00+00;1899/12/30 00:00:00+00;REGION METROPOLITANA;VITACURA;COLISION POR ALCANCE;COLISION;URBANA;TRAMO DE VIA RECTA;IMPRUDENCIA DEL CONDUCTOR;CONDUCCION SIN MANTENER DISTANCIA RAZONABLE NI PRUDENTE;LAS HUALTATAS;EL TAMARUGO;EL TAMARUGO - LAS HUALTATAS;0;;;BIDIRECCIONAL;ASFALTO;BUENO;SECO;DESPEJADO;0;0;0;0
-7857047,659;-3947559,611;1085;2024;1586443;-33,392809;-70,58106;1;2024/01/15 00:00:00+00;1899/12/30 00:00:00+00;REGION METROPOLITANA;VITACURA;ATROPELLO;ATROPELLO;URBANA;OTROS NO CONSIDERADOS;IMPRUDENCIA DEL CONDUCTOR;NO RESPETAR DERECHO PREFERENTE DE PASO A PEATON;LUIS PASTEUR;LUIS CARRERA;LUIS CARRERA - LUIS PASTEUR;0;;;BIDIRECCIONAL;ASFALTO;BUENO;SECO;DESPEJADO;0;0;0;1
-7858965,916;-3955843,567;1086;2024;1586444;-33,454918;-70,598292;1;2024/01/16 00:00:00+00;1899/12/30 00:00:00+00;REGION METROPOLITANA;NUNOA;COLISION POR ALCANCE;COLISION;URBANA;CRUCE CON SENAL PARE;IMPRUDENCIA DEL CONDUCTOR;CONDUCCION SIN MANTENER DISTANCIA RAZONABLE NI PRUDENTE;COVENTRY;SAN JUAN DE LUZ;COVENTRY - SAN JUAN DE LUZ;0;;;UNIDIRECCIONAL;ASFALTO;BUENO;SECO;DESPEJADO;0;0;0;2
-7927143,761;-3985973,348;1087;2024;1586446;-33,680441;-71,210744;1;2024/01/10 00:00:00+00;1899/12/30 00:00:00+00;REGION METROPOLITANA;MELIPILLA;COLISION POR ALCANCE;COLISION;URBANA;TRAMO DE VIA RECTA;IMPRUDENCIA DEL CONDUCTOR;VIRAJES INDEBIDOS;VICUNA MACKENNA;FUENZALIDA;FUENZALIDA - VICUNA MACKENNA;0;;;BIDIRECCIONAL CON BANDEJON;ASFALTO;BUENO;SECO;DESPEJADO;0;0;0;0
-7856071,832;-3947225,358;1088;2024;1586447;-33,390302;-70,572294;1;2024/01/16 00:00:00+00;1899/12/30 00:00:00+00;REGION METROPOLITANA;VITACURA;COLISION POR ALCANCE;COLISION;URBANA;TRAMO DE VIA RECTA;IMPRUDENCIA DEL CONDUCTOR;CONDUCCION NO ATENTO CONDICIONES TRANSITO MOMENTO;VITACURA;;- VITACURA;10183;;;BIDIRECCIONAL CON BANDEJON;ASFALTO;BUENO;SECO;DESPEJADO;0;1;0;0
-7856154,32;-3945505,844;1089;2024;1586449;-33,377404;-70,573035;1;2024/01/16 00:00:00+00;1899/12/30 00:00:00+00;REGION METROPOLITANA;VITACURA;COLISION POR ALCANCE;COLISION;URBANA;TRAMO DE VIA RECTA;IMPRUDENCIA DEL CONDUCTOR;CONDUCCION SIN MANTENER DISTANCIA RAZONABLE NI PRUDENTE;STA MARIA;;- STA MARIA;6632;;;BIDIRECCIONAL CON BANDEJON;ASFALTO;BUENO;SECO;DESPEJADO;0;0;0;0
-7857815,986;-3948823,115;1090;2024;1586450;-33,402285;-70,587962;1;2024/01/16 00:00:00+00;1899/12/30 00:00:00+00;REGION METROPOLITANA;VITACURA;COLISION POR ALCANCE;COLISION;URBANA;CRUCE CON SENAL PARE;IMPRUDENCIA DEL CONDUCTOR;CONDUCCION SIN MANTENER DISTANCIA RAZONABLE NI PRUDENTE;LAS HUALTATAS;LOS COLIGUES;LAS HUALTATAS - LOS COLIGUES;0;;;UNIDIRECCIONAL;ASFALTO;BUENO;SECO;DESPEJADO;0;0;0;0
-7857678,84;-3948788,579;1091;2024;1586452;-33,402026;-70,58673;1;2024/01/17 00:00:00+00;1899/12/30 00:00:00+00;REGION METROPOLITANA;VITACURA;COLISION PERPENDICULAR;COLISION;URBANA;CRUCE CON SEMAFORO FUNCIONANDO;IMPRUDENCIA DEL CONDUCTOR;CONDUCCION CAMBIAR SORPRESIVAMENTE PISTA CIRCULACION;LAS HUALTATAS;AMERICO VESPUCIO NORTE;AMERICO VESPUCIO NORTE - LAS HUALTATAS;0;;;BIDIRECCIONAL;ASFALTO;BUENO;SECO;DESPEJADO;0;0;0;1
-7927449,11;-3985945,523;1092;2024;1586455;-33,680233;-71,213487;1;2024/01/09 00:00:00+00;1899/12/30 00:00:00+00;REGION METROPOLITANA;MELIPILLA;CHOQUE POSTERIOR/FRENTE;CHOQUE;URBANA;TRAMO DE VIA RECTA;IMPRUDENCIA DEL CONDUCTOR;CONDUCIR VEHICULO EN RETROCESO;SERRANO;VICUNA MACKENNA;SERRANO - VICUNA MACKENNA;0;;;UNIDIRECCIONAL;ASFALTO;BUENO;SECO;DESPEJADO;0;0;0;0
-7858315,588;-3949274,895;1093;2024;1586457;-33,405673;-70,59245;1;2024/01/21 00:00:00+00;1899/12/30 00:00:00+00;REGION METROPOLITANA;VITACURA;CHOQUE LATERAL;CHOQUE;URBANA;TRAMO DE VIA RECTA;IMPRUDENCIA DEL CONDUCTOR;CONDUCCION NO ATENTO CONDICIONES TRANSITO MOMENTO;PDTE KENNEDY;;- PDTE KENNEDY;6400;;;BIDIRECCIONAL CON BANDEJON;ASFALTO;BUENO;SECO;DESPEJADO;0;1;0;0
-7928772,477;-3986928,938;1094;2024;1586466;-33,687584;-71,225375;1;2024/01/08 00:00:00+00;1899/12/30 00:00:00+00;REGION METROPOLITANA;MELIPILLA;COLISION POR ALCANCE;COLISION;URBANA;TRAMO DE VIA RECTA;IMPRUDENCIA DEL CONDUCTOR;CONDUCCION SIN MANTENER DISTANCIA RAZONABLE NI PRUDENTE;LIBERTAD;LAS TORRES;LAS TORRES - LIBERTAD;0;;;BIDIRECCIONAL;ASFALTO;BUENO;SECO;DESPEJADO;0;0;0;0
-7872876,511;-4010854,9;1095;2024;1586470;-33,866236;-70,723253;1;2024/01/13 00:00:00+00;1899/12/30 00:00:00+00;REGION METROPOLITANA;PAINE;CHOQUE FRONTAL;CHOQUE;RURAL;TRAMO DE VIA RECTA;IMPRUDENCIA DEL CONDUCTOR;CONDUCCION NO ATENTO CONDICIONES TRANSITO MOMENTO;CALETERA PONIENTE;;- CALETERA PONIENTE;433;;;BIDIRECCIONAL;ASFALTO;BUENO;SECO;DESPEJADO;0;0;0;1
-7855961,626;-3948212,813;1096;2024;1586472;-33,397708;-70,571304;1;2024/01/23 00:00:00+00;1899/12/30 00:00:00+00;REGION METROPOLITANA;LAS CONDES;COLISION POR ALCANCE;COLISION;URBANA;CRUCE CON SEMAFORO FUNCIONANDO;IMPRUDENCIA DEL CONDUCTOR;CONDUCCION SIN MANTENER DISTANCIA RAZONABLE NI PRUDENTE;MANQUEHUE NORTE;PDTE KENNEDY;MANQUEHUE NORTE - PDTE KENNEDY;0;;;BIDIRECCIONAL CON BANDEJON;ASFALTO;BUENO;SECO;DESPEJADO;0;0;0;0
-7872336,946;-4011656,501;1097;2024;1586473;-33,872215;-70,718406;1;2024/01/13 00:00:00+00;1899/12/30 00:00:00+00;REGION METROPOLITANA;PAINE;CHOQUE FRONTAL;CHOQUE;RURAL;TRAMO DE VIA RECTA;ALCOHOL EN CONDUCTOR;CONDUCCION EN ESTADO DE EBRIEDAD;CAMINO CHADA;;- CAMINO CHADA;92;;;BIDIRECCIONAL;ASFALTO;BUENO;SECO;DESPEJADO;0;0;0;0
-7857051,666;-3947996,409;1098;2024;1586476;-33,396085;-70,581096;1;2024/01/23 00:00:00+00;1899/12/30 00:00:00+00;REGION METROPOLITANA;VITACURA;COLISION PERPENDICULAR;COLISION;URBANA;CRUCE CON SEMAFORO FUNCIONANDO;IMPRUDENCIA DEL CONDUCTOR;CONDUCCION NO ATENTO CONDICIONES TRANSITO MOMENTO;VITACURA;LOS ABETOS;LOS ABETOS - VITACURA;0;;;BIDIRECCIONAL CON BANDEJON;ASFALTO;BUENO;SECO;DESPEJADO;0;0;0;0
-7874300,955;-4011056,803;1099;2024;1586483;-33,867742;-70,736049;1;2024/01/14 00:00:00+00;1899/12/30 00:00:00+00;REGION METROPOLITANA;PAINE;CHOQUE FRONTAL;CHOQUE;RURAL;TRAMO DE VIA RECTA;IMPRUDENCIA DEL CONDUCTOR;CONDUCCION NO ATENTO CONDICIONES TRANSITO MOMENTO;CAMINO CHADA;;- CAMINO CHADA;126;;;BIDIRECCIONAL;ASFALTO;BUENO;SECO;DESPEJADO;0;0;0;0
-7927789,191;-3986404,511;1100;2024;1586487;-33,683664;-71,216542;1;2024/01/05 00:00:00+00;1899/12/30 00:00:00+00;REGION METROPOLITANA;MELIPILLA;COLISION PERPENDICULAR;COLISION;URBANA;CRUCE CON SENAL PARE;DESOBEDIENCIA A SENALIZACION;SENALIZACION DESOBEDECER SENAL PARE;SILVA CHAVEZ;UGALDE;SILVA CHAVEZ - UGALDE;0;;;UNIDIRECCIONAL;ASFALTO;BUENO;SECO;DESPEJADO;0;0;0;0
-7865163,963;-4001845,267;1101;2024;1586489;-33,799006;-70,65397;1;2024/01/17 00:00:00+00;1899/12/30 00:00:00+00;REGION METROPOLITANA;PAINE;IMPACTO CON ANIMAL;OTRO TIPO;RURAL;TRAMO DE VIA RECTA;DEFICIENCIAS VIALES;ANIMALES SUELTOS VIA PUBLICA;CAMINO PADRE HURTADO;;- CAMINO PADRE HURTADO;21500;;;BIDIRECCIONAL;ASFALTO;BUENO;SECO;DESPEJADO;0;1;0;0
-7874726,975;-4003904,676;1102;2024;1586493;-33,814378;-70,739876;1;2024/01/17 00:00:00+00;1899/12/30 00:00:00+00;REGION METROPOLITANA;PAINE;COLISION POR ALCANCE;COLISION;URBANA;TRAMO DE VIA RECTA;IMPRUDENCIA DEL CONDUCTOR;CONDUCCION NO ATENTO CONDICIONES TRANSITO MOMENTO;PRESIDENTE PRIETO;ARRECIFE;ARRECIFE - PRESIDENTE PRIETO;0;;;BIDIRECCIONAL;ASFALTO;BUENO;SECO;DESPEJADO;0;0;0;0
-7872172,193;-3954424,274;1103;2024;1586508;-33,44428;-70,716926;1;2024/01/17 00:00:00+00;1899/12/30 00:00:00+00;REGION METROPOLITANA;LO PRADO;COLISION PERPENDICULAR;COLISION;URBANA;CRUCE CON SENAL PARE;DESOBEDIENCIA A SENALIZACION;SENALIZACION DESOBEDECER SENAL PARE;CATEDRAL;STA OLGA;CATEDRAL - STA OLGA;0;;;BIDIRECCIONAL;ASFALTO;BUENO;SECO;DESPEJADO;0;0;0;0
-7872894,545;-3954414,936;1104;2024;1586510;-33,44421;-70,723415;1;2024/01/18 00:00:00+00;1899/12/30 00:00:00+00;REGION METROPOLITANA;LO PRADO;CHOQUE POSTERIOR/FRENTE;CHOQUE;URBANA;TRAMO DE VIA RECTA;IMPRUDENCIA DEL CONDUCTOR;CONDUCIR VEHICULO EN RETROCESO;ESPANA;;- ESPANA;126;;;BIDIRECCIONAL;ASFALTO;BUENO;SECO;DESPEJADO;0;0;0;0
-7870842,259;-3957117,717;1105;2024;1586517;-33,464467;-70,704979;1;2024/01/22 00:00:00+00;1899/12/30 00:00:00+00;REGION METROPOLITANA;ESTACION CENTRAL;COLISION POR ALCANCE;COLISION;URBANA;TRAMO DE VIA RECTA;IMPRUDENCIA DEL CONDUCTOR;CONDUCCION SIN MANTENER DISTANCIA RAZONABLE NI PRUDENTE;PORTALES;;- PORTALES;3302;;;BIDIRECCIONAL;ASFALTO;BUENO;SECO;DESPEJADO;0;0;0;0
-7875399,345;-3939000,584;1106;2024;1586518;-33,328591;-70,745916;1;2024/01/22 00:00:00+00;1899/12/30 00:00:00+00;REGION METROPOLITANA;LAMPA;COLISION POR ALCANCE;COLISION;URBANA;TRAMO DE VIA RECTA;IMPRUDENCIA DEL CONDUCTOR;CONDUCCION NO ATENTO CONDICIONES TRANSITO MOMENTO;GRAL SAN MARTIN NORTE;RIO CLARO;GRAL SAN MARTIN NORTE - RIO CLARO;0;;;UNIDIRECCIONAL;ASFALTO;BUENO;SECO;DESPEJADO;0;0;0;0
-7872493,351;-3954363,087;1107;2024;1586519;-33,443821;-70,719811;1;2024/01/23 00:00:00+00;1899/12/30 00:00:00+00;REGION METROPOLITANA;LO PRADO;COLISION PERPENDICULAR;COLISION;URBANA;CRUCE CON SEMAFORO FUNCIONANDO;IMPRUDENCIA DEL CONDUCTOR;VIRAJES INDEBIDOS;SAN PABLO;SAN GERMAN;SAN GERMAN - SAN PABLO;0;;;BIDIRECCIONAL;ASFALTO;BUENO;SECO;DESPEJADO;0;0;0;1
-7889259,289;-3932859,296;1108;2024;1586521;-33,282484;-70,870422;1;2024/01/22 00:00:00+00;1899/12/30 00:00:00+00;REGION METROPOLITANA;LAMPA;COLISION POR ALCANCE;COLISION;URBANA;TRAMO DE VIA RECTA;IMPRUDENCIA DEL CONDUCTOR;CONDUCCION NO ATENTO CONDICIONES TRANSITO MOMENTO;PEDRO AGUIRRE CERDA;;- PEDRO AGUIRRE CERDA;1370;;;BIDIRECCIONAL;ASFALTO;BUENO;SECO;DESPEJADO;0;0;0;0
-7870447,52;-3956991,083;1109;2024;1586523;-33,463518;-70,701433;1;2024/01/01 00:00:00+00;1899/12/30 00:00:00+00;REGION METROPOLITANA;ESTACION CENTRAL;CHOQUE POSTERIOR;CHOQUE;URBANA;CRUCE CON SEMAFORO FUNCIONANDO;IMPRUDENCIA DEL CONDUCTOR;CONDUCCION NO ATENTO CONDICIONES TRANSITO MOMENTO;5 DE ABRIL;AEROPUERTO;5 DE ABRIL - AEROPUERTO;0;;;BIDIRECCIONAL;ASFALTO;BUENO;SECO;DESPEJADO;0;0;0;0
-7873639,94;-3954372,778;1110;2024;1586563;-33,443894;-70,730111;1;2024/01/21 00:00:00+00;1899/12/30 00:00:00+00;REGION METROPOLITANA;LO PRADO;CHOQUE LADO/LADO;CHOQUE;URBANA;TRAMO DE VIA RECTA;FALLAS MECANICAS;FALLAS MECANICAS CARROCERIA;LAS AMAPOLAS;;- LAS AMAPOLAS;6676;;;BIDIRECCIONAL;ASFALTO;BUENO;SECO;DESPEJADO;0;0;0;0
-7877449,405;-4009325,859;1111;2024;1586573;-33,85483;-70,764332;1;2024/01/18 00:00:00+00;1899/12/30 00:00:00+00;REGION METROPOLITANA;PAINE;COLISION FRONTAL;COLISION;URBANA;CRUCE CON SENAL PARE;IMPRUDENCIA DEL CONDUCTOR;CONDUCCION NO ATENTO CONDICIONES TRANSITO MOMENTO;DARIO PAVEZ;ENLACE CHAMPA;DARIO PAVEZ - ENLACE CHAMPA;0;;;BIDIRECCIONAL;ASFALTO;BUENO;SECO;DESPEJADO;0;0;0;0
-7884280,08;-3963752,262;1112;2024;1586574;-33,514172;-70,825693;1;2024/01/21 00:00:00+00;1899/12/30 00:00:00+00;REGION METROPOLITANA;MAIPU;CAIDA;CAIDA;RURAL;TRAMO DE VIA RECTA;IMPRUDENCIA DEL PASAJERO;IMPRUDENCIA DEL PASAJERO;CAMINO A RINCONADA;EL SAUCE;CAMINO A RINCONADA - EL SAUCE;0;;;BIDIRECCIONAL;ASFALTO;BUENO;SECO;DESPEJADO;1;0;0;0
-7857955,358;-3962613,153;1113;2024;1586603;-33,50564;-70,589214;1;2024/01/19 00:00:00+00;1899/12/30 00:00:00+00;REGION METROPOLITANA;PENALOLEN;COLISION FRONTAL;COLISION;URBANA;TRAMO DE VIA RECTA;IMPRUDENCIA DEL CONDUCTOR;CONDUCCION NO ATENTO CONDICIONES TRANSITO MOMENTO;AMERICO VESPUCIO;PSJE 330;AMERICO VESPUCIO - PSJE 330;0;;;UNIDIRECCIONAL;CONCRETO;BUENO;SECO;DESPEJADO;0;1;0;0
-7854027,45;-3962862,807;1114;2024;1586606;-33,50751;-70,553929;1;2024/01/19 00:00:00+00;1899/12/30 00:00:00+00;REGION METROPOLITANA;PENALOLEN;COLISION FRONTAL;COLISION;URBANA;TRAMO DE VIA RECTA;IMPRUDENCIA DEL CONDUCTOR;CONDUCIR VEHICULO EN RETROCESO;CONSISTORIAL;QUEB DE MACUL;CONSISTORIAL - QUEB DE MACUL;0;;;BIDIRECCIONAL;CONCRETO;BUENO;SECO;DESPEJADO;0;0;0;1
-7851191,808;-3958030,483;1115;2024;1586609;-33,471307;-70,528456;1;2024/01/19 00:00:00+00;1899/12/30 00:00:00+00;REGION METROPOLITANA;PENALOLEN;CHOQUE FRENTE/LADO;CHOQUE;URBANA;VIA PRIVADA DE USO PUBLICO;IMPRUDENCIA DEL CONDUCTOR;CONDUCCION NO ATENTO CONDICIONES TRANSITO MOMENTO;LAS TORRES;;- LAS TORRES;5490;;;BIDIRECCIONAL;CONCRETO;BUENO;SECO;DESPEJADO;0;0;0;0
-7851172,884;-3959062,236;1116;2024;1586611;-33,479038;-70,528286;1;2024/01/20 00:00:00+00;1899/12/30 00:00:00+00;REGION METROPOLITANA;PENALOLEN;COLISION LATERAL;COLISION;URBANA;CRUCE CON SEMAFORO FUNCIONANDO;IMPRUDENCIA DEL CONDUCTOR;CONDUCCION NO ATENTO CONDICIONES TRANSITO MOMENTO;GRECIA;PABLO NERUDA;GRECIA - PABLO NERUDA;0;;;BIDIRECCIONAL CON BANDEJON;CONCRETO;BUENO;SECO;DESPEJADO;0;0;0;0