ï»¿X;Y;FID;AÃ±o;IdAccident;Latitud;longitud;ClaseAccid;Fecha;Hora;RegiÃ³n;Comuna;Tipo_Accid;Tipo__CONA;Zona;UbicaciÃ³n;Causa__CON;Causa_Acci;Calle_Uno;Calle_Dos;Intersecci;NÃºmero;Ruta;Ubicaci_1;Calzada;Tipo_Calza;Estado_Cal;CondiciÃ³n;Estado_Atm;Fallecidos;Graves;Menos_Grav;Leves
-7869442,75;-3952723,167;2176;2024;1596262;-33,431528;-70,692407;1;2024/02/24 00:00:00+00;1899/12/30 00:00:00+00;REGION METROPOLITANA;QUINTA NORMAL;COLISION POR ALCANCE;COLISION;URBANA;CRUCE CON SEMAFORO FUNCIONANDO;DESOBEDIENCIA A SENALIZACION;SENALIZACION DESOBEDECER LUZ ROJA DE SEMAFORO;SAN PABLO;CRNEL ROBLES;CRNEL ROBLES - SAN PABLO;0;;;BIDIRECCIONAL;MIXTO;REGULAR;SECO;DESPEJADO;0;0;0;0
-7852340,737;-3949118,744;2177;2024;1596263;-33,404502;-70,538777;1;2024/03/09 00:00:00+00;1899/12/30 00:00:00+00;REGION METROPOLITANA;LAS CONDES;COLISION POR ALCANCE;COLISION;URBANA;CRUCE CON SEMAFORO FUNCIONANDO;IMPRUDENCIA DEL CONDUCTOR;CONDUCCION NO ATENTO CONDICIONES TRANSITO MOMENTO;PAUL HARRIS;;- PAUL HARRIS;1529;;;BIDIRECCIONAL;CONCRETO;BUENO;SECO;DESPEJADO;0;0;0;0
-7873877,385;-3942554,416;2178;2024;1596270;-33,355261;-70,732244;1;2024/03/09 00:00:00+00;1899/12/30 00:00:00+00;REGION METROPOLITANA;QUILICURA;COLISION LATERAL;COLISION;URBANA;PASO PARA PEATONES;IMPRUDENCIA DEL CONDUCTOR;CONDUCCION NO ATENTO CONDICIONES TRANSITO MOMENTO;DEL RODEO;LAS TORRES;DEL RODEO - LAS TORRES;0;;;BIDIRECCIONAL CON BANDEJON;ASFALTO;BUENO;SECO;DESPEJADO;0;0;0;0
-7851047,984;-3948884,321;2179;2024;1596271;-33,402744;-70,527164;1;2024/03/11 00:00:00+00;1899/12/30 00:00:00+00;REGION METROPOLITANA;LAS CONDES;COLISION LATERAL;COLISION;URBANA;CRUCE CON SEMAFORO FUNCIONANDO;IMPRUDENCIA DEL CONDUCTOR;CONDUCCION NO ATENTO CONDICIONES TRANSITO MOMENTO;LA PLAZA;CAMINO MIRASOL;CAMINO MIRASOL - LA PLAZA;0;;;BIDIRECCIONAL;CONCRETO;BUENO;SECO;DESPEJADO;0;0;0;0
-7875672,412;-3942824,696;2180;2024;1596291;-33,357289;-70,748369;1;2024/03/06 00:00:00+00;1899/12/30 00:00:00+00;REGION METROPOLITANA;QUILICURA;COLISION LATERAL;COLISION;URBANA;TRAMO DE VIA RECTA;IMPRUDENCIA DEL CONDUCTOR;CONDUCCION NO ATENTO CONDICIONES TRANSITO MOMENTO;STA LAURA;;- STA LAURA;751;;;BIDIRECCIONAL;ASFALTO;BUENO;SECO;DESPEJADO;0;0;0;0
-7862707,476;-3955038,506;2181;2024;1596307;-33,448884;-70,631903;1;2024/03/12 00:00:00+00;1899/12/30 00:00:00+00;REGION METROPOLITANA;SANTIAGO;ATROPELLO;ATROPELLO;URBANA;TRAMO DE VIA RECTA;IMPRUDENCIA DEL PEATON;PEATON CRUZA CALZADA FORMA SORPRESIVA O DESCUIDADA;VICUNA MACKENNA;ARGOMEDO;ARGOMEDO - VICUNA MACKENNA;0;;;BIDIRECCIONAL CON BANDEJON;ASFALTO;BUENO;SECO;DESPEJADO;1;0;0;0
-7882221,782;-3970246,473;2182;2024;1596312;-33,562798;-70,807203;1;2024/02/20 00:00:00+00;1899/12/30 00:00:00+00;REGION METROPOLITANA;PADRE HURTADO;COLISION;COLISION;URBANA;CRUCE CON SEMAFORO FUNCIONANDO;IMPRUDENCIA DEL CONDUCTOR;CONDUCCION NO ATENTO CONDICIONES TRANSITO MOMENTO;CAMINO SAN ALBERTO HURTADO;SANTA LEONOR;CAMINO SAN ALBERTO HURTADO - SANTA LEONOR;0;;;BIDIRECCIONAL CON BANDEJON;ASFALTO;BUENO;SECO;DESPEJADO;0;0;0;0
-7871831,221;-3962609,415;2183;2024;1596317;-33,505612;-70,713863;1;2024/03/12 00:00:00+00;1899/12/30 00:00:00+00;REGION METROPOLITANA;CERRILLOS;CHOQUE FRENTE/POSTERIOR;CHOQUE;URBANA;CRUCE CON SEMAFORO FUNCIONANDO;IMPRUDENCIA DEL CONDUCTOR;CONDUCCION NO ATENTO CONDICIONES TRANSITO MOMENTO;PEDRO AGUIRRE CERDA;EL MIRADOR;EL MIRADOR - PEDRO AGUIRRE CERDA;0;;;BIDIRECCIONAL CON BANDEJON;ASFALTO;BUENO;SECO;DESPEJADO;0;1;0;3
-7860772,409;-3970189,83;2184;2024;1596320;-33,562374;-70,61452;1;2024/03/12 00:00:00+00;1899/12/30 00:00:00+00;REGION METROPOLITANA;LA PINTANA;CAIDA;CAIDA;URBANA;CRUCE CON SENAL PARE;IMPRUDENCIA DEL CONDUCTOR;CONDUCCION NO ATENTO CONDICIONES TRANSITO MOMENTO;LA SERENA;SAN MIGUEL;LA SERENA - SAN MIGUEL;0;;;BIDIRECCIONAL CON BANDEJON;ASFALTO;BUENO;SECO;DESPEJADO;0;0;0;1
-7864967,298;-3970265,887;2185;2024;1596322;-33,562943;-70,652203;1;2024/03/12 00:00:00+00;1899/12/30 00:00:00+00;REGION METROPOLITANA;LA PINTANA;ATROPELLO;ATROPELLO;URBANA;CRUCE SIN SENALIZACION;OTRAS CAUSAS;HECHO DELICTUAL;OBSERVATORIO;LAS AGUILAS;LAS AGUILAS - OBSERVATORIO;0;;;BIDIRECCIONAL CON BANDEJON;ASFALTO;BUENO;SECO;DESPEJADO;0;0;0;1
-7874336,466;-4003066,774;2186;2024;1596328;-33,808124;-70,736368;1;2024/03/05 00:00:00+00;1899/12/30 00:00:00+00;REGION METROPOLITANA;PAINE;COLISION LATERAL;COLISION;URBANA;TRAMO DE VIA RECTA;IMPRUDENCIA DEL CONDUCTOR;CONDUCCION NO ATENTO CONDICIONES TRANSITO MOMENTO;18 DE SEPTIEMBRE;;- 18 DE SEPTIEMBRE;1679;;;BIDIRECCIONAL;ASFALTO;BUENO;SECO;DESPEJADO;0;0;0;0
-7869348,574;-3959785,626;2187;2024;1596333;-33,484458;-70,691561;1;2024/03/13 00:00:00+00;1899/12/30 00:00:00+00;REGION METROPOLITANA;CERRILLOS;CAIDA;CAIDA;URBANA;ZONA DE ESPERA ESPECIAL;IMPRUDENCIA DEL PASAJERO;PASAJERO SUBE O DESCIENDE DE VEHICULO MOVIMIENTO;DEPARTAMENTAL;AVDA 7;AVDA 7 - DEPARTAMENTAL;0;;;BIDIRECCIONAL CON BANDEJON;ASFALTO;BUENO;SECO;DESPEJADO;1;0;0;0
-7867683,568;-3958977,087;2188;2024;1596337;-33,4784;-70,676604;1;2024/03/04 00:00:00+00;1899/12/30 00:00:00+00;REGION METROPOLITANA;PEDRO AGUIRRE CERDA;COLISION POR ALCANCE;COLISION;URBANA;TRAMO DE VIA RECTA;IMPRUDENCIA DEL CONDUCTOR;CONDUCCION SIN MANTENER DISTANCIA RAZONABLE NI PRUDENTE;ALC CARLOS VALDOVINOS;VALENZUELA LLANOS;ALC CARLOS VALDOVINOS - VALENZUELA LLANOS;0;;;BIDIRECCIONAL;ASFALTO;BUENO;SECO;DESPEJADO;0;0;0;0
-7860622,462;-3959617,854;2189;2024;1596339;-33,483201;-70,613173;1;2024/03/12 00:00:00+00;1899/12/30 00:00:00+00;REGION METROPOLITANA;MACUL;ATROPELLO;ATROPELLO;URBANA;CRUCE CON SEMAFORO FUNCIONANDO;IMPRUDENCIA DEL CONDUCTOR;NO RESPETAR DERECHO PREFERENTE DE PASO A PEATON;MARATHON;AYSEN;AYSEN - MARATHON;0;;;BIDIRECCIONAL;CONCRETO;BUENO;SECO;DESPEJADO;0;0;0;1
-7871532,885;-3972132,41;2190;2024;1596345;-33,576914;-70,711183;1;2024/03/03 00:00:00+00;1899/12/30 00:00:00+00;REGION METROPOLITANA;SAN BERNARDO;CHOQUE LATERAL;CHOQUE;URBANA;TRAMO DE VIA RECTA;IMPRUDENCIA DEL CONDUCTOR;CONDUCCION NO ATENTO CONDICIONES TRANSITO MOMENTO;NACIMIENTO;;- NACIMIENTO;1370;;;BIDIRECCIONAL;ASFALTO;BUENO;SECO;DESPEJADO;0;0;0;0
-7870351,785;-3968772,781;2191;2024;1596356;-33,551766;-70,700573;1;2024/03/04 00:00:00+00;1899/12/30 00:00:00+00;REGION METROPOLITANA;SAN BERNARDO;COLISION POR ALCANCE;COLISION;URBANA;CRUCE CON SENAL CEDA EL PASO;IMPRUDENCIA DEL CONDUCTOR;CONDUCCION NO ATENTO CONDICIONES TRANSITO MOMENTO;PDTE JORGE ALESSANDRI RODRIGUEZ;;- PDTE JORGE ALESSANDRI RODRIGUEZ;10800;;;BIDIRECCIONAL;ASFALTO;BUENO;SECO;DESPEJADO;0;0;0;0
-7874566,564;-3938454,08;2192;2024;1596361;-33,324489;-70,738435;1;2024/03/11 00:00:00+00;1899/12/30 00:00:00+00;REGION METROPOLITANA;LAMPA;CHOQUE LATERAL;CHOQUE;URBANA;TRAMO DE VIA RECTA;IMPRUDENCIA DEL CONDUCTOR;CONDUCCION NO ATENTO CONDICIONES TRANSITO MOMENTO;LAS ENCINAS;EL PERAL;EL PERAL - LAS ENCINAS;0;;;BIDIRECCIONAL;ASFALTO;REGULAR;SECO;DESPEJADO;0;0;0;0
-7870983,412;-3961248,426;2193;2024;1596366;-33,495417;-70,706247;1;2024/03/13 00:00:00+00;1899/12/30 00:00:00+00;REGION METROPOLITANA;CERRILLOS;VOLCADURA;VOLCADURA;URBANA;TRAMO DE VIA RECTA;DROGAS Y/O FATIGA EN CONDUCTOR;CONDICIONES FISICAS DEFICIENTES (CANSANCIO, SUENO);PEDRO AGUIRRE CERDA;;- PEDRO AGUIRRE CERDA;6307;;;BIDIRECCIONAL CON BANDEJON;ASFALTO;BUENO;SECO;DESPEJADO;0;0;0;1
-7864622,282;-4004098,016;2194;2024;1596392;-33,815821;-70,649104;1;2024/03/09 00:00:00+00;1899/12/30 00:00:00+00;REGION METROPOLITANA;PAINE;ATROPELLO;ATROPELLO;RURAL;TRAMO DE VIA RECTA;IMPRUDENCIA DEL CONDUCTOR;CONDUCCION NO ATENTO CONDICIONES TRANSITO MOMENTO;CAMINO PADRE HURTADO;18 DE SEPTIEMBRE;18 DE SEPTIEMBRE - CAMINO PADRE HURTADO;0;;;BIDIRECCIONAL;ASFALTO;BUENO;SECO;DESPEJADO;0;0;0;1
-7876444,301;-3952963,804;2195;2024;1596424;-33,433332;-70,755303;1;2024/02/05 00:00:00+00;1899/12/30 00:00:00+00;REGION METROPOLITANA;PUDAHUEL;CHOQUE LADO/FRENTE;CHOQUE;URBANA;OTROS NO CONSIDERADOS;IMPRUDENCIA DEL CONDUCTOR;CONDUCCION NO ATENTO CONDICIONES TRANSITO MOMENTO;DIAG NORTE;;- DIAG NORTE;275;;;UNIDIRECCIONAL;CONCRETO;BUENO;SECO;DESPEJADO;0;0;0;0
-7875276,862;-3954497,675;2196;2024;1596427;-33,44483;-70,744816;1;2024/03/06 00:00:00+00;1899/12/30 00:00:00+00;REGION METROPOLITANA;PUDAHUEL;CAIDA;CAIDA;URBANA;CRUCE CON SEMAFORO FUNCIONANDO;IMPRUDENCIA DEL PASAJERO;IMPRUDENCIA DEL PASAJERO;SAN PABLO;LOS EDILES;LOS EDILES - SAN PABLO;0;;;BIDIRECCIONAL;ASFALTO;REGULAR;SECO;DESPEJADO;0;0;0;1
-7871832,668;-3973717,044;2197;2024;1596429;-33,588773;-70,713876;1;2024/03/04 00:00:00+00;1899/12/30 00:00:00+00;REGION METROPOLITANA;SAN BERNARDO;CHOQUE POSTERIOR/FRENTE;CHOQUE;URBANA;TRAMO DE VIA RECTA;IMPRUDENCIA DEL CONDUCTOR;ADELANTAMIENTO SIN EL ESPACIO O TIEMPO SUFICIENTE;PDTE JORGE ALESSANDRI RODRIGUEZ;;- PDTE JORGE ALESSANDRI RODRIGUEZ;1718;;;UNIDIRECCIONAL;ASFALTO;BUENO;SECO;DESPEJADO;0;0;0;1
-7856441,302;-3975416,034;2198;2024;1596430;-33,601486;-70,575613;1;2024/03/12 00:00:00+00;1899/12/30 00:00:00+00;REGION METROPOLITANA;PUENTE ALTO;COLISION PERPENDICULAR;COLISION;URBANA;TRAMO DE VIA RECTA;IMPRUDENCIA DEL CONDUCTOR;CONDUCCION NO ATENTO CONDICIONES TRANSITO MOMENTO;CONCHA Y TORO;;- CONCHA Y TORO;1149;;;BIDIRECCIONAL;ASFALTO;BUENO;SECO;DESPEJADO;0;0;0;0
-7876759,558;-3956205,156;2199;2024;1596432;-33,457628;-70,758135;1;2024/03/13 00:00:00+00;1899/12/30 00:00:00+00;REGION METROPOLITANA;PUDAHUEL;CHOQUE FRENTE/POSTERIOR;CHOQUE;URBANA;CRUCE CON SEMAFORO FUNCIONANDO;IMPRUDENCIA DEL CONDUCTOR;CONDUCCION NO ATENTO CONDICIONES TRANSITO MOMENTO;SAN PABLO;JAIME GUZMAN ERRAZURIZ;JAIME GUZMAN ERRAZURIZ - SAN PABLO;0;;;BIDIRECCIONAL;ASFALTO;REGULAR;SECO;DESPEJADO;0;0;0;1
-7871406,537;-3961973,288;2200;2024;1596434;-33,500847;-70,710048;1;2024/03/05 00:00:00+00;1899/12/30 00:00:00+00;REGION METROPOLITANA;CERRILLOS;COLISION LATERAL;COLISION;URBANA;TRAMO DE VIA RECTA;IMPRUDENCIA DEL CONDUCTOR;CONDUCCION NO ATENTO CONDICIONES TRANSITO MOMENTO;CALETERA SUR;LO BLANCO;CALETERA SUR - LO BLANCO;0;;;UNIDIRECCIONAL;ASFALTO;BUENO;SECO;DESPEJADO;0;0;0;0
-7876733,509;-3963079,223;2201;2024;1596436;-33,509131;-70,757901;1;2024/02/09 00:00:00+00;1899/12/30 00:00:00+00;REGION METROPOLITANA;MAIPU;CHOQUE POSTERIOR/POSTERIOR;CHOQUE;URBANA;OTROS NO CONSIDERADOS;IMPRUDENCIA DEL CONDUCTOR;CONDUCCION NO ATENTO CONDICIONES TRANSITO MOMENTO;CHACABUCO;;- CHACABUCO;40;;;BIDIRECCIONAL;CONCRETO;BUENO;SECO;DESPEJADO;0;0;0;0
-7857566,519;-3974711,042;2202;2024;1596438;-33,596211;-70,585721;1;2024/03/13 00:00:00+00;1899/12/30 00:00:00+00;REGION METROPOLITANA;PUENTE ALTO;COLISION POR ALCANCE;COLISION;URBANA;TRAMO DE VIA RECTA;IMPRUDENCIA DEL CONDUCTOR;CONDUCCION SIN MANTENER DISTANCIA RAZONABLE NI PRUDENTE;JORGE ROSS OSSA;;- JORGE ROSS OSSA;590;;;BIDIRECCIONAL CON BANDEJON;ASFALTO;BUENO;SECO;DESPEJADO;0;0;0;1
-7853020,342;-3973488,001;2203;2024;1596444;-33,587059;-70,544882;1;2024/03/10 00:00:00+00;1899/12/30 00:00:00+00;REGION METROPOLITANA;PUENTE ALTO;COLISION LATERAL;COLISION;URBANA;TRAMO DE VIA RECTA;IMPRUDENCIA DEL CONDUCTOR;CONDUCCION NO ATENTO CONDICIONES TRANSITO MOMENTO;CAMILO HENRIQUEZ;;- CAMILO HENRIQUEZ;2686;;;BIDIRECCIONAL;CONCRETO;BUENO;SECO;DESPEJADO;0;1;0;0
-7866866,595;-3955039,306;2204;2024;1596446;-33,44889;-70,669265;1;2024/01/17 00:00:00+00;1899/12/30 00:00:00+00;REGION METROPOLITANA;SANTIAGO;CHOQUE LADO/FRENTE;CHOQUE;URBANA;TRAMO DE VIA RECTA;IMPRUDENCIA DEL CONDUCTOR;CONDUCCION NO ATENTO CONDICIONES TRANSITO MOMENTO;LIBER BERNARDO O'HIGGINS;MATUCANA;LIBER BERNARDO O'HIGGINS - MATUCANA;0;;;UNIDIRECCIONAL;ASFALTO;BUENO;SECO;DESPEJADO;0;0;0;0
-7880525,83;-3948692,305;2205;2024;1596450;-33,401304;-70,791968;1;2024/02/07 00:00:00+00;1899/12/30 00:00:00+00;REGION METROPOLITANA;PUDAHUEL;CHOQUE POSTERIOR/LADO;CHOQUE;URBANA;TRAMO DE VIA RECTA;IMPRUDENCIA DEL CONDUCTOR;CONDUCCION NO ATENTO CONDICIONES TRANSITO MOMENTO;ARMANDO CORTINEZ ORIENTE;;- ARMANDO CORTINEZ ORIENTE;0;;;UNIDIRECCIONAL;ASFALTO;BUENO;SECO;DESPEJADO;0;0;0;0
-7856993,446;-3971752,686;2206;2024;1596451;-33,574072;-70,580573;1;2024/03/10 00:00:00+00;1899/12/30 00:00:00+00;REGION METROPOLITANA;PUENTE ALTO;CHOQUE FRONTAL;CHOQUE;URBANA;TRAMO DE VIA RECTA;IMPRUDENCIA DEL CONDUCTOR;CONDUCCION NO ATENTO CONDICIONES TRANSITO MOMENTO;CANAL TRONCAL SAN FRANCISCO;EL LABRADOR;CANAL TRONCAL SAN FRANCISCO - EL LABRADOR;0;;;BIDIRECCIONAL;CONCRETO;BUENO;SECO;DESPEJADO;0;0;0;0
-7874600,85;-3962449,612;2207;2024;1596453;-33,504415;-70,738743;1;2024/02/19 00:00:00+00;1899/12/30 00:00:00+00;REGION METROPOLITANA;MAIPU;COLISION POR ALCANCE;COLISION;URBANA;TRAMO DE VIA RECTA;IMPRUDENCIA DEL CONDUCTOR;CONDUCCION SIN MANTENER DISTANCIA RAZONABLE NI PRUDENTE;CENTRAL GONZALO PEREZ LLONA;LUMEN;CENTRAL GONZALO PEREZ LLONA - LUMEN;0;;;BIDIRECCIONAL;MIXTO;BUENO;SECO;DESPEJADO;0;0;0;0
-7870873,874;-3974782,007;2208;2024;1596456;-33,596742;-70,705263;1;2024/03/06 00:00:00+00;1899/12/30 00:00:00+00;REGION METROPOLITANA;SAN BERNARDO;CHOQUE LATERAL;CHOQUE;URBANA;TRAMO DE VIA RECTA;IMPRUDENCIA DEL CONDUCTOR;ADELANTAMIENTO SIN EL ESPACIO O TIEMPO SUFICIENTE;SAN JOSE;FREIRE;FREIRE - SAN JOSE;0;;;UNIDIRECCIONAL;ASFALTO;BUENO;SECO;DESPEJADO;0;0;0;0
-7864052,438;-3955624,618;2209;2024;1596460;-33,453277;-70,643985;1;2024/01/14 00:00:00+00;1899/12/30 00:00:00+00;REGION METROPOLITANA;SANTIAGO;COLISION POR ALCANCE;COLISION;URBANA;TRAMO DE VIA RECTA;IMPRUDENCIA DEL CONDUCTOR;CONDUCCION SIN MANTENER DISTANCIA RAZONABLE NI PRUDENTE;10 DE JULIO HUAMACHUCO;STA ROSA;10 DE JULIO HUAMACHUCO - STA ROSA;0;;;UNIDIRECCIONAL;ASFALTO;BUENO;SECO;DESPEJADO;0;0;0;0
-7863019,504;-3953481,244;2210;2024;1596461;-33,437211;-70,634706;1;2024/02/22 00:00:00+00;1899/12/30 00:00:00+00;REGION METROPOLITANA;PROVIDENCIA;CHOQUE LATERAL;CHOQUE;URBANA;TRAMO DE VIA RECTA;IMPRUDENCIA DEL CONDUCTOR;CONDUCCION NO ATENTO CONDICIONES TRANSITO MOMENTO;PROVIDENCIA;;- PROVIDENCIA;0;;;UNIDIRECCIONAL;ASFALTO;REGULAR;SECO;DESPEJADO;0;0;0;0
-7873618,79;-3979624,16;2211;2024;1596471;-33,632966;-70,729921;1;2024/03/07 00:00:00+00;1899/12/30 00:00:00+00;REGION METROPOLITANA;SAN BERNARDO;CHOQUE POSTERIOR/FRENTE;CHOQUE;URBANA;CRUCE CON SEMAFORO FUNCIONANDO;ALCOHOL EN CONDUCTOR;CONDUCCION EN ESTADO DE EBRIEDAD;CAMINO CALERA DE TANGO;EL BARRANCON;CAMINO CALERA DE TANGO - EL BARRANCON;0;;;BIDIRECCIONAL;ASFALTO;BUENO;SECO;DESPEJADO;0;0;0;0
-7876880,451;-3958335,956;2212;2024;1596472;-33,473596;-70,759221;1;2024/03/09 00:00:00+00;1899/12/30 00:00:00+00;REGION METROPOLITANA;PUDAHUEL;COLISION LATERAL;COLISION;URBANA;TRAMO DE VIA RECTA;IMPRUDENCIA DEL CONDUCTOR;CONDUCCION NO ATENTO CONDICIONES TRANSITO MOMENTO;AMERICO VESPUCIO;;- AMERICO VESPUCIO;0;;;UNIDIRECCIONAL;ASFALTO;BUENO;SECO;DESPEJADO;0;0;0;0
-7875672,412;-3942824,696;2213;2024;1596477;-33,357289;-70,748369;1;2024/03/06 00:00:00+00;1899/12/30 00:00:00+00;REGION METROPOLITANA;QUILICURA;CHOQUE FRENTE/FRENTE;CHOQUE;URBANA;TRAMO DE VIA RECTA;IMPRUDENCIA DEL CONDUCTOR;CONDUCCION NO ATENTO CONDICIONES TRANSITO MOMENTO;STA LAURA;;- STA LAURA;751;;;UNIDIRECCIONAL;ASFALTO;BUENO;SECO;DESPEJADO;0;0;0;0
-7873112,842;-3979415,589;2214;2024;1596478;-33,631406;-70,725376;1;2024/03/09 00:00:00+00;1899/12/30 00:00:00+00;REGION METROPOLITANA;SAN BERNARDO;CHOQUE LATERAL;CHOQUE;URBANA;TRAMO DE VIA RECTA;IMPRUDENCIA DEL CONDUCTOR;CONDUCCION NO ATENTO CONDICIONES TRANSITO MOMENTO;CAMINO CALERA DE TANGO;CAMINO SAN JOSE DE NOS;CAMINO CALERA DE TANGO - CAMINO SAN JOSE DE NOS;0;;;BIDIRECCIONAL;ASFALTO;MALO;SECO;DESPEJADO;0;0;0;0
-7896687,194;-3986064,85;2215;2024;1596480;-33,681125;-70,937148;1;2024/03/12 00:00:00+00;1899/12/30 00:00:00+00;REGION METROPOLITANA;TALAGANTE;COLISION LATERAL;COLISION;URBANA;ROTONDA;IMPRUDENCIA DEL CONDUCTOR;NO RESPETAR DERECHO PREFERENTE DE PASO A VEHICULO;CALETERA AUTOPISTA DEL SOL;21 DE MAYO;21 DE MAYO - CALETERA AUTOPISTA DEL SOL;0;;;BIDIRECCIONAL;ASFALTO;BUENO;SECO;DESPEJADO;0;0;0;0
-7855915,874;-3977302,683;2216;2024;1596483;-33,615601;-70,570893;1;2024/02/22 00:00:00+00;1899/12/30 00:00:00+00;REGION METROPOLITANA;PUENTE ALTO;COLISION LATERAL;COLISION;URBANA;TRAMO DE VIA RECTA;IMPRUDENCIA DEL CONDUCTOR;CONDUCCION NO ATENTO CONDICIONES TRANSITO MOMENTO;SGTO MENADIER;;- SGTO MENADIER;362;;;BIDIRECCIONAL;CONCRETO;BUENO;SECO;DESPEJADO;0;0;0;0
-7867970,661;-3969798,682;2217;2024;1596484;-33,559446;-70,679183;1;2024/03/08 00:00:00+00;1899/12/30 00:00:00+00;REGION METROPOLITANA;EL BOSQUE;ATROPELLO;ATROPELLO;URBANA;TRAMO DE VIA RECTA;IMPRUDENCIA DEL PEATON;PEATON CRUZA CALZADA FORMA SORPRESIVA O DESCUIDADA;GRAN AVDA JOSE MIGUEL CARRERA;CLODOMIRO FIGUEROA PONCE;CLODOMIRO FIGUEROA PONCE - GRAN AVDA JOSE MIGUEL CARRERA;0;;;BIDIRECCIONAL CON BANDEJON;CONCRETO;BUENO;SECO;DESPEJADO;0;1;0;0
-7906783,315;-3993078,027;2218;2024;1596485;-33,733534;-71,027843;1;2024/03/13 00:00:00+00;1899/12/30 00:00:00+00;REGION METROPOLITANA;ISLA DE MAIPO;COLISION PERPENDICULAR;COLISION;RURAL;TRAMO DE VIA RECTA;IMPRUDENCIA DEL CONDUCTOR;CONDUCCION NO ATENTO CONDICIONES TRANSITO MOMENTO;EL CLAVEL;;- EL CLAVEL;471;;;BIDIRECCIONAL;ASFALTO;BUENO;SECO;DESPEJADO;0;1;0;0
-7857228,553;-3951031,245;2219;2024;1596488;-33,418843;-70,582685;1;2024/03/12 00:00:00+00;1899/12/30 00:00:00+00;REGION METROPOLITANA;LAS CONDES;COLISION POR ALCANCE;COLISION;URBANA;TRAMO DE VIA RECTA;IMPRUDENCIA DEL CONDUCTOR;CONDUCCION SIN MANTENER DISTANCIA RAZONABLE NI PRUDENTE;AMERICO VESPUCIO SUR;PDTE ERRAZURIZ;AMERICO VESPUCIO SUR - PDTE ERRAZURIZ;0;;;BIDIRECCIONAL;CONCRETO;BUENO;SECO;DESPEJADO;0;0;0;0
-7868528,372;-3952921,919;2220;2024;1596493;-33,433018;-70,684193;1;2024/02/25 00:00:00+00;1899/12/30 00:00:00+00;REGION METROPOLITANA;QUINTA NORMAL;COLISION;COLISION;URBANA;TRAMO DE VIA RECTA;ALCOHOL EN CONDUCTOR;CONDUCCION EN ESTADO DE EBRIEDAD;MAPOCHO;;- MAPOCHO;3600;;;BIDIRECCIONAL;CONCRETO;REGULAR;SECO;DESPEJADO;0;1;0;0
-7865202,368;-3952598,715;2221;2024;1596494;-33,430595;-70,654315;1;2024/03/11 00:00:00+00;1899/12/30 00:00:00+00;REGION METROPOLITANA;INDEPENDENCIA;COLISION LATERAL;COLISION;URBANA;CRUCE CON SENAL PARE;IMPRUDENCIA DEL CONDUCTOR;CONDUCCION CAMBIAR SORPRESIVAMENTE PISTA CIRCULACION;GRAL BORGONO;ESCANILLA;ESCANILLA - GRAL BORGONO;0;;;UNIDIRECCIONAL;CONCRETO;BUENO;SECO;DESPEJADO;0;1;0;0
-7858400,97;-3973182,662;2222;2024;1596495;-33,584774;-70,593217;1;2024/03/11 00:00:00+00;1899/12/30 00:00:00+00;REGION METROPOLITANA;PUENTE ALTO;CHOQUE FRENTE/POSTERIOR;CHOQUE;URBANA;TRAMO DE VIA RECTA;IMPRUDENCIA DEL CONDUCTOR;CONDUCCION NO ATENTO CONDICIONES TRANSITO MOMENTO;PADRE HURTADO;SALTO DEL LAJA;PADRE HURTADO - SALTO DEL LAJA;0;;;BIDIRECCIONAL;CONCRETO;BUENO;SECO;DESPEJADO;0;0;0;0
-7864967,298;-3970265,887;2223;2024;1596496;-33,562943;-70,652203;1;2024/03/12 00:00:00+00;1899/12/30 00:00:00+00;REGION METROPOLITANA;LA PINTANA;ATROPELLO;ATROPELLO;URBANA;TRAMO DE VIA RECTA;IMPRUDENCIA DEL CONDUCTOR;NO RESPETAR DERECHO PREFERENTE DE PASO A PEATON;OBSERVATORIO;LAS AGUILAS;LAS AGUILAS - OBSERVATORIO;0;;;BIDIRECCIONAL CON BANDEJON;ASFALTO;REGULAR;SECO;DESPEJADO;0;0;1;0
-7869685,093;-3953822,215;2224;2024;1596500;-33,439767;-70,694584;1;2024/02/25 00:00:00+00;1899/12/30 00:00:00+00;REGION METROPOLITANA;QUINTA NORMAL;COLISION LATERAL;COLISION;URBANA;TRAMO DE VIA RECTA;IMPRUDENCIA DEL CONDUCTOR;ADELANTAMIENTO SIN EL ESPACIO O TIEMPO SUFICIENTE;STO DOMINGO;CRUCHAGA MONTT;CRUCHAGA MONTT - STO DOMINGO;0;;;UNIDIRECCIONAL;ASFALTO;REGULAR;SECO;DESPEJADO;0;0;0;1
-7870108,218;-3974044,046;2225;2024;1596504;-33,59122;-70,698385;1;2024/03/10 00:00:00+00;1899/12/30 00:00:00+00;REGION METROPOLITANA;SAN BERNARDO;ATROPELLO;ATROPELLO;URBANA;CRUCE CON SEMAFORO FUNCIONANDO;IMPRUDENCIA DEL PEATON;PEATON CRUZA CALZADA FORMA SORPRESIVA O DESCUIDADA;COLON SUR;COSTANERA;COLON SUR - COSTANERA;0;;;UNIDIRECCIONAL;ASFALTO;BUENO;CON ACEITE;DESPEJADO;0;0;0;0
-7869284,343;-3953743,107;2226;2024;1596506;-33,439174;-70,690984;1;2024/02/26 00:00:00+00;1899/12/30 00:00:00+00;REGION METROPOLITANA;QUINTA NORMAL;COLISION POR ALCANCE;COLISION;URBANA;TRAMO DE VIA RECTA;IMPRUDENCIA DEL CONDUCTOR;CONDUCCION NO ATENTO CONDICIONES TRANSITO MOMENTO;STO DOMINGO;PATRIA NUEVA;PATRIA NUEVA - STO DOMINGO;0;;;UNIDIRECCIONAL;CONCRETO;BUENO;SECO;DESPEJADO;0;0;0;0