ï»¿X;Y;FID;AÃ±o;IdAccident;Latitud;longitud;ClaseAccid;Fecha;Hora;RegiÃ³n;Comuna;Tipo_Accid;Tipo__CONA;Zona;UbicaciÃ³n;Causa__CON;Causa_Acci;Calle_Uno;Calle_Dos;Intersecci;NÃºmero;Ruta;Ubicaci_1;Calzada;Tipo_Calza;Estado_Cal;CondiciÃ³n;Estado_Atm;Fallecidos;Graves;Menos_Grav;Leves
-7868347,144;-3975862,039;2427;2024;1598822;-33,604823;-70,682565;1;2024/03/20 00:00:00+00;1899/12/30 00:00:00+00;REGION METROPOLITANA;SAN BERNARDO;COLISION LATERAL;COLISION;URBANA;CRUCE CON SEMAFORO FUNCIONANDO;IMPRUDENCIA DEL CONDUCTOR;CONDUCCION NO ATENTO CONDICIONES TRANSITO MOMENTO;PADRE HURTADO;SAN JOSE;PADRE HURTADO - SAN JOSE;0;;;BIDIRECCIONAL CON BANDEJON;ASFALTO;BUENO;SECO;DESPEJADO;0;0;0;0
-7871719,234;-3980323,703;2428;2024;1598823;-33,638198;-70,712857;1;2024/03/21 00:00:00+00;1899/12/30 00:00:00+00;REGION METROPOLITANA;SAN BERNARDO;CHOQUE FRENTE/POSTERIOR;CHOQUE;URBANA;CRUCE CON SEMAFORO FUNCIONANDO;IMPRUDENCIA DEL CONDUCTOR;CONDUCCION NO ATENTO CONDICIONES TRANSITO MOMENTO;PDTE JORGE ALESSANDRI RODRIGUEZ;REGINA GALVEZ;PDTE JORGE ALESSANDRI RODRIGUEZ - REGINA GALVEZ;0;;;BIDIRECCIONAL CON BANDEJON;ASFALTO;BUENO;SECO;DESPEJADO;0;0;0;0
-7868306,957;-3977409,355;2429;2024;1598824;-33,616399;-70,682204;1;2024/03/21 00:00:00+00;1899/12/30 00:00:00+00;REGION METROPOLITANA;SAN BERNARDO;COLISION LATERAL;COLISION;URBANA;CRUCE CON SEMAFORO FUNCIONANDO;IMPRUDENCIA DEL CONDUCTOR;CONDUCCION NO ATENTO CONDICIONES TRANSITO MOMENTO;ALMTE RIVEROS;PADRE HURTADO;ALMTE RIVEROS - PADRE HURTADO;0;;;BIDIRECCIONAL;CONCRETO;REGULAR;SECO;DESPEJADO;0;0;0;0
-7864765,55;-3955435,826;2430;2024;1598825;-33,451862;-70,650391;1;2024/03/23 00:00:00+00;1899/12/30 00:00:00+00;REGION METROPOLITANA;SANTIAGO;COLISION LATERAL;COLISION;URBANA;CRUCE CON SEMAFORO FUNCIONANDO;IMPRUDENCIA DEL CONDUCTOR;CONDUCCION NO ATENTO CONDICIONES TRANSITO MOMENTO;SAN DIEGO;STA ISABEL;SAN DIEGO - STA ISABEL;0;;;UNIDIRECCIONAL;ASFALTO;BUENO;SECO;DESPEJADO;0;0;0;0
-7870865,413;-3977386,23;2431;2024;1598826;-33,616226;-70,705187;1;2024/03/23 00:00:00+00;1899/12/30 00:00:00+00;REGION METROPOLITANA;SAN BERNARDO;COLISION LATERAL;COLISION;URBANA;CRUCE CON SENAL CEDA EL PASO;IMPRUDENCIA DEL CONDUCTOR;VIRAJES INDEBIDOS;GRAL URRUTIA;LAS AGATAS;GRAL URRUTIA - LAS AGATAS;0;;;BIDIRECCIONAL;ASFALTO;BUENO;SECO;DESPEJADO;0;0;0;0
-7866079,9;-3957909,311;2432;2024;1598829;-33,470399;-70,662198;1;2024/03/15 00:00:00+00;1899/12/30 00:00:00+00;REGION METROPOLITANA;SANTIAGO;ATROPELLO;ATROPELLO;URBANA;CRUCE CON SEMAFORO FUNCIONANDO;IMPRUDENCIA DEL CONDUCTOR;CONDUCCION NO ATENTO CONDICIONES TRANSITO MOMENTO;CAP WOOD;GRAL RONDIZZONI;CAP WOOD - GRAL RONDIZZONI;0;;;UNIDIRECCIONAL;CONCRETO;BUENO;SECO;DESPEJADO;0;1;0;0
-7867831,512;-3955503,737;2433;2024;1598835;-33,452371;-70,677933;1;2024/03/16 00:00:00+00;1899/12/30 00:00:00+00;REGION METROPOLITANA;SANTIAGO;COLISION PERPENDICULAR;COLISION;URBANA;CRUCE CON SEMAFORO FUNCIONANDO;IMPRUDENCIA DEL CONDUCTOR;CONDUCCION NO ATENTO CONDICIONES TRANSITO MOMENTO;EXPOSICION;SALVADOR SANFUENTES;EXPOSICION - SALVADOR SANFUENTES;0;;;UNIDIRECCIONAL;CONCRETO;BUENO;SECO;DESPEJADO;0;0;0;0
-7855951,785;-3972943,046;2434;2024;1598841;-33,582981;-70,571216;1;2024/03/23 00:00:00+00;1899/12/30 00:00:00+00;REGION LIB.B.O'HIGGINS;SAN VICENTE;CHOQUE FRONTAL;CHOQUE;URBANA;TRAMO DE VIA RECTA;IMPRUDENCIA DEL CONDUCTOR;CONDUCCION NO ATENTO CONDICIONES TRANSITO MOMENTO;PUENTE ALTO;;- PUENTE ALTO;5;;;BIDIRECCIONAL;CONCRETO;BUENO;SECO;DESPEJADO;0;0;0;0
-7867622,677;-3956793,462;2435;2024;1598847;-33,462037;-70,676057;1;2024/02/21 00:00:00+00;1899/12/30 00:00:00+00;REGION METROPOLITANA;SANTIAGO;COLISION PERPENDICULAR;COLISION;URBANA;CRUCE CON SENAL PARE;IMPRUDENCIA DEL CONDUCTOR;CONDUCCION NO ATENTO CONDICIONES TRANSITO MOMENTO;TUCAPEL;SAN VICENTE;SAN VICENTE - TUCAPEL;0;;;UNIDIRECCIONAL;CONCRETO;BUENO;SECO;DESPEJADO;0;0;0;0
-7866284,839;-3956115,758;2436;2024;1598853;-33,456958;-70,664039;1;2024/03/13 00:00:00+00;1899/12/30 00:00:00+00;REGION METROPOLITANA;SANTIAGO;COLISION PERPENDICULAR;COLISION;URBANA;CRUCE CON SEMAFORO FUNCIONANDO;IMPRUDENCIA DEL CONDUCTOR;CONDUCCION NO ATENTO CONDICIONES TRANSITO MOMENTO;BLANCO ENCALADA;BEAUCHEFF;BEAUCHEFF - BLANCO ENCALADA;0;;;BIDIRECCIONAL;CONCRETO;BUENO;SECO;DESPEJADO;0;0;0;0
-7865681,821;-3955382,458;2437;2024;1598855;-33,451462;-70,658622;1;2024/03/19 00:00:00+00;1899/12/30 00:00:00+00;REGION METROPOLITANA;SANTIAGO;COLISION POR ALCANCE;COLISION;URBANA;ENLACE A NIVEL;IMPRUDENCIA DEL CONDUCTOR;CONDUCCION SIN MANTENER DISTANCIA RAZONABLE NI PRUDENTE;AUTOPISTA CENTRAL;MANUEL RODRIGUEZ;AUTOPISTA CENTRAL - MANUEL RODRIGUEZ;0;;;UNIDIRECCIONAL;CONCRETO;BUENO;SECO;DESPEJADO;0;0;0;0
-7865334,284;-3951439,731;2438;2024;1598875;-33,421906;-70,6555;1;2024/03/18 00:00:00+00;1899/12/30 00:00:00+00;REGION METROPOLITANA;INDEPENDENCIA;COLISION PERPENDICULAR;COLISION;URBANA;CRUCE CON SEMAFORO FUNCIONANDO;DESOBEDIENCIA A SENALIZACION;SENALIZACION DESOBEDECER LUZ ROJA DE SEMAFORO;INDEPENDENCIA;COLON;COLON - INDEPENDENCIA;0;;;BIDIRECCIONAL;CONCRETO;BUENO;SECO;DESPEJADO;0;0;0;0
-7858047,085;-3978731,877;2439;2024;1598881;-33,626292;-70,590038;1;2024/03/17 00:00:00+00;1899/12/30 00:00:00+00;REGION METROPOLITANA;PUENTE ALTO;COLISION PERPENDICULAR;COLISION;URBANA;CRUCE CON SENAL CEDA EL PASO;DESOBEDIENCIA A SENALIZACION;SENALIZACION DESOBEDECER SENAL CEDA EL PASO;EJERCITO LIBERTADOR;LA RECONQUISTA;EJERCITO LIBERTADOR - LA RECONQUISTA;0;;;BIDIRECCIONAL;ASFALTO;BUENO;SECO;DESPEJADO;0;0;0;1
-7861471,384;-3978308,221;2440;2024;1598882;-33,623123;-70,620799;1;2024/03/19 00:00:00+00;1899/12/30 00:00:00+00;REGION METROPOLITANA;PUENTE ALTO;COLISION LATERAL;COLISION;URBANA;TRAMO DE VIA RECTA;IMPRUDENCIA DEL CONDUCTOR;CONDUCCION NO ATENTO CONDICIONES TRANSITO MOMENTO;SGTO MENADIER;CHILOE;CHILOE - SGTO MENADIER;0;;;BIDIRECCIONAL;ASFALTO;BUENO;SECO;DESPEJADO;0;0;0;0
-7860113,732;-3977399,731;2441;2024;1598886;-33,616327;-70,608603;1;2024/03/22 00:00:00+00;1899/12/30 00:00:00+00;REGION METROPOLITANA;PUENTE ALTO;ATROPELLO;ATROPELLO;URBANA;TRAMO DE VIA RECTA;IMPRUDENCIA DEL PEATON;PEATON CRUZA CALZADA FORMA SORPRESIVA O DESCUIDADA;EYZAGUIRRE;SAN GUILLERMO;EYZAGUIRRE - SAN GUILLERMO;0;;;BIDIRECCIONAL;ASFALTO;BUENO;SECO;DESPEJADO;0;0;0;0
-7873870,372;-3942904,395;2442;2024;1598900;-33,357887;-70,732181;1;2024/03/14 00:00:00+00;1899/12/30 00:00:00+00;REGION METROPOLITANA;QUILICURA;COLISION POR ALCANCE;COLISION;URBANA;TRAMO DE VIA RECTA;IMPRUDENCIA DEL CONDUCTOR;CONDUCCION SIN MANTENER DISTANCIA RAZONABLE NI PRUDENTE;LO MARCOLETA;DEL RODEO;DEL RODEO - LO MARCOLETA;0;;;BIDIRECCIONAL CON BANDEJON;ASFALTO;BUENO;SECO;DESPEJADO;0;0;0;0
-7863627,531;-3955870,786;2443;2024;1598919;-33,455122;-70,640168;1;2024/03/17 00:00:00+00;1899/12/30 00:00:00+00;REGION METROPOLITANA;SANTIAGO;COLISION FRONTAL;COLISION;URBANA;CRUCE CON SENAL PARE;IMPRUDENCIA DEL CONDUCTOR;NO RESPETAR DERECHO PREFERENTE DE PASO A VEHICULO;COQUIMBO;CARMEN;CARMEN - COQUIMBO;0;;;UNIDIRECCIONAL;ASFALTO;BUENO;SECO;DESPEJADO;0;1;0;1
-7864688,74;-3959528,164;2444;2024;1598925;-33,482529;-70,649701;1;2024/03/01 00:00:00+00;1899/12/30 00:00:00+00;REGION METROPOLITANA;SAN MIGUEL;COLISION POR ALCANCE;COLISION;URBANA;TRAMO DE VIA RECTA;IMPRUDENCIA DEL CONDUCTOR;CONDUCCION CAMBIAR SORPRESIVAMENTE PISTA CIRCULACION;LLANO SUBERCASEAUX;JOSE JOAQUIN VALLEJOS;JOSE JOAQUIN VALLEJOS - LLANO SUBERCASEAUX;0;;;UNIDIRECCIONAL;ASFALTO;BUENO;SECO;DESPEJADO;0;0;0;0
-7862991,563;-3955402,071;2445;2024;1598930;-33,451609;-70,634455;1;2024/03/02 00:00:00+00;1899/12/30 00:00:00+00;REGION METROPOLITANA;SANTIAGO;COLISION POR ALCANCE;COLISION;URBANA;TRAMO DE VIA RECTA;IMPRUDENCIA DEL CONDUCTOR;CONDUCCION NO ATENTO CONDICIONES TRANSITO MOMENTO;10 DE JULIO HUAMACHUCO;PORTUGAL;10 DE JULIO HUAMACHUCO - PORTUGAL;0;;;UNIDIRECCIONAL;ASFALTO;BUENO;SECO;DESPEJADO;0;0;0;0
-7864026,166;-3958381,998;2446;2024;1598932;-33,473941;-70,643749;1;2024/03/08 00:00:00+00;1899/12/30 00:00:00+00;REGION METROPOLITANA;SANTIAGO;COLISION FRONTAL;COLISION;URBANA;CRUCE CON SENAL PARE;IMPRUDENCIA DEL CONDUCTOR;CONDUCCION NO ATENTO CONDICIONES TRANSITO MOMENTO;BIO BIO;SAN FRANCISCO;BIO BIO - SAN FRANCISCO;0;;;UNIDIRECCIONAL;ASFALTO;BUENO;SECO;DESPEJADO;0;0;0;0
-7863863,64;-3957738,63;2447;2024;1598936;-33,46912;-70,642289;1;2024/03/12 00:00:00+00;1899/12/30 00:00:00+00;REGION METROPOLITANA;SANTIAGO;COLISION POR ALCANCE;COLISION;URBANA;CRUCE CON SEMAFORO FUNCIONANDO;IMPRUDENCIA DEL CONDUCTOR;CONDUCCION CAMBIAR SORPRESIVAMENTE PISTA CIRCULACION;STA ROSA;NUBLE;NUBLE - STA ROSA;0;;;UNIDIRECCIONAL;ASFALTO;BUENO;SECO;DESPEJADO;0;0;0;0
-7872764,524;-3955971,256;2448;2024;1598941;-33,455875;-70,722247;1;2024/03/22 00:00:00+00;1899/12/30 00:00:00+00;REGION METROPOLITANA;LO PRADO;COLISION PERPENDICULAR;COLISION;URBANA;CRUCE CON SENAL CEDA EL PASO;DESOBEDIENCIA A SENALIZACION;SENALIZACION DESOBEDECER SENAL CEDA EL PASO;GRAL OSCAR BONILLA;NEPTUNO;GRAL OSCAR BONILLA - NEPTUNO;0;;;BIDIRECCIONAL CON BANDEJON;ASFALTO;BUENO;SECO;DESPEJADO;0;1;0;0
-7873033,583;-3954616,785;2449;2024;1598945;-33,445723;-70,724664;1;2024/03/23 00:00:00+00;1899/12/30 00:00:00+00;REGION METROPOLITANA;LO PRADO;COLISION POR ALCANCE;COLISION;URBANA;CRUCE CON SENAL CEDA EL PASO;IMPRUDENCIA DEL CONDUCTOR;CONDUCCION NO ATENTO CONDICIONES TRANSITO MOMENTO;LA INDEPENDENCIA;WALDO TAFF;LA INDEPENDENCIA - WALDO TAFF;0;;;BIDIRECCIONAL;ASFALTO;BUENO;SECO;DESPEJADO;0;0;0;0
-7871830,665;-3973486,798;2450;2024;1598947;-33,58705;-70,713858;1;2024/03/12 00:00:00+00;1899/12/30 00:00:00+00;REGION METROPOLITANA;SANTIAGO;COLISION POR ALCANCE;COLISION;URBANA;TUNEL;FALLAS MECANICAS;FALLAS MECANICAS ELECTRICA;PDTE ARTURO ALESSANDRI;BLANCO ENCALADA;BLANCO ENCALADA - PDTE ARTURO ALESSANDRI;0;;;UNIDIRECCIONAL;ASFALTO;BUENO;SECO;DESPEJADO;0;0;0;0
-7872764,524;-3955971,256;2451;2024;1598951;-33,455875;-70,722247;1;2024/03/24 00:00:00+00;1899/12/30 00:00:00+00;REGION METROPOLITANA;LO PRADO;COLISION PERPENDICULAR;COLISION;URBANA;CRUCE CON SENAL CEDA EL PASO;DESOBEDIENCIA A SENALIZACION;SENALIZACION DESOBEDECER SENAL CEDA EL PASO;GRAL OSCAR BONILLA;NEPTUNO;GRAL OSCAR BONILLA - NEPTUNO;0;;;BIDIRECCIONAL;ASFALTO;BUENO;SECO;DESPEJADO;0;0;0;1
-7865289,086;-3948825,649;2452;2024;1598953;-33,402304;-70,655094;1;2024/03/23 00:00:00+00;1899/12/30 00:00:00+00;REGION METROPOLITANA;RECOLETA;COLISION PERPENDICULAR;COLISION;URBANA;CRUCE CON SENAL PARE;IMPRUDENCIA DEL CONDUCTOR;CONDUCIR VEHICULO EN RETROCESO;EL ROBLE;LA QUINTRALA;EL ROBLE - LA QUINTRALA;0;;;UNIDIRECCIONAL;CONCRETO;BUENO;SECO;DESPEJADO;0;0;0;0
-7865231,311;-3957919,319;2453;2024;1598956;-33,470474;-70,654575;1;2024/03/15 00:00:00+00;1899/12/30 00:00:00+00;REGION METROPOLITANA;SANTIAGO;COLISION POR ALCANCE;COLISION;URBANA;TRAMO DE VIA RECTA;IMPRUDENCIA DEL CONDUCTOR;CONDUCCION SIN MANTENER DISTANCIA RAZONABLE NI PRUDENTE;NUBLE;SAN IGNACIO DE LOYOLA;NUBLE - SAN IGNACIO DE LOYOLA;0;;;UNIDIRECCIONAL;ASFALTO;BUENO;SECO;DESPEJADO;0;0;0;0
-7856712,365;-3974944,787;2454;2024;1598966;-33,59796;-70,578048;1;2024/03/22 00:00:00+00;1899/12/30 00:00:00+00;REGION METROPOLITANA;PUENTE ALTO;CHOQUE LADO/FRENTE;CHOQUE;URBANA;CRUCE CON SEMAFORO FUNCIONANDO;IMPRUDENCIA DEL CONDUCTOR;CONDUCCION CAMBIAR SORPRESIVAMENTE PISTA CIRCULACION;CONCHA Y TORO;SAN CARLOS;CONCHA Y TORO - SAN CARLOS;0;;;BIDIRECCIONAL CON BANDEJON;ASFALTO;BUENO;SECO;DESPEJADO;0;0;0;0
-7857389,521;-3975091,131;2455;2024;1598970;-33,599055;-70,584131;1;2024/03/22 00:00:00+00;1899/12/30 00:00:00+00;REGION METROPOLITANA;PUENTE ALTO;ATROPELLO;ATROPELLO;URBANA;CRUCE CON SENAL PARE;IMPRUDENCIA DEL CONDUCTOR;CONDUCCION NO ATENTO CONDICIONES TRANSITO MOMENTO;SAN CARLOS;COQUIMBO;COQUIMBO - SAN CARLOS;0;;;BIDIRECCIONAL CON BANDEJON;ASFALTO;BUENO;SECO;DESPEJADO;0;0;1;0
-7853249,772;-3974739,909;2456;2024;1598989;-33,596427;-70,546943;1;2024/03/22 00:00:00+00;1899/12/30 00:00:00+00;REGION METROPOLITANA;PUENTE ALTO;COLISION POR ALCANCE;COLISION;URBANA;CRUCE CON SENAL PARE;IMPRUDENCIA DEL CONDUCTOR;CONDUCCION CAMBIAR SORPRESIVAMENTE PISTA CIRCULACION;CANAL TRONCAL SAN FRANCISCO;CAMINO REAL;CAMINO REAL - CANAL TRONCAL SAN FRANCISCO;0;;;BIDIRECCIONAL CON BANDEJON;ASFALTO;BUENO;SECO;DESPEJADO;0;0;0;1
-7870523,551;-3943958,527;2457;2024;1598991;-33,365796;-70,702116;1;2024/03/18 00:00:00+00;1899/12/30 00:00:00+00;REGION METROPOLITANA;QUILICURA;COLISION POR ALCANCE;COLISION;URBANA;TRAMO DE VIA RECTA;IMPRUDENCIA DEL CONDUCTOR;CONDUCCION NO ATENTO CONDICIONES TRANSITO MOMENTO;PDTE EDUARDO FREI MONTALVA;MANUEL ANTONIO MATTA;MANUEL ANTONIO MATTA - PDTE EDUARDO FREI MONTALVA;0;;;UNIDIRECCIONAL;ASFALTO;BUENO;SECO;DESPEJADO;0;0;0;1
-7856304,601;-3976872,53;2458;2024;1598994;-33,612383;-70,574385;1;2024/03/23 00:00:00+00;1899/12/30 00:00:00+00;REGION METROPOLITANA;PUENTE ALTO;CHOQUE LADO/FRENTE;CHOQUE;URBANA;CRUCE CON SEMAFORO FUNCIONANDO;IMPRUDENCIA DEL CONDUCTOR;CONDUCCION NO ATENTO CONDICIONES TRANSITO MOMENTO;EYZAGUIRRE;BALMACEDA;BALMACEDA - EYZAGUIRRE;0;;;UNIDIRECCIONAL;ASFALTO;BUENO;SECO;DESPEJADO;0;0;0;0
-7862265,76;-3954659,61;2459;2024;1599015;-33,446044;-70,627935;1;2024/03/15 00:00:00+00;1899/12/30 00:00:00+00;REGION METROPOLITANA;PROVIDENCIA;CHOQUE POSTERIOR;CHOQUE;URBANA;TRAMO DE VIA RECTA;IMPRUDENCIA DEL CONDUCTOR;CONDUCCION NO ATENTO CONDICIONES TRANSITO MOMENTO;STA VICTORIA;;- STA VICTORIA;245;;;UNIDIRECCIONAL;ASFALTO;BUENO;SECO;DESPEJADO;0;0;0;0
-7864031,955;-3958258,819;2460;2024;1599023;-33,473018;-70,643801;1;2024/03/15 00:00:00+00;1899/12/30 00:00:00+00;REGION METROPOLITANA;SANTIAGO;COLISION LATERAL;COLISION;URBANA;CRUCE CON SEMAFORO FUNCIONANDO;IMPRUDENCIA DEL CONDUCTOR;VIRAJES INDEBIDOS;FRANKLIN;SAN FRANCISCO;FRANKLIN - SAN FRANCISCO;0;;;UNIDIRECCIONAL;ASFALTO;BUENO;SECO;DESPEJADO;0;0;0;0
-7864090,175;-3955494,131;2461;2024;1599030;-33,452299;-70,644324;1;2024/03/15 00:00:00+00;1899/12/30 00:00:00+00;REGION METROPOLITANA;SANTIAGO;COLISION POR ALCANCE;COLISION;URBANA;TRAMO DE VIA RECTA;IMPRUDENCIA DEL CONDUCTOR;CONDUCCION SIN MANTENER DISTANCIA RAZONABLE NI PRUDENTE;STA ROSA;;- STA ROSA;629;;;UNIDIRECCIONAL;ASFALTO;BUENO;SECO;DESPEJADO;0;0;0;0
-7863727,162;-3956223,035;2462;2024;1599035;-33,457762;-70,641063;1;2024/03/15 00:00:00+00;1899/12/30 00:00:00+00;REGION METROPOLITANA;SANTIAGO;COLISION FRONTAL;COLISION;URBANA;CRUCE CON SENAL CEDA EL PASO;IMPRUDENCIA DEL CONDUCTOR;CONDUCCION NO ATENTO CONDICIONES TRANSITO MOMENTO;MANUEL ANTONIO MATTA;SAN ISIDRO;MANUEL ANTONIO MATTA - SAN ISIDRO;0;;;UNIDIRECCIONAL;ASFALTO;BUENO;SECO;DESPEJADO;0;0;0;0
-7865036,279;-3955518,28;2463;2024;1599037;-33,45248;-70,652823;1;2024/03/17 00:00:00+00;1899/12/30 00:00:00+00;REGION METROPOLITANA;SANTIAGO;COLISION FRONTAL;COLISION;URBANA;CRUCE CON SEMAFORO FUNCIONANDO;DESOBEDIENCIA A SENALIZACION;SENALIZACION DESOBEDECER LUZ ROJA DE SEMAFORO;STA ISABEL;NATANIEL COX;NATANIEL COX - STA ISABEL;0;;;UNIDIRECCIONAL;ASFALTO;BUENO;SECO;DESPEJADO;0;0;0;0
-7871789,699;-3939862,758;2464;2024;1599043;-33,335062;-70,71349;1;2024/03/17 00:00:00+00;1899/12/30 00:00:00+00;REGION METROPOLITANA;QUILICURA;COLISION LATERAL;COLISION;URBANA;CRUCE CON SENAL CEDA EL PASO;IMPRUDENCIA DEL CONDUCTOR;CONDUCCION CAMBIAR SORPRESIVAMENTE PISTA CIRCULACION;PDTE EDUARDO FREI MONTALVA;;- PDTE EDUARDO FREI MONTALVA;9709;;;UNIDIRECCIONAL;ASFALTO;BUENO;SECO;DESPEJADO;0;0;0;0
-7864828,223;-3953174,699;2465;2024;1599050;-33,434913;-70,650954;1;2024/03/07 00:00:00+00;1899/12/30 00:00:00+00;REGION METROPOLITANA;SANTIAGO;OTRO TIPO;OTRO TIPO;URBANA;CRUCE CON SEMAFORO FUNCIONANDO;IMPRUDENCIA DEL CONDUCTOR;CONDUCCION NO ATENTO CONDICIONES TRANSITO MOMENTO;ROSAS;;- ROSAS;949;;;UNIDIRECCIONAL;ASFALTO;BUENO;SECO;DESPEJADO;0;0;0;2
-7863969,727;-3956311,766;2466;2024;1599051;-33,458427;-70,643242;1;2024/03/14 00:00:00+00;1899/12/30 00:00:00+00;REGION METROPOLITANA;SANTIAGO;COLISION LATERAL;COLISION;URBANA;CRUCE CON SEMAFORO FUNCIONANDO;IMPRUDENCIA DEL CONDUCTOR;CONDUCCION CAMBIAR SORPRESIVAMENTE PISTA CIRCULACION;STA ROSA;MANUEL ANTONIO MATTA;MANUEL ANTONIO MATTA - STA ROSA;0;;;UNIDIRECCIONAL;ASFALTO;BUENO;SECO;DESPEJADO;0;0;0;0
-7865429,46;-3950873,603;2467;2024;1599053;-33,417661;-70,656355;1;2024/03/07 00:00:00+00;1899/12/30 00:00:00+00;REGION METROPOLITANA;INDEPENDENCIA;CAIDA;CAIDA;URBANA;TRAMO DE VIA RECTA;IMPRUDENCIA DEL PASAJERO;IMPRUDENCIA DEL PASAJERO;INDEPENDENCIA;PROFE ALBERTO ZANARTU;INDEPENDENCIA - PROFE ALBERTO ZANARTU;0;;;UNIDIRECCIONAL;ASFALTO;BUENO;SECO;DESPEJADO;0;1;0;0
-7864535,898;-3959140,446;2468;2024;1599054;-33,479624;-70,648328;1;2024/03/19 00:00:00+00;1899/12/30 00:00:00+00;REGION METROPOLITANA;SAN MIGUEL;COLISION LATERAL;COLISION;URBANA;CRUCE CON SEMAFORO FUNCIONANDO;IMPRUDENCIA DEL CONDUCTOR;CONDUCCION SIN MANTENER DISTANCIA RAZONABLE NI PRUDENTE;ALC CARLOS VALDOVINOS;GRAN AVDA JOSE MIGUEL CARRERA;ALC CARLOS VALDOVINOS - GRAN AVDA JOSE MIGUEL CARRERA;0;;;UNIDIRECCIONAL;ASFALTO;BUENO;SECO;DESPEJADO;0;0;0;0
-7864402,204;-3953349,981;2469;2024;1599056;-33,436227;-70,647127;1;2024/03/07 00:00:00+00;1899/12/30 00:00:00+00;REGION METROPOLITANA;SANTIAGO;ATROPELLO;ATROPELLO;URBANA;TRAMO DE VIA RECTA;OTRAS CAUSAS;HECHO DELICTUAL;MAC IVER;;- MAC IVER;549;;;UNIDIRECCIONAL;ASFALTO;BUENO;SECO;DESPEJADO;0;0;0;2
-7856071,832;-3947225,358;2470;2024;1599058;-33,390302;-70,572294;1;2024/03/13 00:00:00+00;1899/12/30 00:00:00+00;REGION METROPOLITANA;VITACURA;COLISION POR ALCANCE;COLISION;URBANA;TRAMO DE VIA RECTA;IMPRUDENCIA DEL CONDUCTOR;CONDUCCION SIN MANTENER DISTANCIA RAZONABLE NI PRUDENTE;VITACURA;;- VITACURA;3787;;;BIDIRECCIONAL CON BANDEJON;ASFALTO;BUENO;SECO;DESPEJADO;0;0;0;2
-7864537,457;-3958611,275;2471;2024;1599062;-33,475659;-70,648342;1;2024/03/02 00:00:00+00;1899/12/30 00:00:00+00;REGION METROPOLITANA;SANTIAGO;ATROPELLO;ATROPELLO;URBANA;TRAMO DE VIA RECTA;IMPRUDENCIA DEL PEATON;IMPRUDENCIA DEL PEATON;PLACER;SAN DIEGO;PLACER - SAN DIEGO;0;;;UNIDIRECCIONAL;ASFALTO;BUENO;SECO;DESPEJADO;0;0;0;2
-7863151,307;-3958035,688;2472;2024;1599066;-33,471346;-70,63589;1;2024/03/03 00:00:00+00;1899/12/30 00:00:00+00;REGION METROPOLITANA;SANTIAGO;COLISION LATERAL;COLISION;URBANA;CRUCE CON SEMAFORO FUNCIONANDO;IMPRUDENCIA DEL PEATON;IMPRUDENCIA DEL PEATON;CARMEN;ARAUCO;ARAUCO - CARMEN;0;;;UNIDIRECCIONAL;ASFALTO;BUENO;SECO;DESPEJADO;0;0;0;1
-7854932,366;-3947680,409;2473;2024;1599067;-33,393715;-70,562058;1;2024/03/12 00:00:00+00;1899/12/30 00:00:00+00;REGION METROPOLITANA;VITACURA;COLISION LATERAL;COLISION;URBANA;CRUCE CON SENAL PARE;DESOBEDIENCIA A SENALIZACION;SENALIZACION DESOBEDECER SENAL PARE;GERONIMO DE ALDERETE;FERNANDO DE ARGUELLO;FERNANDO DE ARGUELLO - GERONIMO DE ALDERETE;0;;;BIDIRECCIONAL;ASFALTO;BUENO;SECO;DESPEJADO;0;0;0;1
-7862265,092;-3948571,364;2474;2024;1599069;-33,400397;-70,627929;1;2024/03/11 00:00:00+00;1899/12/30 00:00:00+00;REGION METROPOLITANA;RECOLETA;COLISION PERPENDICULAR;COLISION;URBANA;TRAMO DE VIA RECTA;IMPRUDENCIA DEL CONDUCTOR;CONDUCCION CAMBIAR SORPRESIVAMENTE PISTA CIRCULACION;LAS TORRES;EL SALTO;EL SALTO - LAS TORRES;0;;;BIDIRECCIONAL CON BANDEJON;ASFALTO;BUENO;SECO;DESPEJADO;0;0;0;0
-7864675,938;-3953594,099;2475;2024;1599073;-33,438057;-70,649586;1;2024/03/07 00:00:00+00;1899/12/30 00:00:00+00;REGION METROPOLITANA;SANTIAGO;OTRO TIPO;OTRO TIPO;URBANA;TRAMO DE VIA RECTA;ALCOHOL EN CONDUCTOR;CONDUCCION EN ESTADO DE EBRIEDAD;MERCED;;- MERCED;867;;;UNIDIRECCIONAL;ASFALTO;BUENO;SECO;DESPEJADO;0;0;0;0
-7863262,737;-3956133,504;2476;2024;1599074;-33,457091;-70,636891;1;2024/03/04 00:00:00+00;1899/12/30 00:00:00+00;REGION METROPOLITANA;SANTIAGO;COLISION LATERAL;COLISION;URBANA;CRUCE CON SEMAFORO FUNCIONANDO;DESOBEDIENCIA A SENALIZACION;SENALIZACION DESOBEDECER LUZ ROJA DE SEMAFORO;MANUEL ANTONIO MATTA;SIERRA BELLA;MANUEL ANTONIO MATTA - SIERRA BELLA;0;;;UNIDIRECCIONAL;ASFALTO;BUENO;SECO;DESPEJADO;0;0;0;1