ï»¿X;Y;FID;AÃ±o;IdAccident;Latitud;longitud;ClaseAccid;Fecha;Hora;RegiÃ³n;Comuna;Tipo_Accid;Tipo__CONA;Zona;UbicaciÃ³n;Causa__CON;Causa_Acci;Calle_Uno;Calle_Dos;Intersecci;NÃºmero;Ruta;Ubicaci_1;Calzada;Tipo_Calza;Estado_Cal;CondiciÃ³n;Estado_Atm;Fallecidos;Graves;Menos_Grav;Leves
-7865206,932;-3956536,866;2477;2024;1599080;-33,460114;-70,654356;1;2024/03/07 00:00:00+00;1899/12/30 00:00:00+00;REGION METROPOLITANA;SANTIAGO;COLISION LATERAL;COLISION;URBANA;CRUCE CON SENAL PARE;IMPRUDENCIA DEL CONDUCTOR;CONDUCCION NO ATENTO CONDICIONES TRANSITO MOMENTO;ALDUNATE;MANUEL ANTONIO MATTA;ALDUNATE - MANUEL ANTONIO MATTA;0;;;UNIDIRECCIONAL;ASFALTO;BUENO;SECO;DESPEJADO;0;0;0;1
-7852082,476;-3946029,75;2478;2024;1599082;-33,381334;-70,536457;1;2024/03/10 00:00:00+00;1899/12/30 00:00:00+00;REGION METROPOLITANA;VITACURA;COLISION LATERAL;COLISION;URBANA;CRUCE CON SEMAFORO FUNCIONANDO;DESOBEDIENCIA A SENALIZACION;SENALIZACION DESOBEDECER LUZ ROJA DE SEMAFORO;TABANCURA;LAS HUALTATAS;LAS HUALTATAS - TABANCURA;0;;;BIDIRECCIONAL CON BANDEJON;ASFALTO;BUENO;SECO;DESPEJADO;0;0;0;0
-7862899,613;-3949347,038;2479;2024;1599085;-33,406214;-70,633629;1;2024/03/08 00:00:00+00;1899/12/30 00:00:00+00;REGION METROPOLITANA;RECOLETA;COLISION POR ALCANCE;COLISION;URBANA;CRUCE CON SEMAFORO FUNCIONANDO;IMPRUDENCIA DEL CONDUCTOR;CONDUCCION SIN MANTENER DISTANCIA RAZONABLE NI PRUDENTE;LA PAZ;STA MARIA;LA PAZ - STA MARIA;0;;;UNIDIRECCIONAL;ASFALTO;BUENO;SECO;DESPEJADO;0;0;0;0
-7863562,298;-3956182,473;2480;2024;1599089;-33,457458;-70,639582;1;2024/03/08 00:00:00+00;1899/12/30 00:00:00+00;REGION METROPOLITANA;SANTIAGO;ATROPELLO;ATROPELLO;URBANA;TRAMO DE VIA RECTA;IMPRUDENCIA DEL PEATON;PEATON CRUZA CAMINO O CARRETERA SIN ADOPTAR PRECAUCIONES;CARMEN;MANUEL ANTONIO MATTA;CARMEN - MANUEL ANTONIO MATTA;0;;;BIDIRECCIONAL;ASFALTO;BUENO;SECO;DESPEJADO;0;0;0;1
-7856071,832;-3947225,358;2481;2024;1599091;-33,390302;-70,572294;1;2024/03/14 00:00:00+00;1899/12/30 00:00:00+00;REGION METROPOLITANA;VITACURA;COLISION PERPENDICULAR;COLISION;URBANA;ROTONDA;IMPRUDENCIA DEL CONDUCTOR;CONDUCCION CAMBIAR SORPRESIVAMENTE PISTA CIRCULACION;IRENE FREI;JUAN XXIII;IRENE FREI - JUAN XXIII;0;;;UNIDIRECCIONAL;ASFALTO;BUENO;SECO;DESPEJADO;0;0;0;0
-7869156,993;-3947171,227;2482;2024;1599094;-33,389896;-70,68984;1;2024/03/08 00:00:00+00;1899/12/30 00:00:00+00;REGION METROPOLITANA;CONCHALI;COLISION LATERAL;COLISION;URBANA;TRAMO DE VIA RECTA;IMPRUDENCIA DEL CONDUCTOR;CONDUCCION NO ATENTO CONDICIONES TRANSITO MOMENTO;PDTE EDUARDO FREI MONTALVA;LOS ZAPADORES;LOS ZAPADORES - PDTE EDUARDO FREI MONTALVA;0;;;BIDIRECCIONAL;CONCRETO;BUENO;SECO;DESPEJADO;0;0;0;0
-7857486,035;-3948232,947;2483;2024;1599095;-33,397859;-70,584998;1;2024/03/14 00:00:00+00;1899/12/30 00:00:00+00;REGION METROPOLITANA;VITACURA;COLISION LATERAL;COLISION;URBANA;TRAMO DE VIA RECTA;IMPRUDENCIA DEL CONDUCTOR;CONDUCCION NO ATENTO CONDICIONES TRANSITO MOMENTO;VITACURA;ARTURO URETA;ARTURO URETA - VITACURA;0;;;BIDIRECCIONAL CON BANDEJON;ASFALTO;BUENO;SECO;DESPEJADO;0;0;0;2
-7863491,833;-3953266,608;2484;2024;1599100;-33,435602;-70,638949;1;2024/03/08 00:00:00+00;1899/12/30 00:00:00+00;REGION METROPOLITANA;SANTIAGO;COLISION LATERAL;COLISION;URBANA;CRUCE CON SEMAFORO FUNCIONANDO;IMPRUDENCIA DEL CONDUCTOR;CONDUCCION NO ATENTO CONDICIONES TRANSITO MOMENTO;PURISIMA;CARD JOSE MARIA CARO;CARD JOSE MARIA CARO - PURISIMA;0;;;UNIDIRECCIONAL;ASFALTO;BUENO;SECO;DESPEJADO;0;0;0;1
-7867183,298;-3956295,755;2485;2024;1599102;-33,458307;-70,67211;1;2024/03/09 00:00:00+00;1899/12/30 00:00:00+00;REGION METROPOLITANA;SANTIAGO;CHOQUE FRENTE/LADO;CHOQUE;URBANA;CRUCE CON SEMAFORO FUNCIONANDO;IMPRUDENCIA DEL CONDUCTOR;CONDUCCION NO ATENTO CONDICIONES TRANSITO MOMENTO;BLANCO ENCALADA;ABATE MOLINA;ABATE MOLINA - BLANCO ENCALADA;0;;;UNIDIRECCIONAL;ASFALTO;BUENO;SECO;DESPEJADO;0;1;0;0
-7864572,522;-3955510,809;2486;2024;1599103;-33,452424;-70,648657;1;2024/03/11 00:00:00+00;1899/12/30 00:00:00+00;REGION METROPOLITANA;SANTIAGO;COLISION PERPENDICULAR;COLISION;URBANA;CRUCE CON SEMAFORO FUNCIONANDO;DESOBEDIENCIA A SENALIZACION;SENALIZACION DESOBEDECER LUZ INTERMITENTE SEMAFORO;ARTURO PRAT;EYZAGUIRRE;ARTURO PRAT - EYZAGUIRRE;0;;;UNIDIRECCIONAL;ASFALTO;BUENO;SECO;DESPEJADO;0;1;0;0
-7863094,756;-3953368,923;2487;2024;1599104;-33,436369;-70,635382;1;2024/03/12 00:00:00+00;1899/12/30 00:00:00+00;REGION METROPOLITANA;SANTIAGO;COLISION LATERAL;COLISION;URBANA;CRUCE CON SEMAFORO FUNCIONANDO;IMPRUDENCIA DEL CONDUCTOR;CONDUCCION CAMBIAR SORPRESIVAMENTE PISTA CIRCULACION;CARD JOSE MARIA CARO;PIO NONO;CARD JOSE MARIA CARO - PIO NONO;0;;;UNIDIRECCIONAL;CONCRETO;BUENO;SECO;DESPEJADO;0;0;0;2
-7863369,381;-3954258,048;2488;2024;1599106;-33,443034;-70,637849;1;2024/03/15 00:00:00+00;1899/12/30 00:00:00+00;REGION METROPOLITANA;SANTIAGO;CHOQUE FRENTE/LADO;CHOQUE;URBANA;CRUCE CON SEMAFORO FUNCIONANDO;IMPRUDENCIA DEL CONDUCTOR;CONDUCCION NO ATENTO CONDICIONES TRANSITO MOMENTO;DIAG PARAGUAY;PORTUGAL;DIAG PARAGUAY - PORTUGAL;0;;;UNIDIRECCIONAL;ASFALTO;BUENO;SECO;DESPEJADO;0;0;0;1
-7865470,314;-3953727,099;2489;2024;1599107;-33,439054;-70,656722;1;2024/03/15 00:00:00+00;1899/12/30 00:00:00+00;REGION METROPOLITANA;SANTIAGO;COLISION PERPENDICULAR;COLISION;URBANA;CRUCE CON SEMAFORO FUNCIONANDO;IMPRUDENCIA DEL CONDUCTOR;VIRAJES INDEBIDOS;AMUNATEGUI;BOMB SALAS;AMUNATEGUI - BOMB SALAS;0;;;UNIDIRECCIONAL;ASFALTO;BUENO;SECO;DESPEJADO;0;0;0;0
-7869813,221;-3972700,015;2490;2024;1599113;-33,581162;-70,695735;1;2024/03/20 00:00:00+00;1899/12/30 00:00:00+00;REGION METROPOLITANA;SAN BERNARDO;COLISION LATERAL;COLISION;URBANA;CRUCE CON SEMAFORO FUNCIONANDO;DESOBEDIENCIA A SENALIZACION;SENALIZACION DESOBEDECER LUZ ROJA DE SEMAFORO;GRAN AVDA JOSE MIGUEL CARRERA;PINTO;GRAN AVDA JOSE MIGUEL CARRERA - PINTO;0;;;BIDIRECCIONAL;ASFALTO;BUENO;SECO;DESPEJADO;0;0;0;0
-7868973,984;-3975212,885;2491;2024;1599114;-33,599966;-70,688196;1;2024/03/25 00:00:00+00;1899/12/30 00:00:00+00;REGION METROPOLITANA;SAN BERNARDO;COLISION LATERAL;COLISION;URBANA;TRAMO DE VIA RECTA;IMPRUDENCIA DEL CONDUCTOR;CONDUCCION NO ATENTO CONDICIONES TRANSITO MOMENTO;MARTIN DE SOLIS;;- MARTIN DE SOLIS;15574;;;BIDIRECCIONAL CON BANDEJON;ASFALTO;BUENO;SECO;DESPEJADO;0;0;0;0
-7871166,199;-3967944,781;2492;2024;1599115;-33,545567;-70,707889;1;2024/03/21 00:00:00+00;1899/12/30 00:00:00+00;REGION METROPOLITANA;SAN BERNARDO;COLISION LATERAL;COLISION;URBANA;CRUCE CON SEMAFORO FUNCIONANDO;DESOBEDIENCIA A SENALIZACION;SENALIZACION DESOBEDECER LUZ ROJA DE SEMAFORO;GRAL VELASQUEZ;PORTALES;GRAL VELASQUEZ - PORTALES;0;;;BIDIRECCIONAL;ASFALTO;BUENO;SECO;DESPEJADO;0;0;0;0
-7871556,93;-3975259,93;2493;2024;1599116;-33,600318;-70,711399;1;2024/03/21 00:00:00+00;1899/12/30 00:00:00+00;REGION METROPOLITANA;SAN BERNARDO;COLISION LATERAL;COLISION;URBANA;CRUCE CON SENAL CEDA EL PASO;IMPRUDENCIA DEL CONDUCTOR;CONDUCCION NO ATENTO CONDICIONES TRANSITO MOMENTO;NOGALES;MAIPU;MAIPU - NOGALES;0;;;UNIDIRECCIONAL;ASFALTO;BUENO;SECO;DESPEJADO;0;0;0;1
-7870185,474;-3973327,246;2494;2024;1599119;-33,585856;-70,699079;1;2024/03/22 00:00:00+00;1899/12/30 00:00:00+00;REGION METROPOLITANA;SAN BERNARDO;COLISION LATERAL;COLISION;URBANA;CRUCE CON SEMAFORO FUNCIONANDO;IMPRUDENCIA DEL CONDUCTOR;CONDUCCION NO ATENTO CONDICIONES TRANSITO MOMENTO;FREIRE;PINTO;FREIRE - PINTO;0;;;BIDIRECCIONAL;ASFALTO;BUENO;SECO;DESPEJADO;0;0;0;0
-7869509,542;-3976892,179;2495;2024;1599121;-33,61253;-70,693007;1;2024/03/22 00:00:00+00;1899/12/30 00:00:00+00;REGION METROPOLITANA;SAN BERNARDO;COLISION POR ALCANCE;COLISION;URBANA;CRUCE CON SENAL CEDA EL PASO;IMPRUDENCIA DEL CONDUCTOR;ADELANTAMIENTO SIN EL ESPACIO O TIEMPO SUFICIENTE;ALMTE RIVEROS;LOS LIGUSTROS;ALMTE RIVEROS - LOS LIGUSTROS;0;;;BIDIRECCIONAL;ASFALTO;BUENO;SECO;DESPEJADO;0;0;0;0
-7871033,06;-3974191,581;2496;2024;1599122;-33,592324;-70,706693;1;2024/03/21 00:00:00+00;1899/12/30 00:00:00+00;REGION METROPOLITANA;SAN BERNARDO;COLISION FRONTAL;COLISION;URBANA;CRUCE CON SENAL PARE;IMPRUDENCIA DEL CONDUCTOR;CONDUCCION NO ATENTO CONDICIONES TRANSITO MOMENTO;URMENETA;ARTURO PRAT;ARTURO PRAT - URMENETA;0;;;UNIDIRECCIONAL;ASFALTO;BUENO;SECO;DESPEJADO;0;0;0;2
-7872195,681;-3976628,587;2497;2024;1599129;-33,610558;-70,717137;1;2024/03/23 00:00:00+00;1899/12/30 00:00:00+00;REGION METROPOLITANA;SAN BERNARDO;CHOQUE POSTERIOR/FRENTE;CHOQUE;RURAL;CRUCE CON SEMAFORO FUNCIONANDO;ALCOHOL EN CONDUCTOR;CONDUCCION EN ESTADO DE EBRIEDAD;EL BARRANCON;;- EL BARRANCON;2253;;;BIDIRECCIONAL;ASFALTO;BUENO;SECO;DESPEJADO;0;0;0;0
-7865316,021;-3951583,599;2498;2024;1599136;-33,422984;-70,655336;1;2024/03/24 00:00:00+00;1899/12/30 00:00:00+00;REGION METROPOLITANA;INDEPENDENCIA;COLISION PERPENDICULAR;COLISION;URBANA;CRUCE CON SEMAFORO FUNCIONANDO;DESOBEDIENCIA A SENALIZACION;SENALIZACION DESOBEDECER LUZ ROJA DE SEMAFORO;INDEPENDENCIA;OLIVOS;INDEPENDENCIA - OLIVOS;0;;;BIDIRECCIONAL;CONCRETO;BUENO;SECO;DESPEJADO;0;0;0;0
-7853306,767;-3971001,292;2499;2024;1599141;-33,568448;-70,547455;1;2024/03/17 00:00:00+00;1899/12/30 00:00:00+00;REGION METROPOLITANA;PUENTE ALTO;COLISION LATERAL;COLISION;URBANA;TRAMO DE VIA RECTA;IMPRUDENCIA DEL CONDUCTOR;CONDUCCION CAMBIAR SORPRESIVAMENTE PISTA CIRCULACION;CERRO GRANITO;EL RONDADERO;CERRO GRANITO - EL RONDADERO;0;;;BIDIRECCIONAL;CONCRETO;BUENO;SECO;DESPEJADO;0;0;0;0
-7870948,346;-3964459,522;2500;2024;1599142;-33,519469;-70,705932;1;2024/03/21 00:00:00+00;1899/12/30 00:00:00+00;REGION METROPOLITANA;CERRILLOS;COLISION LATERAL;COLISION;URBANA;CRUCE CON SENAL CEDA EL PASO;IMPRUDENCIA DEL CONDUCTOR;ADELANTAMIENTO SIN EL ESPACIO O TIEMPO SUFICIENTE;GRAL VELASQUEZ;AMERICO VESPUCIO;AMERICO VESPUCIO - GRAL VELASQUEZ;0;;;BIDIRECCIONAL;ASFALTO;BUENO;SECO;DESPEJADO;0;0;0;0
-7871406,537;-3961973,288;2501;2024;1599144;-33,500847;-70,710048;1;2024/03/21 00:00:00+00;1899/12/30 00:00:00+00;REGION METROPOLITANA;CERRILLOS;CHOQUE FRENTE/POSTERIOR;CHOQUE;URBANA;CRUCE CON SENAL CEDA EL PASO;IMPRUDENCIA DEL CONDUCTOR;CONDUCCION NO ATENTO CONDICIONES TRANSITO MOMENTO;ALASKA;LAS TORRES;ALASKA - LAS TORRES;0;;;BIDIRECCIONAL;ASFALTO;BUENO;SECO;DESPEJADO;0;0;0;0
-7855695,461;-3974335,109;2502;2024;1599148;-33,593398;-70,568913;1;2024/03/19 00:00:00+00;1899/12/30 00:00:00+00;REGION METROPOLITANA;PUENTE ALTO;CHOQUE FRONTAL;CHOQUE;URBANA;TRAMO DE VIA RECTA;IMPRUDENCIA DEL CONDUCTOR;CONDUCCION NO ATENTO CONDICIONES TRANSITO MOMENTO;LAS NIEVES ORIENTE;RIO BIDASOA;LAS NIEVES ORIENTE - RIO BIDASOA;0;;;BIDIRECCIONAL;CONCRETO;BUENO;SECO;DESPEJADO;0;0;0;1
-7871296,331;-3960847,036;2503;2024;1599152;-33,49241;-70,709058;1;2024/03/21 00:00:00+00;1899/12/30 00:00:00+00;REGION METROPOLITANA;CERRILLOS;CHOQUE FRENTE/POSTERIOR;CHOQUE;URBANA;TRAMO DE VIA RECTA;IMPRUDENCIA DEL CONDUCTOR;CONDUCCION NO ATENTO CONDICIONES TRANSITO MOMENTO;LOS CASTANOS;;- LOS CASTANOS;6085;;;BIDIRECCIONAL;ASFALTO;BUENO;SECO;DESPEJADO;0;0;0;1
-7867869,361;-3942518,966;2504;2024;1599156;-33,354995;-70,678273;1;2024/02/03 00:00:00+00;1899/12/30 00:00:00+00;REGION METROPOLITANA;HUECHURABA;ATROPELLO;ATROPELLO;URBANA;TRAMO DE VIA RECTA;IMPRUDENCIA DEL CONDUCTOR;CONDUCCION NO ATENTO CONDICIONES TRANSITO MOMENTO;LOS SALESIANOS;LAS CARMELITAS;LAS CARMELITAS - LOS SALESIANOS;0;;;BIDIRECCIONAL;ASFALTO;BUENO;SECO;DESPEJADO;0;0;0;0
-7860537,636;-3951723,189;2505;2024;1599160;-33,424031;-70,612411;1;2024/03/20 00:00:00+00;1899/12/30 00:00:00+00;REGION METROPOLITANA;PROVIDENCIA;ATROPELLO;ATROPELLO;URBANA;TRAMO DE VIA RECTA;IMPRUDENCIA DEL CONDUCTOR;CONDUCCION NO ATENTO CONDICIONES TRANSITO MOMENTO;PEDRO DE VALDIVIA;;- PEDRO DE VALDIVIA;27;;;BIDIRECCIONAL;MIXTO;REGULAR;SECO;DESPEJADO;0;1;0;1
-7862097,445;-3953011,958;2506;2024;1599161;-33,433693;-70,626423;1;2024/03/07 00:00:00+00;1899/12/30 00:00:00+00;REGION METROPOLITANA;PROVIDENCIA;CAIDA;CAIDA;URBANA;TRAMO DE VIA RECTA;IMPRUDENCIA DEL CONDUCTOR;CONDUCCION NO ATENTO CONDICIONES TRANSITO MOMENTO;SALVADOR;PROVIDENCIA;PROVIDENCIA - SALVADOR;0;;;UNIDIRECCIONAL;ASFALTO;REGULAR;SECO;DESPEJADO;0;0;0;0
-7862529,921;-3954801,428;2507;2024;1599162;-33,447107;-70,630308;1;2024/03/21 00:00:00+00;1899/12/30 00:00:00+00;REGION METROPOLITANA;PROVIDENCIA;CAIDA;CAIDA;URBANA;TRAMO DE VIA RECTA;IMPRUDENCIA DEL PASAJERO;IMPRUDENCIA DEL PASAJERO;GRAL BUSTAMANTE;STA ISABEL;GRAL BUSTAMANTE - STA ISABEL;0;;;UNIDIRECCIONAL;ASFALTO;REGULAR;SECO;DESPEJADO;0;1;0;0
-7862187,614;-3954423,073;2508;2024;1599166;-33,444271;-70,627233;1;2024/03/22 00:00:00+00;1899/12/30 00:00:00+00;REGION METROPOLITANA;PROVIDENCIA;OTRO TIPO;OTRO TIPO;URBANA;TRAMO DE VIA RECTA;IMPRUDENCIA DEL CONDUCTOR;CONDUCCION NO ATENTO CONDICIONES TRANSITO MOMENTO;MARIN;;- MARIN;363;;;UNIDIRECCIONAL;ASFALTO;REGULAR;SECO;DESPEJADO;0;0;0;2
-7870948,346;-3964459,522;2509;2024;1599167;-33,519469;-70,705932;1;2024/03/21 00:00:00+00;1899/12/30 00:00:00+00;REGION METROPOLITANA;CERRILLOS;CHOQUE FRENTE/POSTERIOR;CHOQUE;URBANA;CRUCE CON SENAL CEDA EL PASO;OTRAS CAUSAS;HECHO DELICTUAL;AMERICO VESPUCIO;GRAL VELASQUEZ;AMERICO VESPUCIO - GRAL VELASQUEZ;0;;;BIDIRECCIONAL;ASFALTO;BUENO;SECO;DESPEJADO;0;0;0;0
-7859105,177;-3953048,508;2510;2024;1599168;-33,433967;-70,599543;1;2024/03/12 00:00:00+00;1899/12/30 00:00:00+00;REGION METROPOLITANA;PROVIDENCIA;COLISION LATERAL;COLISION;URBANA;OTROS NO CONSIDERADOS;IMPRUDENCIA DEL CONDUCTOR;CONDUCCION NO ATENTO CONDICIONES TRANSITO MOMENTO;POCURO;DIEGO DE ALMAGRO;DIEGO DE ALMAGRO - POCURO;0;;;BIDIRECCIONAL;ASFALTO;REGULAR;SECO;DESPEJADO;0;0;1;1
-7862630,888;-3953336,908;2511;2024;1599177;-33,436129;-70,631215;1;2024/03/03 00:00:00+00;1899/12/30 00:00:00+00;REGION METROPOLITANA;PROVIDENCIA;CHOQUE POSTERIOR/POSTERIOR;CHOQUE;URBANA;CRUCE CON SEMAFORO FUNCIONANDO;IMPRUDENCIA DEL CONDUCTOR;CONDUCCION NO ATENTO CONDICIONES TRANSITO MOMENTO;SEMINARIO;PROVIDENCIA;PROVIDENCIA - SEMINARIO;0;;;BIDIRECCIONAL;ASFALTO;BUENO;SECO;DESPEJADO;0;0;0;0
-7861240,062;-3952686,084;2512;2024;1599178;-33,43125;-70,618721;1;2024/03/05 00:00:00+00;1899/12/30 00:00:00+00;REGION METROPOLITANA;PROVIDENCIA;ATROPELLO;ATROPELLO;URBANA;CRUCE CON SEMAFORO FUNCIONANDO;IMPRUDENCIA DEL CONDUCTOR;CONDUCCION NO ATENTO CONDICIONES TRANSITO MOMENTO;GRANADEROS;MANUEL MONTT;GRANADEROS - MANUEL MONTT;0;;;UNIDIRECCIONAL;ASFALTO;REGULAR;SECO;DESPEJADO;0;0;0;1
-7860057,849;-3951285,317;2513;2024;1599180;-33,420748;-70,608101;1;2024/03/01 00:00:00+00;1899/12/30 00:00:00+00;REGION METROPOLITANA;PROVIDENCIA;CAIDA;CAIDA;URBANA;CRUCE CON SEMAFORO FUNCIONANDO;IMPRUDENCIA DEL CONDUCTOR;CONDUCCION NO ATENTO CONDICIONES TRANSITO MOMENTO;SUECIA;PROVIDENCIA;PROVIDENCIA - SUECIA;0;;;UNIDIRECCIONAL;ASFALTO;BUENO;SECO;DESPEJADO;0;0;0;1
-7861958,963;-3954680,422;2514;2024;1599184;-33,4462;-70,625179;1;2024/03/14 00:00:00+00;1899/12/30 00:00:00+00;REGION METROPOLITANA;PROVIDENCIA;COLISION POR ALCANCE;COLISION;URBANA;CRUCE CON SEMAFORO FUNCIONANDO;IMPRUDENCIA DEL CONDUCTOR;CONDUCCION SIN MANTENER DISTANCIA RAZONABLE NI PRUDENTE;STA ISABEL;ITALIA;ITALIA - STA ISABEL;0;;;UNIDIRECCIONAL;ASFALTO;REGULAR;SECO;DESPEJADO;0;0;0;1
-7869540,266;-3959477,446;2515;2024;1599186;-33,482149;-70,693283;1;2024/03/22 00:00:00+00;1899/12/30 00:00:00+00;REGION METROPOLITANA;CERRILLOS;ATROPELLO;ATROPELLO;URBANA;CRUCE CON SEMAFORO FUNCIONANDO;IMPRUDENCIA DEL CONDUCTOR;CONDUCCION NO ATENTO CONDICIONES TRANSITO MOMENTO;AVDA 7;BUZETA;AVDA 7 - BUZETA;0;;;BIDIRECCIONAL;ASFALTO;BUENO;SECO;DESPEJADO;0;0;0;1
-7874655,508;-3944052,762;2516;2024;1599188;-33,366503;-70,739234;1;2024/03/15 00:00:00+00;1899/12/30 00:00:00+00;REGION METROPOLITANA;QUILICURA;CHOQUE FRONTAL;CHOQUE;URBANA;TRAMO DE VIA RECTA;ALCOHOL EN CONDUCTOR;CONDUCCION EN ESTADO DE EBRIEDAD;SAN LUIS;LUIS ZEGERS;LUIS ZEGERS - SAN LUIS;0;;;BIDIRECCIONAL;ASFALTO;REGULAR;SECO;DESPEJADO;0;0;0;1
-7853768,409;-3972430,239;2517;2024;1599189;-33,579143;-70,551602;1;2024/03/18 00:00:00+00;1899/12/30 00:00:00+00;REGION METROPOLITANA;PUENTE ALTO;COLISION LATERAL;COLISION;URBANA;TRAMO DE VIA RECTA;IMPRUDENCIA DEL CONDUCTOR;CONDUCCION NO ATENTO CONDICIONES TRANSITO MOMENTO;EL PENON;CAMILO HENRIQUEZ;CAMILO HENRIQUEZ - EL PENON;0;;;BIDIRECCIONAL;CONCRETO;BUENO;SECO;DESPEJADO;0;0;0;1
-7860305,09;-3951134,207;2518;2024;1599191;-33,419615;-70,610322;1;2024/03/15 00:00:00+00;1899/12/30 00:00:00+00;REGION METROPOLITANA;PROVIDENCIA;COLISION FRONTAL;COLISION;URBANA;TRAMO DE VIA RECTA;IMPRUDENCIA DEL CONDUCTOR;VIRAJES INDEBIDOS;ANDRES BELLO;STA MAGDALENA;ANDRES BELLO - STA MAGDALENA;0;;;UNIDIRECCIONAL;ASFALTO;BUENO;SECO;DESPEJADO;0;0;0;1
-7872182,879;-3961648,897;2519;2024;1599193;-33,498417;-70,717022;1;2024/03/22 00:00:00+00;1899/12/30 00:00:00+00;REGION METROPOLITANA;CERRILLOS;CHOQUE FRENTE/POSTERIOR;CHOQUE;URBANA;TRAMO DE VIA RECTA;IMPRUDENCIA DEL CONDUCTOR;CONDUCCION NO ATENTO CONDICIONES TRANSITO MOMENTO;LO ERRAZURIZ;;- LO ERRAZURIZ;648;;;BIDIRECCIONAL;ASFALTO;BUENO;SECO;DESPEJADO;0;0;0;1
-7860795,23;-3951931,527;2520;2024;1599194;-33,425593;-70,614725;1;2024/03/18 00:00:00+00;1899/12/30 00:00:00+00;REGION METROPOLITANA;PROVIDENCIA;COLISION LATERAL;COLISION;URBANA;TRAMO DE VIA RECTA;IMPRUDENCIA DEL CONDUCTOR;CONDUCCION CAMBIAR SORPRESIVAMENTE PISTA CIRCULACION;PROVIDENCIA;LA CONCEPCION;LA CONCEPCION - PROVIDENCIA;0;;;UNIDIRECCIONAL;ASFALTO;REGULAR;SECO;DESPEJADO;0;0;0;1
-7862529,921;-3954801,428;2521;2024;1599197;-33,447107;-70,630308;1;2024/03/20 00:00:00+00;1899/12/30 00:00:00+00;REGION METROPOLITANA;PROVIDENCIA;COLISION FRONTAL;COLISION;URBANA;CRUCE CON SEMAFORO FUNCIONANDO;DESOBEDIENCIA A SENALIZACION;SENALIZACION DESOBEDECER LUZ ROJA DE SEMAFORO;GRAL BUSTAMANTE;STA ISABEL;GRAL BUSTAMANTE - STA ISABEL;0;;;UNIDIRECCIONAL;ASFALTO;BUENO;SECO;DESPEJADO;0;0;0;1
-7871742,5;-3961860,084;2522;2024;1599198;-33,499999;-70,713066;1;2024/03/22 00:00:00+00;1899/12/30 00:00:00+00;REGION METROPOLITANA;CERRILLOS;CHOQUE FRENTE/LADO;CHOQUE;URBANA;TRAMO DE VIA RECTA;IMPRUDENCIA DEL CONDUCTOR;CONDUCCION CAMBIAR SORPRESIVAMENTE PISTA CIRCULACION;PEDRO AGUIRRE CERDA;;- PEDRO AGUIRRE CERDA;6655;;;BIDIRECCIONAL CON BANDEJON;ASFALTO;BUENO;SECO;DESPEJADO;0;0;0;0
-7861734,877;-3952380,894;2523;2024;1599204;-33,428962;-70,623166;1;2024/03/21 00:00:00+00;1899/12/30 00:00:00+00;REGION METROPOLITANA;PROVIDENCIA;COLISION LATERAL;COLISION;URBANA;TRAMO DE VIA RECTA;IMPRUDENCIA DEL CONDUCTOR;CONDUCCION CAMBIAR SORPRESIVAMENTE PISTA CIRCULACION;ANDRES BELLO;PEREZ VALENZUELA;ANDRES BELLO - PEREZ VALENZUELA;0;;;UNIDIRECCIONAL;ASFALTO;BUENO;SECO;DESPEJADO;0;0;0;1
-7860208,576;-3952711,829;2524;2024;1599207;-33,431443;-70,609455;1;2024/03/21 00:00:00+00;1899/12/30 00:00:00+00;REGION METROPOLITANA;PROVIDENCIA;COLISION POR ALCANCE;COLISION;URBANA;TUNEL;IMPRUDENCIA DEL CONDUCTOR;ADELANTAMIENTO SIN EL ESPACIO O TIEMPO SUFICIENTE;COST NORTE;;- COST NORTE;1377;;;UNIDIRECCIONAL;ASFALTO;BUENO;HUMEDO;DESPEJADO;0;0;0;0
-7860037,255;-3951545,664;2525;2024;1599208;-33,4227;-70,607916;1;2024/03/23 00:00:00+00;1899/12/30 00:00:00+00;REGION METROPOLITANA;PROVIDENCIA;ATROPELLO;ATROPELLO;URBANA;TRAMO DE VIA RECTA;IMPRUDENCIA DEL CONDUCTOR;CONDUCCION NO ATENTO CONDICIONES TRANSITO MOMENTO;COYANCURA;LAS BELLOTAS;COYANCURA - LAS BELLOTAS;0;;;UNIDIRECCIONAL;ASFALTO;BUENO;SECO;DESPEJADO;0;0;0;1
-7861093,12;-3952952,599;2526;2024;1599212;-33,433248;-70,617401;1;2024/03/19 00:00:00+00;1899/12/30 00:00:00+00;REGION METROPOLITANA;PROVIDENCIA;CHOQUE POSTERIOR/POSTERIOR;CHOQUE;URBANA;CRUCE CON SEMAFORO FUNCIONANDO;IMPRUDENCIA DEL CONDUCTOR;CONDUCCION NO ATENTO CONDICIONES TRANSITO MOMENTO;MANUEL MONTT;ELIODORO YANEZ;ELIODORO YANEZ - MANUEL MONTT;0;;;UNIDIRECCIONAL;ASFALTO;REGULAR;SECO;DESPEJADO;0;0;0;0