ï»¿X;Y;FID;AÃ±o;IdAccident;Latitud;longitud;ClaseAccid;Fecha;Hora;RegiÃ³n;Comuna;Tipo_Accid;Tipo__CONA;Zona;UbicaciÃ³n;Causa__CON;Causa_Acci;Calle_Uno;Calle_Dos;Intersecci;NÃºmero;Ruta;Ubicaci_1;Calzada;Tipo_Calza;Estado_Cal;CondiciÃ³n;Estado_Atm;Fallecidos;Graves;Menos_Grav;Leves
-7868183,504;-3975053,175;2932;2024;1597778;-33,598771;-70,681095;1;2024/03/01 00:00:00+00;1899/12/30 00:00:00+00;REGION METROPOLITANA;SAN BERNARDO;CHOQUE LATERAL;CHOQUE;URBANA;CRUCE CON SEMAFORO FUNCIONANDO;DEFICIENCIAS VIALES;ANIMALES SUELTOS VIA PUBLICA;PADRE HURTADO;CONDELL;CONDELL - PADRE HURTADO;0;;;BIDIRECCIONAL CON BANDEJON;CONCRETO;BUENO;SECO;DESPEJADO;0;0;1;0
-7857350,559;-3949119,144;2933;2024;1597781;-33,404505;-70,583781;1;2024/02/09 00:00:00+00;1899/12/30 00:00:00+00;REGION METROPOLITANA;LAS CONDES;OTRO TIPO;OTRO TIPO;URBANA;CRUCE CON SEMAFORO FUNCIONANDO;ALCOHOL EN CONDUCTOR;CONDUCCION EN ESTADO DE EBRIEDAD;ALONSO DE CORDOVA;PDTE KENNEDY;ALONSO DE CORDOVA - PDTE KENNEDY;0;;;BIDIRECCIONAL CON BANDEJON;ASFALTO;BUENO;SECO;DESPEJADO;0;0;0;0
-7868549,523;-3971195,95;2934;2024;1597782;-33,569905;-70,684383;1;2024/03/02 00:00:00+00;1899/12/30 00:00:00+00;REGION METROPOLITANA;EL BOSQUE;CHOQUE LADO/LADO;CHOQUE;URBANA;CRUCE CON SENAL CEDA EL PASO;IMPRUDENCIA DEL CONDUCTOR;CONDUCCION NO ATENTO CONDICIONES TRANSITO MOMENTO;OBSERVATORIO;LOS ALMENDROS;LOS ALMENDROS - OBSERVATORIO;0;;;BIDIRECCIONAL CON BANDEJON;CONCRETO;BUENO;SECO;DESPEJADO;0;0;0;1
-7868723,404;-3972851,675;2935;2024;1597784;-33,582297;-70,685945;1;2024/03/02 00:00:00+00;1899/12/30 00:00:00+00;REGION METROPOLITANA;SAN BERNARDO;COLISION PERPENDICULAR;COLISION;URBANA;CRUCE CON SENAL PARE;IMPRUDENCIA DEL CONDUCTOR;CONDUCCION NO ATENTO CONDICIONES TRANSITO MOMENTO;CALDERON DE LA BARCA;MARMOLEJO;CALDERON DE LA BARCA - MARMOLEJO;0;;;BIDIRECCIONAL CON BANDEJON;CONCRETO;BUENO;SECO;DESPEJADO;0;0;0;0
-7870713,573;-3976328,644;2936;2024;1597787;-33,608314;-70,703823;1;2024/02/03 00:00:00+00;1899/12/30 00:00:00+00;REGION METROPOLITANA;SAN BERNARDO;CHOQUE FRENTE/POSTERIOR;CHOQUE;URBANA;CRUCE CON SEMAFORO FUNCIONANDO;IMPRUDENCIA DEL CONDUCTOR;CONDUCCION NO ATENTO CONDICIONES TRANSITO MOMENTO;BARROS ARANA;EUCALIPTUS;BARROS ARANA - EUCALIPTUS;0;;;BIDIRECCIONAL CON BANDEJON;CONCRETO;BUENO;SECO;DESPEJADO;0;0;0;0
-7864565,064;-3973440,162;2937;2024;1597791;-33,586701;-70,64859;1;2024/03/04 00:00:00+00;1899/12/30 00:00:00+00;REGION METROPOLITANA;LA PINTANA;COLISION POR ALCANCE;COLISION;URBANA;TRAMO DE VIA RECTA;DEFICIENCIAS VIALES;ANIMALES SUELTOS VIA PUBLICA;LO BLANCO;;- LO BLANCO;1014;;;BIDIRECCIONAL;CONCRETO;BUENO;SECO;DESPEJADO;0;0;0;0
-7850886,459;-3977053,786;2938;2024;1597792;-33,613739;-70,525713;1;2024/03/18 00:00:00+00;1899/12/30 00:00:00+00;REGION METROPOLITANA;PUENTE ALTO;OTRO TIPO;OTRO TIPO;URBANA;TRAMO DE VIA RECTA;CAUSAS NO DETERMINADAS;CAUSAS NO DETERMINADAS;LAGO TARAHUIN;;- LAGO TARAHUIN;44525;;;BIDIRECCIONAL;ASFALTO;BUENO;SECO;DESPEJADO;0;0;0;0
-7868188,18;-3973446,041;2939;2024;1597797;-33,586745;-70,681137;1;2024/03/08 00:00:00+00;1899/12/30 00:00:00+00;REGION METROPOLITANA;SAN BERNARDO;COLISION PERPENDICULAR;COLISION;URBANA;CRUCE CON SENAL PARE;IMPRUDENCIA DEL CONDUCTOR;CONDUCCION NO ATENTO CONDICIONES TRANSITO MOMENTO;BARTOLOME DIAZ;MARTIN DE SOLIS;BARTOLOME DIAZ - MARTIN DE SOLIS;0;;;BIDIRECCIONAL;ASFALTO;BUENO;SECO;DESPEJADO;0;0;0;0
-7858640,307;-3965907,156;2940;2024;1597801;-33,53031;-70,595367;1;2024/02/10 00:00:00+00;1899/12/30 00:00:00+00;REGION METROPOLITANA;LA FLORIDA;COLISION;COLISION;URBANA;CRUCE CON SEMAFORO FUNCIONANDO;DESOBEDIENCIA A SENALIZACION;SENALIZACION DESOBEDECER LUZ ROJA DE SEMAFORO;VICUNA MACKENNA;PERPETUA FREIRE;PERPETUA FREIRE - VICUNA MACKENNA;0;;;BIDIRECCIONAL CON BANDEJON;ASFALTO;BUENO;SECO;DESPEJADO;0;0;0;0
-7856459,001;-3948625,234;2941;2024;1597802;-33,400801;-70,575772;1;2024/02/10 00:00:00+00;1899/12/30 00:00:00+00;REGION METROPOLITANA;LAS CONDES;CHOQUE LADO/POSTERIOR;CHOQUE;URBANA;OTROS NO CONSIDERADOS;IMPRUDENCIA DEL CONDUCTOR;CONDUCCION NO ATENTO CONDICIONES TRANSITO MOMENTO;PDTE KENNEDY;;- PDTE KENNEDY;5601;;;UNIDIRECCIONAL;ASFALTO;BUENO;SECO;DESPEJADO;0;0;0;0
-7864366,47;-3958067,983;2942;2024;1597803;-33,471588;-70,646806;1;2024/02/22 00:00:00+00;1899/12/30 00:00:00+00;REGION METROPOLITANA;SANTIAGO;CHOQUE LATERAL;CHOQUE;URBANA;TRAMO DE VIA RECTA;IMPRUDENCIA DEL CONDUCTOR;CONDUCCION NO ATENTO CONDICIONES TRANSITO MOMENTO;ARTURO PRAT;;- ARTURO PRAT;1963;;;UNIDIRECCIONAL;ASFALTO;BUENO;SECO;DESPEJADO;0;0;0;0
-7875460,905;-3959631,068;2943;2024;1597814;-33,4833;-70,746469;1;2024/02/20 00:00:00+00;1899/12/30 00:00:00+00;REGION METROPOLITANA;MAIPU;COLISION LATERAL;COLISION;URBANA;ACERA O BERMA;IMPRUDENCIA DEL CONDUCTOR;CONDUCCION CAMBIAR SORPRESIVAMENTE PISTA CIRCULACION;LOS PAJARITOS;JORGE DELANO;JORGE DELANO - LOS PAJARITOS;0;;;UNIDIRECCIONAL;CONCRETO;BUENO;SECO;DESPEJADO;0;0;1;0
-7863166,001;-3956311,366;2944;2024;1597816;-33,458424;-70,636022;1;2024/02/23 00:00:00+00;1899/12/30 00:00:00+00;REGION METROPOLITANA;SANTIAGO;COLISION LATERAL;COLISION;URBANA;CRUCE SIN SENALIZACION;IMPRUDENCIA DEL CONDUCTOR;NO RESPETAR DERECHO PREFERENTE DE PASO A VEHICULO;LIRA;VENTURA LAVALLE;LIRA - VENTURA LAVALLE;0;;;BIDIRECCIONAL;ASFALTO;BUENO;SECO;DESPEJADO;0;0;0;0
-7863529,793;-3958218,784;2945;2024;1597823;-33,472718;-70,63929;1;2024/02/24 00:00:00+00;1899/12/30 00:00:00+00;REGION METROPOLITANA;SANTIAGO;CHOQUE FRENTE/POSTERIOR;CHOQUE;URBANA;TRAMO DE VIA RECTA;IMPRUDENCIA DEL CONDUCTOR;CONDUCCION NO ATENTO CONDICIONES TRANSITO MOMENTO;SAN ISIDRO;FRANKLIN;FRANKLIN - SAN ISIDRO;0;;;UNIDIRECCIONAL;ASFALTO;BUENO;SECO;DESPEJADO;0;0;0;0
-7864771,896;-3936789,682;2946;2024;1597829;-33,311995;-70,650448;1;2024/03/10 00:00:00+00;1899/12/30 00:00:00+00;REGION METROPOLITANA;COLINA;VOLCADURA;VOLCADURA;RURAL;TRAMO DE VIA RECTA;VELOCIDAD IMPRUDENTE;VELOCIDAD NO RAZONABLE NI PRUDENTE;AUTOPISTA NORORIENTE;;- AUTOPISTA NORORIENTE;10200;;;BIDIRECCIONAL;ASFALTO;BUENO;SECO;DESPEJADO;0;1;0;0
-7865740,96;-3955135,769;2947;2024;1597830;-33,449613;-70,659153;1;2024/02/24 00:00:00+00;1899/12/30 00:00:00+00;REGION METROPOLITANA;SANTIAGO;COLISION POR ALCANCE;COLISION;URBANA;CRUCE CON SEMAFORO FUNCIONANDO;IMPRUDENCIA DEL CONDUCTOR;CONDUCCION NO ATENTO CONDICIONES TRANSITO MOMENTO;MANUEL RODRIGUEZ;PADRE MIGUEL DE OLIVARES;MANUEL RODRIGUEZ - PADRE MIGUEL DE OLIVARES;0;;;BIDIRECCIONAL;ASFALTO;BUENO;SECO;DESPEJADO;0;0;0;0
-7863467,677;-3953135,748;2948;2024;1597834;-33,434621;-70,638732;1;2024/02/20 00:00:00+00;1899/12/30 00:00:00+00;REGION METROPOLITANA;RECOLETA;COLISION POR ALCANCE;COLISION;URBANA;TRAMO DE VIA RECTA;IMPRUDENCIA DEL CONDUCTOR;CONDUCCION SIN MANTENER DISTANCIA RAZONABLE NI PRUDENTE;PURISIMA;BELLAVISTA;BELLAVISTA - PURISIMA;0;;;UNIDIRECCIONAL;ASFALTO;BUENO;SECO;DESPEJADO;0;0;0;1
-7867802,235;-3922776,836;2949;2024;1597837;-33,206735;-70,67767;1;2024/03/14 00:00:00+00;1899/12/30 00:00:00+00;REGION METROPOLITANA;COLINA;COLISION LATERAL;COLISION;URBANA;TRAMO DE VIA RECTA;IMPRUDENCIA DEL CONDUCTOR;CONDUCCION CAMBIAR SORPRESIVAMENTE PISTA CIRCULACION;GRAL SAN MARTIN;;- GRAL SAN MARTIN;401;;;BIDIRECCIONAL;ASFALTO;BUENO;SECO;DESPEJADO;0;0;0;0
-7865320,775;-3958281,03;2950;2024;1597838;-33,473184;-70,655379;1;2024/02/26 00:00:00+00;1899/12/30 00:00:00+00;REGION METROPOLITANA;SANTIAGO;COLISION POR ALCANCE;COLISION;URBANA;CRUCE CON SEMAFORO FUNCIONANDO;IMPRUDENCIA DEL CONDUCTOR;CONDUCCION CAMBIAR SORPRESIVAMENTE PISTA CIRCULACION;VIEL;PEDRO MONTT;PEDRO MONTT - VIEL;0;;;UNIDIRECCIONAL;ASFALTO;BUENO;MOJADO;DESPEJADO;0;0;0;0
-7875054,614;-3956769,47;2951;2024;1597842;-33,461857;-70,742819;1;2024/02/29 00:00:00+00;1899/12/30 00:00:00+00;REGION METROPOLITANA;PUDAHUEL;ATROPELLO;ATROPELLO;URBANA;TRAMO DE VIA RECTA;IMPRUDENCIA DEL CONDUCTOR;CONDUCIR VEHICULO EN RETROCESO;LAGUNA SUR;JUAN GUZMAN CRUCHAGA;JUAN GUZMAN CRUCHAGA - LAGUNA SUR;0;;;BIDIRECCIONAL CON BANDEJON;CONCRETO;BUENO;SECO;DESPEJADO;0;0;0;1
-7863045,887;-3953629,05;2952;2024;1597845;-33,438319;-70,634943;1;2024/02/27 00:00:00+00;1899/12/30 00:00:00+00;REGION METROPOLITANA;SANTIAGO;COLISION POR ALCANCE;COLISION;URBANA;TRAMO DE VIA RECTA;IMPRUDENCIA DEL CONDUCTOR;CONDUCCION CAMBIAR SORPRESIVAMENTE PISTA CIRCULACION;VICUNA MACKENNA;CARABS DE CHILE;CARABS DE CHILE - VICUNA MACKENNA;0;;;UNIDIRECCIONAL;ASFALTO;BUENO;SECO;DESPEJADO;0;0;0;0
-7876191,717;-3957531,922;2953;2024;1597849;-33,467571;-70,753034;1;2024/02/23 00:00:00+00;1899/12/30 00:00:00+00;REGION METROPOLITANA;MAIPU;ATROPELLO;ATROPELLO;URBANA;CRUCE CON SENAL CEDA EL PASO;IMPRUDENCIA DEL CONDUCTOR;CONDUCCION NO ATENTO CONDICIONES TRANSITO MOMENTO;LONGITUDINAL;;- LONGITUDINAL;1081;;;BIDIRECCIONAL CON BANDEJON;CONCRETO;BUENO;SECO;DESPEJADO;0;0;0;1
-7875203,311;-3956139,375;2954;2024;1597857;-33,457135;-70,744155;1;2024/02/22 00:00:00+00;1899/12/30 00:00:00+00;REGION METROPOLITANA;PUDAHUEL;VOLCADURA;VOLCADURA;URBANA;TRAMO DE VIA RECTA;IMPRUDENCIA DEL PASAJERO;IMPRUDENCIA DEL PASAJERO;LA TRAVESIA;DIAG TTE CRUZ;DIAG TTE CRUZ - LA TRAVESIA;0;;;BIDIRECCIONAL;MIXTO;BUENO;SECO;DESPEJADO;0;0;0;2
-7863377,396;-3955063,855;2955;2024;1597861;-33,449074;-70,637921;1;2024/02/27 00:00:00+00;1899/12/30 00:00:00+00;REGION METROPOLITANA;SANTIAGO;COLISION POR ALCANCE;COLISION;URBANA;TRAMO DE VIA RECTA;IMPRUDENCIA DEL CONDUCTOR;CONDUCCION SIN MANTENER DISTANCIA RAZONABLE NI PRUDENTE;STA ISABEL;;- STA ISABEL;374;;;UNIDIRECCIONAL;ASFALTO;BUENO;SECO;DESPEJADO;0;0;0;0
-7854065,632;-3948034,009;2956;2024;1597862;-33,396367;-70,554272;1;2024/02/13 00:00:00+00;1899/12/30 00:00:00+00;REGION METROPOLITANA;LAS CONDES;COLISION POR ALCANCE;COLISION;URBANA;TRAMO DE VIA RECTA;IMPRUDENCIA DEL CONDUCTOR;CONDUCCION NO ATENTO CONDICIONES TRANSITO MOMENTO;PDTE KENNEDY;LAS TRANQUERAS;LAS TRANQUERAS - PDTE KENNEDY;0;;;UNIDIRECCIONAL;ASFALTO;BUENO;SECO;DESPEJADO;0;0;0;0
-7849605,019;-3943800,159;2957;2024;1597863;-33,364608;-70,514202;1;2024/03/13 00:00:00+00;1899/12/30 00:00:00+00;REGION METROPOLITANA;LO BARNECHEA;COLISION POR ALCANCE;COLISION;URBANA;CRUCE CON SEMAFORO FUNCIONANDO;IMPRUDENCIA DEL CONDUCTOR;NO RESPETAR DERECHO PREFERENTE DE PASO A VEHICULO;RAUL LABBE;LA DEHESA;LA DEHESA - RAUL LABBE;0;;;BIDIRECCIONAL CON BANDEJON;CONCRETO;BUENO;SECO;DESPEJADO;0;0;0;1
-7868799,212;-3956395,428;2958;2024;1597866;-33,459054;-70,686626;1;2024/03/06 00:00:00+00;1899/12/30 00:00:00+00;REGION METROPOLITANA;ESTACION CENTRAL;COLISION LATERAL;COLISION;URBANA;TRAMO DE VIA RECTA;IMPRUDENCIA DEL CONDUCTOR;ADELANTAMIENTO SIN EL ESPACIO O TIEMPO SUFICIENTE;ARICA;RUIZ TAGLE;ARICA - RUIZ TAGLE;0;;;BIDIRECCIONAL;CONCRETO;REGULAR;SECO;DESPEJADO;0;0;1;0
-7853459,609;-3941006,16;2959;2024;1597874;-33,343643;-70,548828;1;2024/03/14 00:00:00+00;1899/12/30 00:00:00+00;REGION METROPOLITANA;LO BARNECHEA;COLISION LATERAL;COLISION;URBANA;CRUCE CON SENAL CEDA EL PASO;IMPRUDENCIA DEL CONDUCTOR;CONDUCCION NO ATENTO CONDICIONES TRANSITO MOMENTO;CAMINO REAL;CAMINO DE LA CANADA;CAMINO DE LA CANADA - CAMINO REAL;0;;;BIDIRECCIONAL CON BANDEJON;CONCRETO;BUENO;SECO;DESPEJADO;0;0;0;1
-7865103,405;-3953531,535;2960;2024;1597882;-33,437588;-70,653426;1;2024/03/05 00:00:00+00;1899/12/30 00:00:00+00;REGION METROPOLITANA;SANTIAGO;COLISION POR ALCANCE;COLISION;URBANA;TRAMO DE VIA RECTA;IMPRUDENCIA DEL CONDUCTOR;CONDUCCION SIN MANTENER DISTANCIA RAZONABLE NI PRUDENTE;CATEDRAL;JORGE HUNNEUS;CATEDRAL - JORGE HUNNEUS;0;;;UNIDIRECCIONAL;MIXTO;BUENO;SECO;DESPEJADO;0;0;0;0
-7867627,018;-3948785,379;2961;2024;1597884;-33,402002;-70,676096;1;2024/03/05 00:00:00+00;1899/12/30 00:00:00+00;REGION METROPOLITANA;INDEPENDENCIA;ATROPELLO;ATROPELLO;URBANA;CRUCE CON SENAL CEDA EL PASO;IMPRUDENCIA DEL CONDUCTOR;NO RESPETAR DERECHO PREFERENTE DE PASO A PEATON;TACORA;BARON DE JURAS REALES;BARON DE JURAS REALES - TACORA;0;;;UNIDIRECCIONAL;ASFALTO;BUENO;SECO;DESPEJADO;0;0;1;0
-7851840,022;-3940345,502;2962;2024;1597887;-33,338685;-70,534279;1;2024/03/16 00:00:00+00;1899/12/30 00:00:00+00;REGION METROPOLITANA;LO BARNECHEA;COLISION FRONTAL;COLISION;URBANA;TRAMO DE VIA CURVA VERTICAL;IMPRUDENCIA DEL CONDUCTOR;ADELANTAMIENTO EN CRUCE, CURVA, CUESTA, PUENTE;GOLF LOMAS DE LA DEHESA;;- GOLF LOMAS DE LA DEHESA;10275;;;UNIDIRECCIONAL;CONCRETO;BUENO;SECO;DESPEJADO;0;0;0;1
-7851870,746;-3954101,429;2963;2024;1597890;-33,44186;-70,534555;1;2024/03/13 00:00:00+00;1899/12/30 00:00:00+00;REGION METROPOLITANA;LA REINA;COLISION POR ALCANCE;COLISION;URBANA;TRAMO DE VIA RECTA;IMPRUDENCIA DEL CONDUCTOR;CONDUCCION NO ATENTO CONDICIONES TRANSITO MOMENTO;OSSA;;- OSSA;1924;;;BIDIRECCIONAL;CONCRETO;BUENO;SECO;DESPEJADO;0;0;0;0
-7874547,194;-3956278,542;2964;2024;1597903;-33,458178;-70,738261;1;2024/02/21 00:00:00+00;1899/12/30 00:00:00+00;REGION METROPOLITANA;PUDAHUEL;COLISION PERPENDICULAR;COLISION;URBANA;TRAMO DE VIA RECTA;IMPRUDENCIA DEL CONDUCTOR;NO RESPETAR DERECHO PREFERENTE DE PASO A VEHICULO;TTE CRUZ;LA TRAVESIA;LA TRAVESIA - TTE CRUZ;0;;;BIDIRECCIONAL CON BANDEJON;MIXTO;BUENO;SECO;DESPEJADO;0;1;0;0
-7875952,816;-3956561,606;2965;2024;1597906;-33,460299;-70,750888;1;2024/03/04 00:00:00+00;1899/12/30 00:00:00+00;REGION METROPOLITANA;PUDAHUEL;COLISION LATERAL;COLISION;URBANA;TRAMO DE VIA RECTA;IMPRUDENCIA DEL CONDUCTOR;NO RESPETAR DERECHO PREFERENTE DE PASO A VEHICULO;LAGUNA SUR;LAS BARRICAS;LAGUNA SUR - LAS BARRICAS;0;;;BIDIRECCIONAL CON BANDEJON;MIXTO;BUENO;SECO;DESPEJADO;0;0;0;0
-7859438,69;-3950769,709;2966;2024;1597913;-33,416882;-70,602539;1;2024/02/28 00:00:00+00;1899/12/30 00:00:00+00;REGION METROPOLITANA;LAS CONDES;COLISION POR ALCANCE;COLISION;URBANA;TRAMO DE VIA RECTA;IMPRUDENCIA DEL CONDUCTOR;CONDUCIR VEHICULO EN RETROCESO;SAN SEBASTIAN;;- SAN SEBASTIAN;2640;;;UNIDIRECCIONAL;ASFALTO;BUENO;SECO;DESPEJADO;0;0;0;0
-7866532,636;-3955607,273;2967;2024;1597915;-33,453147;-70,666265;1;2024/02/28 00:00:00+00;1899/12/30 00:00:00+00;REGION METROPOLITANA;SANTIAGO;COLISION LATERAL;COLISION;URBANA;CRUCE CON SENAL CEDA EL PASO;IMPRUDENCIA DEL CONDUCTOR;NO RESPETAR DERECHO PREFERENTE DE PASO A VEHICULO;ECHAURREN;GORBEA;ECHAURREN - GORBEA;0;;;UNIDIRECCIONAL;ASFALTO;BUENO;SECO;DESPEJADO;0;0;0;0
-7865542,004;-3954549,946;2968;2024;1597919;-33,445222;-70,657366;1;2024/02/28 00:00:00+00;1899/12/30 00:00:00+00;REGION METROPOLITANA;SANTIAGO;COLISION LATERAL;COLISION;URBANA;TRAMO DE VIA RECTA;IMPRUDENCIA DEL CONDUCTOR;CONDUCCION SIN MANTENER DISTANCIA RAZONABLE NI PRUDENTE;MANUEL ANTONIO MATTA;SAN CAMILO;MANUEL ANTONIO MATTA - SAN CAMILO;0;;;UNIDIRECCIONAL;ASFALTO;BUENO;SECO;DESPEJADO;0;0;0;0
-7863117,799;-3954810,633;2969;2024;1597920;-33,447176;-70,635589;1;2024/02/01 00:00:00+00;1899/12/30 00:00:00+00;REGION METROPOLITANA;SANTIAGO;COLISION LATERAL;COLISION;URBANA;CRUCE CON SEMAFORO FUNCIONANDO;IMPRUDENCIA DEL CONDUCTOR;CONDUCCION NO ATENTO CONDICIONES TRANSITO MOMENTO;PORTUGAL;STA VICTORIA;PORTUGAL - STA VICTORIA;0;;;UNIDIRECCIONAL;ASFALTO;BUENO;SECO;DESPEJADO;0;1;0;0
-7864044,645;-3957932,531;2970;2024;1597922;-33,470573;-70,643915;1;2024/02/01 00:00:00+00;1899/12/30 00:00:00+00;REGION METROPOLITANA;SANTIAGO;COLISION LATERAL;COLISION;URBANA;CRUCE CON SENAL PARE;DESOBEDIENCIA A SENALIZACION;SENALIZACION DESOBEDECER SENAL PARE;SAN FRANCISCO;GRAL GANA;GRAL GANA - SAN FRANCISCO;0;;;UNIDIRECCIONAL;ASFALTO;BUENO;SECO;DESPEJADO;0;0;0;2
-7865542,004;-3954549,946;2971;2024;1597923;-33,445222;-70,657366;1;2024/02/03 00:00:00+00;1899/12/30 00:00:00+00;REGION METROPOLITANA;SANTIAGO;COLISION LATERAL;COLISION;URBANA;CRUCE CON SENAL CEDA EL PASO;IMPRUDENCIA DEL CONDUCTOR;NO RESPETAR DERECHO PREFERENTE DE PASO A VEHICULO;VICTORIA;STA ELENA;STA ELENA - VICTORIA;0;;;UNIDIRECCIONAL;ASFALTO;BUENO;SECO;DESPEJADO;0;0;1;0
-7862188,393;-3957167,356;2972;2024;1597925;-33,464839;-70,62724;1;2024/02/04 00:00:00+00;1899/12/30 00:00:00+00;REGION METROPOLITANA;SANTIAGO;COLISION LATERAL;COLISION;URBANA;CRUCE CON SEMAFORO FUNCIONANDO;IMPRUDENCIA DEL CONDUCTOR;CONDUCCION NO ATENTO CONDICIONES TRANSITO MOMENTO;VICUNA MACKENNA;MAULE;MAULE - VICUNA MACKENNA;0;;;UNIDIRECCIONAL;ASFALTO;BUENO;SECO;DESPEJADO;0;0;0;1
-7863863,64;-3957738,63;2973;2024;1597926;-33,46912;-70,642289;1;2024/02/10 00:00:00+00;1899/12/30 00:00:00+00;REGION METROPOLITANA;SANTIAGO;COLISION LATERAL;COLISION;URBANA;CRUCE CON SEMAFORO FUNCIONANDO;DESOBEDIENCIA A SENALIZACION;SENALIZACION DESOBEDECER LUZ ROJA DE SEMAFORO;NUBLE;STA ROSA;NUBLE - STA ROSA;0;;;UNIDIRECCIONAL;ASFALTO;BUENO;SECO;DESPEJADO;0;1;0;0
-7862433,63;-3956806,939;2974;2024;1597928;-33,462138;-70,629443;1;2024/02/12 00:00:00+00;1899/12/30 00:00:00+00;REGION METROPOLITANA;SANTIAGO;ATROPELLO;ATROPELLO;URBANA;TRAMO DE VIA RECTA;IMPRUDENCIA DEL PEATON;IMPRUDENCIA DEL PEATON;MIGUEL LEON PRADO;STA ELENA;MIGUEL LEON PRADO - STA ELENA;0;;;UNIDIRECCIONAL;ASFALTO;BUENO;SECO;DESPEJADO;0;0;1;0
-7865440,814;-3956590,64;2975;2024;1597930;-33,460517;-70,656457;1;2024/02/12 00:00:00+00;1899/12/30 00:00:00+00;REGION METROPOLITANA;SANTIAGO;COLISION LATERAL;COLISION;URBANA;CRUCE CON SEMAFORO FUNCIONANDO;DESOBEDIENCIA A SENALIZACION;SENALIZACION DESOBEDECER LUZ ROJA DE SEMAFORO;MANUEL ANTONIO MATTA;VIEL;MANUEL ANTONIO MATTA - VIEL;0;;;UNIDIRECCIONAL;ASFALTO;BUENO;SECO;DESPEJADO;0;1;0;0
-7863830,244;-3958708,299;2976;2024;1597931;-33,476386;-70,641989;1;2024/02/14 00:00:00+00;1899/12/30 00:00:00+00;REGION METROPOLITANA;SANTIAGO;COLISION LATERAL;COLISION;URBANA;CRUCE CON SENAL PARE;IMPRUDENCIA DEL CONDUCTOR;CONDUCCION SIN MANTENER DISTANCIA RAZONABLE NI PRUDENTE;STA ROSA;CENTENARIO;CENTENARIO - STA ROSA;0;;;UNIDIRECCIONAL;ASFALTO;BUENO;SECO;DESPEJADO;0;0;0;1
-7865315,914;-3956702,992;2977;2024;1597933;-33,461359;-70,655335;1;2024/02/14 00:00:00+00;1899/12/30 00:00:00+00;REGION METROPOLITANA;SANTIAGO;COLISION LATERAL;COLISION;URBANA;CRUCE CON SENAL PARE;IMPRUDENCIA DEL CONDUCTOR;CONDUCCION NO ATENTO CONDICIONES TRANSITO MOMENTO;SAN IGNACIO DE LOYOLA;SANTIAGUILLO;SAN IGNACIO DE LOYOLA - SANTIAGUILLO;0;;;UNIDIRECCIONAL;ASFALTO;BUENO;SECO;DESPEJADO;0;1;0;0
-7864118,896;-3955136,3;2978;2024;1597934;-33,449617;-70,644582;1;2024/02/12 00:00:00+00;1899/12/30 00:00:00+00;REGION METROPOLITANA;SANTIAGO;ATROPELLO;ATROPELLO;URBANA;CRUCE CON SENAL PARE;IMPRUDENCIA DEL CONDUCTOR;CONDUCCION NO ATENTO CONDICIONES TRANSITO MOMENTO;STA ROSA;CONDOR;CONDOR - STA ROSA;0;;;UNIDIRECCIONAL;ASFALTO;BUENO;SECO;DESPEJADO;0;0;0;1
-7863846,942;-3958078,392;2979;2024;1597935;-33,471666;-70,642139;1;2024/02/20 00:00:00+00;1899/12/30 00:00:00+00;REGION METROPOLITANA;SANTIAGO;COLISION LATERAL;COLISION;URBANA;CRUCE CON SENAL PARE;DESOBEDIENCIA A SENALIZACION;SENALIZACION DESOBEDECER SENAL PARE;ARAUCO;STA ROSA;ARAUCO - STA ROSA;0;;;UNIDIRECCIONAL;ASFALTO;BUENO;SECO;DESPEJADO;0;0;0;0
-7862757,792;-3954844,654;2980;2024;1597937;-33,447431;-70,632355;1;2024/02/16 00:00:00+00;1899/12/30 00:00:00+00;REGION METROPOLITANA;SANTIAGO;COLISION LATERAL;COLISION;URBANA;CRUCE CON SEMAFORO FUNCIONANDO;IMPRUDENCIA DEL CONDUCTOR;CONDUCCION NO ATENTO CONDICIONES TRANSITO MOMENTO;VICUNA MACKENNA;STA ISABEL;STA ISABEL - VICUNA MACKENNA;0;;;UNIDIRECCIONAL;ASFALTO;BUENO;SECO;DESPEJADO;0;0;0;1
-7862757,792;-3954844,654;2981;2024;1597938;-33,447431;-70,632355;1;2024/02/26 00:00:00+00;1899/12/30 00:00:00+00;REGION METROPOLITANA;SANTIAGO;COLISION LATERAL;COLISION;URBANA;CRUCE CON SEMAFORO FUNCIONANDO;IMPRUDENCIA DEL CONDUCTOR;CONDUCCION NO ATENTO CONDICIONES TRANSITO MOMENTO;VICUNA MACKENNA;STA ISABEL;STA ISABEL - VICUNA MACKENNA;0;;;UNIDIRECCIONAL;ASFALTO;BUENO;SECO;DESPEJADO;0;0;0;1
-7857350,559;-3949119,144;2982;2024;1597939;-33,404505;-70,583781;1;2024/02/14 00:00:00+00;1899/12/30 00:00:00+00;REGION METROPOLITANA;LAS CONDES;COLISION LATERAL;COLISION;URBANA;CRUCE CON SEMAFORO FUNCIONANDO;IMPRUDENCIA DEL CONDUCTOR;CONDUCCION NO ATENTO CONDICIONES TRANSITO MOMENTO;ALONSO DE CORDOVA;PDTE KENNEDY;ALONSO DE CORDOVA - PDTE KENNEDY;0;;;UNIDIRECCIONAL;ASFALTO;BUENO;SECO;DESPEJADO;0;0;0;1