ï»¿X;Y;FID;AÃ±o;IdAccident;Latitud;longitud;ClaseAccid;Fecha;Hora;RegiÃ³n;Comuna;Tipo_Accid;Tipo__CONA;Zona;UbicaciÃ³n;Causa__CON;Causa_Acci;Calle_Uno;Calle_Dos;Intersecci;NÃºmero;Ruta;Ubicaci_1;Calzada;Tipo_Calza;Estado_Cal;CondiciÃ³n;Estado_Atm;Fallecidos;Graves;Menos_Grav;Leves
-7856071,832;-3947225,358;3786;2024;1594741;-33,390302;-70,572294;1;2024/02/12 00:00:00+00;1899/12/30 00:00:00+00;REGION METROPOLITANA;VITACURA;CHOQUE POSTERIOR/FRENTE;CHOQUE;URBANA;CRUCE CON SENAL CEDA EL PASO;IMPRUDENCIA DEL CONDUCTOR;CONDUCCION NO ATENTO CONDICIONES TRANSITO MOMENTO;LUIS PASTEUR;STA MARIA;LUIS PASTEUR - STA MARIA;0;;;UNIDIRECCIONAL;CONCRETO;BUENO;SECO;DESPEJADO;0;0;0;0
-7865530,093;-3947434,548;3787;2024;1594742;-33,391871;-70,657259;1;2024/03/05 00:00:00+00;1899/12/30 00:00:00+00;REGION METROPOLITANA;CONCHALI;COLISION LATERAL;COLISION;URBANA;CRUCE CON SEMAFORO FUNCIONANDO;IMPRUDENCIA DEL CONDUCTOR;CONDUCCION NO ATENTO CONDICIONES TRANSITO MOMENTO;EL GUANACO;CARD JOSE MARIA CARO;CARD JOSE MARIA CARO - EL GUANACO;0;;;BIDIRECCIONAL;CONCRETO;BUENO;SECO;DESPEJADO;0;0;0;0
-7865542,227;-3946426,361;3788;2024;1594745;-33,384309;-70,657368;1;2024/03/03 00:00:00+00;1899/12/30 00:00:00+00;REGION METROPOLITANA;RECOLETA;COLISION POR ALCANCE;COLISION;URBANA;CRUCE CON SEMAFORO FUNCIONANDO;IMPRUDENCIA DEL CONDUCTOR;CONDUCCION SIN MANTENER DISTANCIA RAZONABLE NI PRUDENTE;EL GUANACO;DIEGO SILVA HENRIQUEZ;DIEGO SILVA HENRIQUEZ - EL GUANACO;0;;;BIDIRECCIONAL CON BANDEJON;CONCRETO;REGULAR;SECO;DESPEJADO;0;0;0;0
-7870842,259;-3957117,717;3789;2024;1594747;-33,464467;-70,704979;1;2024/02/14 00:00:00+00;1899/12/30 00:00:00+00;REGION METROPOLITANA;ESTACION CENTRAL;COLISION;COLISION;URBANA;CRUCE CON SEMAFORO FUNCIONANDO;IMPRUDENCIA DEL CONDUCTOR;CONDUCCION NO ATENTO CONDICIONES TRANSITO MOMENTO;LIBER BERNARDO O'HIGGINS;ACACIAS;ACACIAS - LIBER BERNARDO O'HIGGINS;0;;;BIDIRECCIONAL;ASFALTO;REGULAR;SECO;DESPEJADO;0;0;0;0
-7869442,75;-3952723,167;3790;2024;1594751;-33,431528;-70,692407;1;2024/02/17 00:00:00+00;1899/12/30 00:00:00+00;REGION METROPOLITANA;QUINTA NORMAL;COLISION LATERAL;COLISION;URBANA;CRUCE CON SEMAFORO FUNCIONANDO;IMPRUDENCIA DEL CONDUCTOR;CONDUCCION NO ATENTO CONDICIONES TRANSITO MOMENTO;CRNEL ROBLES;ANDES;ANDES - CRNEL ROBLES;0;;;UNIDIRECCIONAL;ASFALTO;REGULAR;SECO;DESPEJADO;0;0;0;1
-7867680,785;-3970090,973;3791;2024;1594754;-33,561634;-70,676579;1;2024/03/01 00:00:00+00;1899/12/30 00:00:00+00;REGION METROPOLITANA;EL BOSQUE;COLISION POR ALCANCE;COLISION;URBANA;TRAMO DE VIA RECTA;IMPRUDENCIA DEL CONDUCTOR;CONDUCCION NO ATENTO CONDICIONES TRANSITO MOMENTO;JOSE VICTORINO LASTARRIA;MAX JARA;JOSE VICTORINO LASTARRIA - MAX JARA;0;;;BIDIRECCIONAL;CONCRETO;BUENO;SECO;DESPEJADO;0;0;0;0
-7869276,686;-3953580,168;3792;2024;1594757;-33,437953;-70,690915;1;2024/02/19 00:00:00+00;1899/12/30 00:00:00+00;REGION METROPOLITANA;QUINTA NORMAL;COLISION LATERAL;COLISION;URBANA;TRAMO DE VIA RECTA;IMPRUDENCIA DEL CONDUCTOR;CONDUCCION NO ATENTO CONDICIONES TRANSITO MOMENTO;SAN PABLO;ALCERRECA;ALCERRECA - SAN PABLO;0;;;UNIDIRECCIONAL;ASFALTO;REGULAR;SECO;DESPEJADO;0;0;0;0
-7869158,997;-3959073,314;3793;2024;1594760;-33,479121;-70,689858;1;2024/02/19 00:00:00+00;1899/12/30 00:00:00+00;REGION METROPOLITANA;CERRILLOS;COLISION LATERAL;COLISION;URBANA;CRUCE CON SENAL PARE;IMPRUDENCIA DEL CONDUCTOR;CONDUCCION NO ATENTO CONDICIONES TRANSITO MOMENTO;CARTAGENA;AVDA 3;AVDA 3 - CARTAGENA;0;;;BIDIRECCIONAL;CONCRETO;REGULAR;SECO;DESPEJADO;0;0;0;0
-7861626,341;-3978956,212;3794;2024;1594761;-33,62797;-70,622191;1;2024/02/29 00:00:00+00;1899/12/30 00:00:00+00;REGION METROPOLITANA;PUENTE ALTO;COLISION LATERAL;COLISION;URBANA;TRAMO DE VIA RECTA;IMPRUDENCIA DEL CONDUCTOR;CONDUCCION NO ATENTO CONDICIONES TRANSITO MOMENTO;PUQUELDON;;- PUQUELDON;1191;;;BIDIRECCIONAL;CONCRETO;BUENO;SECO;DESPEJADO;0;0;0;1
-7870058,792;-3927415,74;3795;2024;1594770;-33,241595;-70,697941;1;2024/02/29 00:00:00+00;1899/12/30 00:00:00+00;REGION METROPOLITANA;COLINA;COLISION PERPENDICULAR;COLISION;URBANA;CRUCE CON SEMAFORO FUNCIONANDO;DESOBEDIENCIA A SENALIZACION;SENALIZACION DESOBEDECER LUZ ROJA DE SEMAFORO;LO PINTO;CALETERA GRAL SAN MARTIN;CALETERA GRAL SAN MARTIN - LO PINTO;0;;;BIDIRECCIONAL;ASFALTO;BUENO;SECO;DESPEJADO;0;0;0;0
-7868061,832;-3933295,407;3796;2024;1594774;-33,285759;-70,680002;1;2024/02/29 00:00:00+00;1899/12/30 00:00:00+00;REGION METROPOLITANA;COLINA;COLISION POR ALCANCE;COLISION;URBANA;TRAMO DE VIA RECTA;IMPRUDENCIA DEL CONDUCTOR;CONDUCIR VEHICULO EN RETROCESO;CHICUREO;;- CHICUREO;2000;;;BIDIRECCIONAL;ASFALTO;BUENO;SECO;DESPEJADO;0;0;0;0
-7854628,909;-3972972,203;3797;2024;1594780;-33,583199;-70,559332;1;2024/03/01 00:00:00+00;1899/12/30 00:00:00+00;REGION METROPOLITANA;PUENTE ALTO;COLISION LATERAL;COLISION;URBANA;TRAMO DE VIA RECTA;IMPRUDENCIA DEL CONDUCTOR;CONDUCCION NO ATENTO CONDICIONES TRANSITO MOMENTO;LAS CARMELITAS;LOS SALESIANOS;LAS CARMELITAS - LOS SALESIANOS;0;;;BIDIRECCIONAL;CONCRETO;BUENO;SECO;DESPEJADO;0;0;0;0
-7867041,811;-3920426,286;3798;2024;1594792;-33,189066;-70,670839;1;2024/03/03 00:00:00+00;1899/12/30 00:00:00+00;REGION METROPOLITANA;COLINA;CHOQUE FRENTE/POSTERIOR;CHOQUE;URBANA;TRAMO DE VIA RECTA;VELOCIDAD IMPRUDENTE;VELOCIDAD NO RAZONABLE NI PRUDENTE;FRAY CAMILO HENRIQUEZ;;- FRAY CAMILO HENRIQUEZ;612;;;BIDIRECCIONAL;ASFALTO;BUENO;SECO;DESPEJADO;0;0;0;0
-7871323,159;-3951357,339;3799;2024;1594833;-33,421288;-70,709299;1;2024/02/21 00:00:00+00;1899/12/30 00:00:00+00;REGION METROPOLITANA;QUINTA NORMAL;COLISION LATERAL;COLISION;URBANA;CRUCE CON SENAL CEDA EL PASO;IMPRUDENCIA DEL CONDUCTOR;CONDUCCION NO ATENTO CONDICIONES TRANSITO MOMENTO;CATAMARCA;HOEVEL;CATAMARCA - HOEVEL;0;;;BIDIRECCIONAL;CONCRETO;REGULAR;SECO;DESPEJADO;0;1;0;0
-7883880,999;-3969408,482;3800;2024;1594847;-33,556525;-70,822108;1;2024/02/12 00:00:00+00;1899/12/30 00:00:00+00;REGION METROPOLITANA;PADRE HURTADO;COLISION POR ALCANCE;COLISION;URBANA;TRAMO DE VIA RECTA;IMPRUDENCIA DEL CONDUCTOR;CONDUCCION NO ATENTO CONDICIONES TRANSITO MOMENTO;CALETERA AUTOPISTA DEL SOL;CAMINO ANTIGUO A VALPARAISO;CALETERA AUTOPISTA DEL SOL - CAMINO ANTIGUO A VALPARAISO;0;;;UNIDIRECCIONAL;ASFALTO;BUENO;SECO;DESPEJADO;0;0;0;0
-7882199,185;-3970225,098;3801;2024;1594850;-33,562638;-70,807;1;2024/02/17 00:00:00+00;1899/12/30 00:00:00+00;REGION METROPOLITANA;PADRE HURTADO;CHOQUE POSTERIOR;CHOQUE;URBANA;CRUCE CON SEMAFORO FUNCIONANDO;ALCOHOL EN CONDUCTOR;CONDUCCION EN ESTADO DE EBRIEDAD;CAMINO A MELIPILLA;LUIS PASTEUR;CAMINO A MELIPILLA - LUIS PASTEUR;0;;;BIDIRECCIONAL CON BANDEJON;ASFALTO;BUENO;SECO;DESPEJADO;0;0;0;1
-7883486,817;-3971409,582;3802;2024;1594853;-33,571504;-70,818567;1;2024/02/17 00:00:00+00;1899/12/30 00:00:00+00;REGION METROPOLITANA;PADRE HURTADO;ATROPELLO;ATROPELLO;URBANA;CRUCE CON SEMAFORO FUNCIONANDO;IMPRUDENCIA DEL PEATON;PEATON CRUZA CALZADA FORMA SORPRESIVA O DESCUIDADA;CAMINO A MELIPILLA;SAN IGNACIO;CAMINO A MELIPILLA - SAN IGNACIO;0;;;BIDIRECCIONAL;ASFALTO;BUENO;SECO;DESPEJADO;0;1;0;0
-7866006,874;-3971330,756;3803;2024;1594855;-33,570914;-70,661542;1;2024/03/01 00:00:00+00;1899/12/30 00:00:00+00;REGION METROPOLITANA;EL BOSQUE;CHOQUE FRENTE/LADO;CHOQUE;URBANA;TRAMO DE VIA RECTA;IMPRUDENCIA DEL CONDUCTOR;CONDUCCION SIN MANTENER DISTANCIA RAZONABLE NI PRUDENTE;EL LIBERTADOR;LAS PERLAS;EL LIBERTADOR - LAS PERLAS;0;;;BIDIRECCIONAL;CONCRETO;BUENO;SECO;DESPEJADO;0;0;0;0
-7855528,482;-3974028,545;3804;2024;1594858;-33,591104;-70,567413;1;2024/03/01 00:00:00+00;1899/12/30 00:00:00+00;REGION METROPOLITANA;PUENTE ALTO;CHOQUE FRENTE/LADO;CHOQUE;URBANA;TRAMO DE VIA RECTA;IMPRUDENCIA DEL CONDUCTOR;CONDUCCION NO ATENTO CONDICIONES TRANSITO MOMENTO;SAN HUGO;SALITRERA CATALINA;SALITRERA CATALINA - SAN HUGO;0;;;BIDIRECCIONAL;CONCRETO;BUENO;SECO;DESPEJADO;0;0;0;0
-7871625,948;-3951950,334;3805;2024;1594860;-33,425734;-70,712019;1;2024/02/21 00:00:00+00;1899/12/30 00:00:00+00;REGION METROPOLITANA;QUINTA NORMAL;COLISION LATERAL;COLISION;URBANA;TRAMO DE VIA RECTA;IMPRUDENCIA DEL CONDUCTOR;VIRAJES INDEBIDOS;PADRE TADEO;ALBERDI;ALBERDI - PADRE TADEO;0;;;UNIDIRECCIONAL;ASFALTO;BUENO;SECO;DESPEJADO;0;0;0;0
-7869685,093;-3953822,215;3806;2024;1594862;-33,439767;-70,694584;1;2024/02/21 00:00:00+00;1899/12/30 00:00:00+00;REGION METROPOLITANA;QUINTA NORMAL;COLISION LATERAL;COLISION;URBANA;CRUCE CON SENAL PARE;DESOBEDIENCIA A SENALIZACION;SENALIZACION DESOBEDECER SENAL PARE;CRUCHAGA MONTT;STO DOMINGO;CRUCHAGA MONTT - STO DOMINGO;0;;;UNIDIRECCIONAL;ASFALTO;BUENO;SECO;DESPEJADO;0;0;0;2
-7857124,024;-3972255,068;3807;2024;1594863;-33,577832;-70,581746;1;2024/03/01 00:00:00+00;1899/12/30 00:00:00+00;REGION METROPOLITANA;PUENTE ALTO;COLISION LATERAL;COLISION;URBANA;TRAMO DE VIA RECTA;IMPRUDENCIA DEL CONDUCTOR;CONDUCCION NO ATENTO CONDICIONES TRANSITO MOMENTO;CONCHA Y TORO;;- CONCHA Y TORO;3459;;;BIDIRECCIONAL;CONCRETO;BUENO;SECO;DESPEJADO;0;0;0;0
-7870288,11;-3953825,016;3808;2024;1594867;-33,439788;-70,700001;1;2024/02/22 00:00:00+00;1899/12/30 00:00:00+00;REGION METROPOLITANA;QUINTA NORMAL;CHOQUE LADO/LADO;CHOQUE;URBANA;ACERA O BERMA;IMPRUDENCIA DEL CONDUCTOR;CONDUCCION NO ATENTO CONDICIONES TRANSITO MOMENTO;GASPAR DE ORENSE;;- GASPAR DE ORENSE;1089;;;BIDIRECCIONAL;ASFALTO;REGULAR;SECO;DESPEJADO;0;0;0;0
-7866416,128;-3970016,641;3809;2024;1594873;-33,561078;-70,665218;1;2024/03/04 00:00:00+00;1899/12/30 00:00:00+00;REGION METROPOLITANA;EL BOSQUE;CAIDA;CAIDA;URBANA;TRAMO DE VIA RECTA;IMPRUDENCIA DEL CONDUCTOR;CONDUCCION NO ATENTO CONDICIONES TRANSITO MOMENTO;OBSERVATORIO;LOS RAULIES;LOS RAULIES - OBSERVATORIO;0;;;BIDIRECCIONAL;ASFALTO;BUENO;SECO;DESPEJADO;0;0;0;1
-7872686,711;-3953407,608;3810;2024;1594874;-33,436659;-70,721548;1;2024/02/20 00:00:00+00;1899/12/30 00:00:00+00;REGION METROPOLITANA;LO PRADO;COLISION LATERAL;COLISION;URBANA;TRAMO DE VIA RECTA;IMPRUDENCIA DEL CONDUCTOR;ADELANTAMIENTO SIN EL ESPACIO O TIEMPO SUFICIENTE;NEPTUNO;CAMINO DE LOYOLA;CAMINO DE LOYOLA - NEPTUNO;0;;;BIDIRECCIONAL;ASFALTO;BUENO;SECO;DESPEJADO;0;1;0;0
-7865704,308;-3950152,77;3811;2024;1594875;-33,412256;-70,658824;1;2024/03/06 00:00:00+00;1899/12/30 00:00:00+00;REGION METROPOLITANA;INDEPENDENCIA;COLISION POR ALCANCE;COLISION;URBANA;CRUCE CON SEMAFORO FUNCIONANDO;IMPRUDENCIA DEL CONDUCTOR;CONDUCCION NO ATENTO CONDICIONES TRANSITO MOMENTO;INDEPENDENCIA;INGLATERRA;INDEPENDENCIA - INGLATERRA;0;;;BIDIRECCIONAL;CONCRETO;BUENO;SECO;DESPEJADO;0;0;0;0
-7855121,943;-3968918,78;3812;2024;1594880;-33,552859;-70,563761;1;2024/02/17 00:00:00+00;1899/12/30 00:00:00+00;REGION METROPOLITANA;PUENTE ALTO;CHOQUE FRENTE/POSTERIOR;CHOQUE;URBANA;TRAMO DE VIA RECTA;IMPRUDENCIA DEL CONDUCTOR;CONDUCCION NO ATENTO CONDICIONES TRANSITO MOMENTO;CAMILO HENRIQUEZ;SAN JOSE DE LA ESTRELLA;CAMILO HENRIQUEZ - SAN JOSE DE LA ESTRELLA;0;;;BIDIRECCIONAL;CONCRETO;BUENO;SECO;DESPEJADO;0;0;0;0
-7869014,949;-3952044,234;3813;2024;1594881;-33,426438;-70,688564;1;2024/02/22 00:00:00+00;1899/12/30 00:00:00+00;REGION METROPOLITANA;QUINTA NORMAL;COLISION LATERAL;COLISION;URBANA;CRUCE CON SENAL CEDA EL PASO;IMPRUDENCIA DEL CONDUCTOR;CONDUCCION CONTRA SENTIDO DEL TRANSITO;LOPE DE ULLOA;CLAUDIO VICUNA MORLA;CLAUDIO VICUNA MORLA - LOPE DE ULLOA;0;;;UNIDIRECCIONAL;ASFALTO;REGULAR;MOJADO;LLUVIA;0;0;0;1
-7870416,573;-3951700,515;3814;2024;1594888;-33,423861;-70,701155;1;2024/02/22 00:00:00+00;1899/12/30 00:00:00+00;REGION METROPOLITANA;QUINTA NORMAL;COLISION LATERAL;COLISION;URBANA;CRUCE CON SENAL CEDA EL PASO;IMPRUDENCIA DEL CONDUCTOR;CONDUCCION NO ATENTO CONDICIONES TRANSITO MOMENTO;AYUNTAMIENTO;NVA EXTREMADURA;AYUNTAMIENTO - NVA EXTREMADURA;0;;;BIDIRECCIONAL;ASFALTO;REGULAR;MOJADO;LLOVIZNA;0;0;0;2
-7869416,924;-3953415,879;3815;2024;1594892;-33,436721;-70,692175;1;2024/02/23 00:00:00+00;1899/12/30 00:00:00+00;REGION METROPOLITANA;QUINTA NORMAL;CHOQUE POSTERIOR/FRENTE;CHOQUE;URBANA;CRUCE CON SEMAFORO FUNCIONANDO;IMPRUDENCIA DEL CONDUCTOR;CONDUCCION NO ATENTO CONDICIONES TRANSITO MOMENTO;CRNEL ROBLES;EDISON;CRNEL ROBLES - EDISON;0;;;BIDIRECCIONAL;CONCRETO;BUENO;SECO;DESPEJADO;0;0;0;0
-7856444,196;-3974057,009;3816;2024;1594893;-33,591317;-70,575639;1;2024/03/02 00:00:00+00;1899/12/30 00:00:00+00;REGION METROPOLITANA;PUENTE ALTO;CHOQUE FRENTE/LADO;CHOQUE;URBANA;TRAMO DE VIA RECTA;IMPRUDENCIA DEL CONDUCTOR;CONDUCCION NO ATENTO CONDICIONES TRANSITO MOMENTO;ALMADEN;;- ALMADEN;376;;;BIDIRECCIONAL;CONCRETO;BUENO;SECO;DESPEJADO;0;0;0;0
-7853041,382;-3946478,355;3817;2024;1594894;-33,384699;-70,545071;1;2024/03/01 00:00:00+00;1899/12/30 00:00:00+00;REGION METROPOLITANA;VITACURA;COLISION LATERAL;COLISION;URBANA;TRAMO DE VIA RECTA;IMPRUDENCIA DEL CONDUCTOR;CONDUCCION CAMBIAR SORPRESIVAMENTE PISTA CIRCULACION;VITACURA;LO MATTA;LO MATTA - VITACURA;0;;;BIDIRECCIONAL;ASFALTO;BUENO;SECO;DESPEJADO;0;0;0;6
-7852158,841;-3945889,106;3818;2024;1594896;-33,380279;-70,537143;1;2024/03/01 00:00:00+00;1899/12/30 00:00:00+00;REGION METROPOLITANA;VITACURA;COLISION POR ALCANCE;COLISION;URBANA;CRUCE CON SEMAFORO FUNCIONANDO;IMPRUDENCIA DEL CONDUCTOR;CONDUCCION SIN MANTENER DISTANCIA RAZONABLE NI PRUDENTE;PDTE KENNEDY;TABANCURA;PDTE KENNEDY - TABANCURA;0;;;BIDIRECCIONAL CON BANDEJON;ASFALTO;BUENO;SECO;DESPEJADO;0;0;0;0
-7857173,784;-3947440,148;3819;2024;1594897;-33,391913;-70,582193;1;2024/03/01 00:00:00+00;1899/12/30 00:00:00+00;REGION METROPOLITANA;VITACURA;COLISION PERPENDICULAR;COLISION;URBANA;TRAMO DE VIA RECTA;IMPRUDENCIA DEL CONDUCTOR;CONDUCCION CAMBIAR SORPRESIVAMENTE PISTA CIRCULACION;LUIS CARRERA;;- LUIS CARRERA;1925;;;BIDIRECCIONAL;ASFALTO;BUENO;SECO;DESPEJADO;0;1;0;0
-7869302,042;-3951102,065;3820;2024;1594905;-33,419374;-70,691143;1;2024/02/23 00:00:00+00;1899/12/30 00:00:00+00;REGION METROPOLITANA;QUINTA NORMAL;COLISION LATERAL;COLISION;URBANA;TRAMO DE VIA RECTA;IMPRUDENCIA DEL CONDUCTOR;CONDUCCION NO ATENTO CONDICIONES TRANSITO MOMENTO;COST SUR;AUGUSTO MATTE;AUGUSTO MATTE - COST SUR;0;;;UNIDIRECCIONAL;ASFALTO;BUENO;SECO;DESPEJADO;0;0;1;0
-7857071,926;-3972778,317;3821;2024;1594907;-33,581748;-70,581278;1;2024/03/01 00:00:00+00;1899/12/30 00:00:00+00;REGION METROPOLITANA;PUENTE ALTO;COLISION LATERAL;COLISION;URBANA;TRAMO DE VIA RECTA;IMPRUDENCIA DEL CONDUCTOR;CONDUCCION NO ATENTO CONDICIONES TRANSITO MOMENTO;CONCHA Y TORO;DEL CARIBE;CONCHA Y TORO - DEL CARIBE;0;;;BIDIRECCIONAL;CONCRETO;BUENO;SECO;DESPEJADO;0;0;0;2
-7870056,232;-3962797,256;3822;2024;1594913;-33,507019;-70,697918;1;2024/03/05 00:00:00+00;1899/12/30 00:00:00+00;REGION METROPOLITANA;CERRILLOS;COLISION POR ALCANCE;COLISION;URBANA;CRUCE CON SENAL CEDA EL PASO;IMPRUDENCIA DEL CONDUCTOR;CONDUCCION NO ATENTO CONDICIONES TRANSITO MOMENTO;GRAL VELASQUEZ;PABLO NERUDA;GRAL VELASQUEZ - PABLO NERUDA;0;;;BIDIRECCIONAL;ASFALTO;BUENO;SECO;DESPEJADO;0;0;0;0
-7872393,83;-3963927,704;3823;2024;1594920;-33,515486;-70,718917;1;2024/03/05 00:00:00+00;1899/12/30 00:00:00+00;REGION METROPOLITANA;CERRILLOS;COLISION PERPENDICULAR;COLISION;URBANA;VIA PRIVADA DE USO PUBLICO;DESOBEDIENCIA A SENALIZACION;SENALIZACION DESOBEDECER SENAL CEDA EL PASO;AMERICO VESPUCIO;;- AMERICO VESPUCIO;1501;;;BIDIRECCIONAL;ASFALTO;BUENO;SECO;DESPEJADO;0;0;0;0
-7858786,469;-3983761,601;3824;2024;1594922;-33,663906;-70,59668;1;2024/02/20 00:00:00+00;1899/12/30 00:00:00+00;REGION METROPOLITANA;PIRQUE;ATROPELLO;ATROPELLO;RURAL;CRUCE CON SENAL PARE;VELOCIDAD IMPRUDENTE;VELOCIDAD NO RAZONABLE NI PRUDENTE;CAMINO LAS PARCELAS;;- CAMINO LAS PARCELAS;0;;;UNIDIRECCIONAL;ASFALTO;REGULAR;SECO;DESPEJADO;0;1;0;0
-7852820,524;-3956500,439;3825;2024;1594923;-33,459841;-70,543087;1;2024/03/05 00:00:00+00;1899/12/30 00:00:00+00;REGION ARAUCANIA;PADRE LAS CASAS;COLISION;COLISION;RURAL;TRAMO DE VIA RECTA;IMPRUDENCIA DEL CONDUCTOR;CONDUCCION NO ATENTO CONDICIONES TRANSITO MOMENTO;LONGITUDINAL SUR;;- LONGITUDINAL SUR;1;;;BIDIRECCIONAL CON BANDEJON;ASFALTO;BUENO;SECO;DESPEJADO;0;0;0;0
-7856211,761;-3974101,644;3826;2024;1594924;-33,591651;-70,573551;1;2024/03/02 00:00:00+00;1899/12/30 00:00:00+00;REGION METROPOLITANA;PUENTE ALTO;COLISION LATERAL;COLISION;URBANA;TRAMO DE VIA RECTA;IMPRUDENCIA DEL CONDUCTOR;CONDUCCION NO ATENTO CONDICIONES TRANSITO MOMENTO;SAN HUGO;NEMESIO VICUNA;NEMESIO VICUNA - SAN HUGO;0;;;BIDIRECCIONAL;CONCRETO;BUENO;SECO;DESPEJADO;0;0;0;0
-7856005,374;-3954924,836;3827;2024;1594925;-33,448032;-70,571697;1;2024/02/25 00:00:00+00;1899/12/30 00:00:00+00;REGION METROPOLITANA;LA REINA;COLISION LATERAL;COLISION;URBANA;OTROS NO CONSIDERADOS;IMPRUDENCIA DEL CONDUCTOR;CONDUCCION NO ATENTO CONDICIONES TRANSITO MOMENTO;OSSA;SIMON BOLIVAR;OSSA - SIMON BOLIVAR;0;;;BIDIRECCIONAL;CONCRETO;BUENO;SECO;DESPEJADO;0;0;0;0
-7873421,754;-3954637,864;3828;2024;1594931;-33,445881;-70,728151;1;2024/02/03 00:00:00+00;1899/12/30 00:00:00+00;REGION METROPOLITANA;LO PRADO;COLISION FRONTAL;COLISION;URBANA;CRUCE SIN SENALIZACION;ALCOHOL EN CONDUCTOR;CONDUCCION EN ESTADO DE EBRIEDAD;WALDO TAFF;HUANCAYO;HUANCAYO - WALDO TAFF;0;;;BIDIRECCIONAL;ASFALTO;BUENO;SECO;DESPEJADO;0;0;0;1
-7875764,139;-3961620,196;3829;2024;1594932;-33,498202;-70,749193;1;2024/03/05 00:00:00+00;1899/12/30 00:00:00+00;REGION METROPOLITANA;MAIPU;COLISION LATERAL;COLISION;URBANA;TRAMO DE VIA RECTA;IMPRUDENCIA DEL CONDUCTOR;CONDUCCION NO ATENTO CONDICIONES TRANSITO MOMENTO;STA AMANDA;ESMERALDA;ESMERALDA - STA AMANDA;0;;;BIDIRECCIONAL;ASFALTO;BUENO;SECO;DESPEJADO;0;0;0;0
-7878269,278;-3966871,219;3830;2024;1594933;-33,537529;-70,771697;1;2024/03/06 00:00:00+00;1899/12/30 00:00:00+00;REGION METROPOLITANA;MAIPU;COLISION LATERAL;COLISION;URBANA;TRAMO DE VIA RECTA;IMPRUDENCIA DEL CONDUCTOR;CONDUCCION CAMBIAR SORPRESIVAMENTE PISTA CIRCULACION;SAN JUAN DE CHENA;CAMINO A MELIPILLA;CAMINO A MELIPILLA - SAN JUAN DE CHENA;0;;;BIDIRECCIONAL;ASFALTO;BUENO;SECO;DESPEJADO;0;0;0;0
-7929307,255;-3986520,231;3831;2024;1594934;-33,684529;-71,230179;1;2024/03/03 00:00:00+00;1899/12/30 00:00:00+00;REGION METROPOLITANA;MELIPILLA;COLISION;COLISION;URBANA;TRAMO DE VIA RECTA;IMPRUDENCIA DEL CONDUCTOR;VIRAJES INDEBIDOS;CARLOS AVILES;;- CARLOS AVILES;405;;;BIDIRECCIONAL;ASFALTO;BUENO;SECO;DESPEJADO;0;0;0;1
-7880085,227;-3962102,78;3832;2024;1594935;-33,501817;-70,78801;1;2024/03/05 00:00:00+00;1899/12/30 00:00:00+00;REGION METROPOLITANA;MAIPU;ATROPELLO;ATROPELLO;URBANA;TRAMO DE VIA RECTA;IMPRUDENCIA DEL PEATON;PEATON CRUZA CALZADA FORMA SORPRESIVA O DESCUIDADA;LA RECONQUISTA;PORVENIR DE MAIPU;LA RECONQUISTA - PORVENIR DE MAIPU;0;;;UNIDIRECCIONAL;ASFALTO;BUENO;SECO;DESPEJADO;0;0;0;0
-7877077,547;-3957802,913;3833;2024;1594937;-33,469602;-70,760992;1;2024/03/06 00:00:00+00;1899/12/30 00:00:00+00;REGION METROPOLITANA;MAIPU;VOLCADURA;VOLCADURA;URBANA;TRAMO DE VIA RECTA;IMPRUDENCIA DEL CONDUCTOR;ADELANTAMIENTO SIN EL ESPACIO O TIEMPO SUFICIENTE;AMERICO VESPUCIO;EL DESCANSO;AMERICO VESPUCIO - EL DESCANSO;0;;;BIDIRECCIONAL CON BANDEJON;ASFALTO;BUENO;SECO;DESPEJADO;0;1;0;0
-7871171,097;-3949195,819;3834;2024;1594938;-33,40508;-70,707933;1;2024/02/28 00:00:00+00;1899/12/30 00:00:00+00;REGION METROPOLITANA;RENCA;COLISION;COLISION;URBANA;TRAMO DE VIA RECTA;IMPRUDENCIA DEL CONDUCTOR;CONDUCCION NO ATENTO CONDICIONES TRANSITO MOMENTO;COST NORTE;ANIBAL MONTT;ANIBAL MONTT - COST NORTE;0;;;UNIDIRECCIONAL;CONCRETO;BUENO;SECO;DESPEJADO;0;0;0;0
-7876681,857;-3963263,467;3835;2024;1594939;-33,510511;-70,757437;1;2024/03/06 00:00:00+00;1899/12/30 00:00:00+00;REGION METROPOLITANA;MAIPU;COLISION LATERAL;COLISION;URBANA;CRUCE CON SEMAFORO FUNCIONANDO;IMPRUDENCIA DEL CONDUCTOR;CONDUCCION NO ATENTO CONDICIONES TRANSITO MOMENTO;5 DE ABRIL;LOS PAJARITOS;5 DE ABRIL - LOS PAJARITOS;0;;;UNIDIRECCIONAL;ASFALTO;BUENO;SECO;DESPEJADO;0;0;0;0