ï»¿X;Y;FID;AÃ±o;IdAccident;Latitud;longitud;ClaseAccid;Fecha;Hora;RegiÃ³n;Comuna;Tipo_Accid;Tipo__CONA;Zona;UbicaciÃ³n;Causa__CON;Causa_Acci;Calle_Uno;Calle_Dos;Intersecci;NÃºmero;Ruta;Ubicaci_1;Calzada;Tipo_Calza;Estado_Cal;CondiciÃ³n;Estado_Atm;Fallecidos;Graves;Menos_Grav;Leves
-7879094,61;-3954382,552;3836;2024;1594942;-33,443967;-70,779111;1;2024/03/04 00:00:00+00;1899/12/30 00:00:00+00;REGION METROPOLITANA;PUDAHUEL;COLISION POR ALCANCE;COLISION;URBANA;TRAMO DE VIA RECTA;IMPRUDENCIA DEL CONDUCTOR;CONDUCCION NO ATENTO CONDICIONES TRANSITO MOMENTO;AMERICO VESPUCIO;SAN PABLO;AMERICO VESPUCIO - SAN PABLO;0;;;BIDIRECCIONAL CON BANDEJON;ASFALTO;BUENO;SECO;DESPEJADO;0;0;0;0
-7865569,722;-3976354,04;3837;2024;1594944;-33,608504;-70,657615;1;2024/03/06 00:00:00+00;1899/12/30 00:00:00+00;REGION METROPOLITANA;LA PINTANA;COLISION;COLISION;URBANA;TRAMO DE VIA RECTA;IMPRUDENCIA DEL CONDUCTOR;CONDUCCION NO ATENTO CONDICIONES TRANSITO MOMENTO;CAMINO EL MARISCAL;;- CAMINO EL MARISCAL;1590;;;BIDIRECCIONAL;ASFALTO;BUENO;SECO;DESPEJADO;0;1;0;0
-7876986,761;-3962034,029;3838;2024;1594946;-33,501302;-70,760176;1;2024/02/08 00:00:00+00;1899/12/30 00:00:00+00;REGION METROPOLITANA;MAIPU;CHOQUE LADO/LADO;CHOQUE;URBANA;TRAMO DE VIA RECTA;IMPRUDENCIA DEL CONDUCTOR;CONDUCCION NO ATENTO CONDICIONES TRANSITO MOMENTO;MANUEL RODRIGUEZ;;- MANUEL RODRIGUEZ;2889;;;UNIDIRECCIONAL;ASFALTO;BUENO;SECO;DESPEJADO;0;0;0;0
-7870720,475;-3949252,359;3839;2024;1594948;-33,405504;-70,703885;1;2024/03/01 00:00:00+00;1899/12/30 00:00:00+00;REGION METROPOLITANA;RENCA;COLISION;COLISION;URBANA;TRAMO DE VIA RECTA;IMPRUDENCIA DEL CONDUCTOR;CONDUCCION SIN MANTENER DISTANCIA RAZONABLE NI PRUDENTE;SENADOR JAIME GUZMAN;DOMINGO SANTA MARIA;DOMINGO SANTA MARIA - SENADOR JAIME GUZMAN;0;;;UNIDIRECCIONAL;CONCRETO;BUENO;OTROS;DESPEJADO;0;0;0;0
-7856709,804;-3958430,976;3840;2024;1594951;-33,474308;-70,578025;1;2024/03/06 00:00:00+00;1899/12/30 00:00:00+00;REGION METROPOLITANA;MACUL;CHOQUE FRONTAL;CHOQUE;URBANA;TRAMO DE VIA RECTA;IMPRUDENCIA DEL CONDUCTOR;CONDUCCION NO ATENTO CONDICIONES TRANSITO MOMENTO;AMERICO VESPUCIO;;- AMERICO VESPUCIO;1979;;;BIDIRECCIONAL;CONCRETO;BUENO;SECO;DESPEJADO;1;0;0;0
-7869956,638;-3959874,05;3841;2024;1594952;-33,48512;-70,697023;1;2024/03/06 00:00:00+00;1899/12/30 00:00:00+00;REGION METROPOLITANA;CERRILLOS;CHOQUE FRENTE/POSTERIOR;CHOQUE;URBANA;CRUCE CON SEMAFORO FUNCIONANDO;DROGAS Y/O FATIGA EN CONDUCTOR;CONDICIONES FISICAS DEFICIENTES (CANSANCIO, SUENO);PEDRO AGUIRRE CERDA;ANTONIO ESCOBAR WILLIAMS;ANTONIO ESCOBAR WILLIAMS - PEDRO AGUIRRE CERDA;0;;;BIDIRECCIONAL CON BANDEJON;ASFALTO;BUENO;SECO;DESPEJADO;0;0;0;2
-7856977,082;-3985440,537;3842;2024;1594957;-33,676458;-70,580426;1;2024/02/29 00:00:00+00;1899/12/30 00:00:00+00;REGION METROPOLITANA;PIRQUE;COLISION FRONTAL;COLISION;URBANA;CRUCE CON SENAL PARE;VELOCIDAD IMPRUDENTE;VELOCIDAD NO REDUCIR CRUCE DE CALLES, CUMBRE, CURVA, ETC.;CONCHA Y TORO;CAMINO EL COLONIAL;CAMINO EL COLONIAL - CONCHA Y TORO;0;;;BIDIRECCIONAL;ASFALTO;BUENO;SECO;DESPEJADO;0;0;0;1
-7855444,881;-3970862,482;3843;2024;1594961;-33,567409;-70,566662;1;2024/02/08 00:00:00+00;1899/12/30 00:00:00+00;REGION METROPOLITANA;PUENTE ALTO;CAIDA;CAIDA;URBANA;TRAMO DE VIA RECTA;VELOCIDAD IMPRUDENTE;VELOCIDAD EXCESO EN ZONA RESTRINGIDA;MEXICO;LOS TOROS;LOS TOROS - MEXICO;0;;;BIDIRECCIONAL;CONCRETO;BUENO;SECO;DESPEJADO;0;1;0;0
-7852799,818;-3945928,033;3844;2024;1594963;-33,380571;-70,542901;1;2024/03/02 00:00:00+00;1899/12/30 00:00:00+00;REGION METROPOLITANA;VITACURA;COLISION LATERAL;COLISION;URBANA;CRUCE CON SEMAFORO FUNCIONANDO;DESOBEDIENCIA A SENALIZACION;SENALIZACION DESOBEDECER LUZ ROJA DE SEMAFORO;LA AURORA;VITACURA;LA AURORA - VITACURA;0;;;BIDIRECCIONAL CON BANDEJON;ASFALTO;BUENO;SECO;DESPEJADO;0;0;0;0
-7872977,812;-3962932,231;3845;2024;1594965;-33,50803;-70,724163;1;2024/03/06 00:00:00+00;1899/12/30 00:00:00+00;REGION METROPOLITANA;CERRILLOS;COLISION LATERAL;COLISION;URBANA;TRAMO DE VIA RECTA;IMPRUDENCIA DEL CONDUCTOR;CONDUCCION CAMBIAR SORPRESIVAMENTE PISTA CIRCULACION;AMERICO VESPUCIO;;- AMERICO VESPUCIO;1700;;;BIDIRECCIONAL;ASFALTO;BUENO;SECO;DESPEJADO;0;1;0;0
-7857154,08;-3947822,141;3846;2024;1594966;-33,394778;-70,582016;1;2024/03/04 00:00:00+00;1899/12/30 00:00:00+00;REGION METROPOLITANA;VITACURA;COLISION LATERAL;COLISION;URBANA;OTROS NO CONSIDERADOS;IMPRUDENCIA DEL CONDUCTOR;CONDUCCION SIN MANTENER DISTANCIA RAZONABLE NI PRUDENTE;FUENZALIDA COMAS;LUIS PASTEUR;FUENZALIDA COMAS - LUIS PASTEUR;0;;;BIDIRECCIONAL;ASFALTO;BUENO;SECO;DESPEJADO;0;0;0;0
-7866187,768;-3973231,435;3847;2024;1594967;-33,585139;-70,663167;1;2024/03/06 00:00:00+00;1899/12/30 00:00:00+00;REGION METROPOLITANA;EL BOSQUE;CHOQUE FRENTE/POSTERIOR;CHOQUE;URBANA;CRUCE CON SEMAFORO FUNCIONANDO;IMPRUDENCIA DEL CONDUCTOR;CONDUCCION NO ATENTO CONDICIONES TRANSITO MOMENTO;SAN FRANCISCO;LO BLANCO;LO BLANCO - SAN FRANCISCO;0;;;BIDIRECCIONAL CON BANDEJON;ASFALTO;BUENO;SECO;DESPEJADO;0;0;0;0
-7866893,089;-3919686,324;3848;2024;1594969;-33,183503;-70,669503;1;2024/03/05 00:00:00+00;1899/12/30 00:00:00+00;REGION METROPOLITANA;COLINA;COLISION PERPENDICULAR;COLISION;URBANA;TRAMO DE VIA RECTA;IMPRUDENCIA DEL CONDUCTOR;NO RESPETAR DERECHO PREFERENTE DE PASO A VEHICULO;ESCRITOR LUIS ORREGO LUCO;;- ESCRITOR LUIS ORREGO LUCO;2696;;;BIDIRECCIONAL;ASFALTO;BUENO;SECO;DESPEJADO;0;0;0;1
-7856071,832;-3947225,358;3849;2024;1594970;-33,390302;-70,572294;1;2024/03/05 00:00:00+00;1899/12/30 00:00:00+00;REGION METROPOLITANA;VITACURA;VOLCADURA;VOLCADURA;URBANA;TRAMO DE VIA RECTA;VELOCIDAD IMPRUDENTE;VELOCIDAD NO RAZONABLE NI PRUDENTE;VITACURA;;- VITACURA;4524;;;BIDIRECCIONAL CON BANDEJON;ASFALTO;BUENO;SECO;DESPEJADO;0;0;0;0
-7868246,066;-3922715,369;3850;2024;1594972;-33,206273;-70,681657;1;2024/03/05 00:00:00+00;1899/12/30 00:00:00+00;REGION METROPOLITANA;COLINA;CHOQUE POSTERIOR/FRENTE;CHOQUE;URBANA;CRUCE CON SENAL PARE;IMPRUDENCIA DEL CONDUCTOR;CONDUCIR VEHICULO EN RETROCESO;MARIA ESTER FUENZALIDA;TUCAPEL;MARIA ESTER FUENZALIDA - TUCAPEL;0;;;BIDIRECCIONAL;ASFALTO;BUENO;SECO;DESPEJADO;0;0;0;0
-7855991,682;-3946129,202;3851;2024;1594974;-33,38208;-70,571574;1;2024/03/05 00:00:00+00;1899/12/30 00:00:00+00;REGION METROPOLITANA;VITACURA;COLISION LATERAL;COLISION;URBANA;TRAMO DE VIA RECTA;IMPRUDENCIA DEL CONDUCTOR;CONDUCCION CAMBIAR SORPRESIVAMENTE PISTA CIRCULACION;LUIS PASTEUR;;- LUIS PASTEUR;6507;;;BIDIRECCIONAL;ASFALTO;BUENO;SECO;DESPEJADO;0;0;0;0
-7874342,812;-4002731,979;3852;2024;1594979;-33,805625;-70,736425;1;2024/03/06 00:00:00+00;1899/12/30 00:00:00+00;REGION TARAPACA;IQUIQUE;COLISION LATERAL;COLISION;URBANA;CRUCE CON SEMAFORO FUNCIONANDO;DESOBEDIENCIA A SENALIZACION;SENALIZACION DESOBEDECER LUZ ROJA DE SEMAFORO;BERNARDO O'HIGGINS;18 DE SEPTIEMBRE;18 DE SEPTIEMBRE - BERNARDO O'HIGGINS;0;;;UNIDIRECCIONAL;ASFALTO;BUENO;SECO;DESPEJADO;0;0;0;1
-7859838,438;-3979055,68;3853;2024;1594980;-33,628714;-70,60613;1;2024/03/02 00:00:00+00;1899/12/30 00:00:00+00;REGION METROPOLITANA;PUENTE ALTO;CHOQUE FRONTAL;CHOQUE;URBANA;TRAMO DE VIA RECTA;IMPRUDENCIA DEL CONDUCTOR;CONDUCCION NO ATENTO CONDICIONES TRANSITO MOMENTO;WEBER;;- WEBER;2354;;;BIDIRECCIONAL;ASFALTO;BUENO;SECO;DESPEJADO;0;0;0;0
-7860113,732;-3977399,731;3854;2024;1594981;-33,616327;-70,608603;1;2024/03/03 00:00:00+00;1899/12/30 00:00:00+00;REGION METROPOLITANA;PUENTE ALTO;COLISION LATERAL;COLISION;URBANA;TRAMO DE VIA RECTA;IMPRUDENCIA DEL CONDUCTOR;VIRAJES INDEBIDOS;EYZAGUIRRE;SAN GUILLERMO;EYZAGUIRRE - SAN GUILLERMO;0;;;BIDIRECCIONAL;ASFALTO;BUENO;SECO;DESPEJADO;0;0;0;2
-7857772,683;-3949047,403;3855;2024;1594985;-33,403967;-70,587573;1;2024/03/07 00:00:00+00;1899/12/30 00:00:00+00;REGION METROPOLITANA;VITACURA;CHOQUE FRONTAL;CHOQUE;URBANA;OTROS NO CONSIDERADOS;ALCOHOL EN CONDUCTOR;CONDUCCION EN ESTADO DE EBRIEDAD;ALONSO DE CORDOVA;;- ALONSO DE CORDOVA;4355;;;BIDIRECCIONAL;ASFALTO;BUENO;SECO;DESPEJADO;0;0;0;0
-7863067,817;-3953481,644;3856;2024;1594988;-33,437214;-70,63514;1;2024/03/01 00:00:00+00;1899/12/30 00:00:00+00;REGION METROPOLITANA;PROVIDENCIA;CHOQUE POSTERIOR/FRENTE;CHOQUE;URBANA;TRAMO DE VIA RECTA;IMPRUDENCIA DEL CONDUCTOR;CONDUCCION NO ATENTO CONDICIONES TRANSITO MOMENTO;PROVIDENCIA;VICUNA MACKENNA;PROVIDENCIA - VICUNA MACKENNA;0;;;UNIDIRECCIONAL;ASFALTO;BUENO;SECO;DESPEJADO;0;0;0;0
-7858611,252;-3974782,408;3857;2024;1594989;-33,596745;-70,595106;1;2024/03/03 00:00:00+00;1899/12/30 00:00:00+00;REGION METROPOLITANA;PUENTE ALTO;COLISION LATERAL;COLISION;URBANA;TRAMO DE VIA RECTA;IMPRUDENCIA DEL CONDUCTOR;CONDUCCION NO ATENTO CONDICIONES TRANSITO MOMENTO;EJERCITO LIBERTADOR;JORGE ROSS OSSA;EJERCITO LIBERTADOR - JORGE ROSS OSSA;0;;;BIDIRECCIONAL;CONCRETO;BUENO;SECO;DESPEJADO;0;0;0;0
-7865185,448;-3953384,264;3858;2024;1594990;-33,436484;-70,654163;1;2024/03/02 00:00:00+00;1899/12/30 00:00:00+00;REGION METROPOLITANA;SANTIAGO;COLISION LATERAL;COLISION;URBANA;CRUCE CON SEMAFORO FUNCIONANDO;DESOBEDIENCIA A SENALIZACION;SENALIZACION DESOBEDECER LUZ ROJA DE SEMAFORO;MORANDE;STO DOMINGO;MORANDE - STO DOMINGO;0;;;UNIDIRECCIONAL;ASFALTO;BUENO;SECO;DESPEJADO;0;0;0;1
-7865341,406;-3952831,079;3859;2024;1594991;-33,432337;-70,655564;1;2024/03/03 00:00:00+00;1899/12/30 00:00:00+00;REGION METROPOLITANA;SANTIAGO;VOLCADURA;VOLCADURA;URBANA;TRAMO DE VIA RECTA;IMPRUDENCIA DEL CONDUCTOR;CONDUCCION NO ATENTO CONDICIONES TRANSITO MOMENTO;PDTE BALMACEDA;TEATINOS;PDTE BALMACEDA - TEATINOS;0;;;UNIDIRECCIONAL;ASFALTO;BUENO;SECO;DESPEJADO;0;0;0;1
-7865635,29;-3955864,515;3860;2024;1594994;-33,455075;-70,658204;1;2024/03/04 00:00:00+00;1899/12/30 00:00:00+00;REGION METROPOLITANA;SANTIAGO;ATROPELLO;ATROPELLO;URBANA;TRAMO DE VIA RECTA;IMPRUDENCIA DEL PEATON;PEATON CRUZA CALZADA FUERA PASO PEATONES;MANUEL RODRIGUEZ;DOMEYKO;DOMEYKO - MANUEL RODRIGUEZ;0;;;UNIDIRECCIONAL;CONCRETO;BUENO;SECO;DESPEJADO;1;0;0;0
-7877182,238;-3950441,231;3861;2024;1594995;-33,414419;-70,761932;1;2024/03/05 00:00:00+00;1899/12/30 00:00:00+00;REGION METROPOLITANA;CERRO NAVIA;ATROPELLO;ATROPELLO;URBANA;TRAMO DE VIA RECTA;IMPRUDENCIA DEL PEATON;PEATON CRUZA CALZADA FORMA SORPRESIVA O DESCUIDADA;LA CAPILLA;FRATERNIDAD;FRATERNIDAD - LA CAPILLA;0;;;BIDIRECCIONAL;ASFALTO;BUENO;SECO;DESPEJADO;1;0;0;0
-7859539,657;-3951491,247;3862;2024;1594996;-33,422292;-70,603446;1;2024/03/04 00:00:00+00;1899/12/30 00:00:00+00;REGION METROPOLITANA;PROVIDENCIA;COLISION LATERAL;COLISION;URBANA;TRAMO DE VIA RECTA;IMPRUDENCIA DEL CONDUCTOR;CONDUCCION NO ATENTO CONDICIONES TRANSITO MOMENTO;HOLANDA;;- HOLANDA;337;;;UNIDIRECCIONAL;ASFALTO;REGULAR;SECO;DESPEJADO;0;0;0;0
-7858524,98;-3953274,879;3863;2024;1594997;-33,435664;-70,594331;1;2024/03/03 00:00:00+00;1899/12/30 00:00:00+00;REGION METROPOLITANA;PROVIDENCIA;CHOQUE FRENTE/LADO;CHOQUE;URBANA;ACERA O BERMA;IMPRUDENCIA DEL CONDUCTOR;CONDUCCION NO ATENTO CONDICIONES TRANSITO MOMENTO;FRANCISCO BILBAO;;- FRANCISCO BILBAO;2752;;;BIDIRECCIONAL;ASFALTO;BUENO;SECO;DESPEJADO;0;0;0;0
-7863067,817;-3953481,644;3864;2024;1594998;-33,437214;-70,63514;1;2024/03/03 00:00:00+00;1899/12/30 00:00:00+00;REGION METROPOLITANA;PROVIDENCIA;COLISION POR ALCANCE;COLISION;URBANA;TRAMO DE VIA RECTA;IMPRUDENCIA DEL CONDUCTOR;CONDUCCION NO ATENTO CONDICIONES TRANSITO MOMENTO;VICUNA MACKENNA;PROVIDENCIA;PROVIDENCIA - VICUNA MACKENNA;0;;;BIDIRECCIONAL;ASFALTO;BUENO;SECO;DESPEJADO;0;0;0;0
-7859366,11;-3950930,551;3865;2024;1594999;-33,418088;-70,601887;1;2024/03/02 00:00:00+00;1899/12/30 00:00:00+00;REGION METROPOLITANA;PROVIDENCIA;CHOQUE LADO/LADO;CHOQUE;URBANA;CRUCE CON SEMAFORO FUNCIONANDO;IMPRUDENCIA DEL CONDUCTOR;CONDUCCION NO ATENTO CONDICIONES TRANSITO MOMENTO;TOBALABA;VITACURA;TOBALABA - VITACURA;0;;;BIDIRECCIONAL;ASFALTO;REGULAR;SECO;DESPEJADO;0;0;0;0
-7867822,272;-3966248,627;3866;2024;1595000;-33,532867;-70,67785;1;2024/03/02 00:00:00+00;1899/12/30 00:00:00+00;REGION METROPOLITANA;LA CISTERNA;COLISION POR ALCANCE;COLISION;URBANA;TRAMO DE VIA RECTA;IMPRUDENCIA DEL CONDUCTOR;CONDUCCION NO ATENTO CONDICIONES TRANSITO MOMENTO;AMERICO VESPUCIO;;- AMERICO VESPUCIO;1285;;;BIDIRECCIONAL;CONCRETO;BUENO;SECO;DESPEJADO;0;0;0;0
-7860305,09;-3951134,207;3867;2024;1595001;-33,419615;-70,610322;1;2024/02/28 00:00:00+00;1899/12/30 00:00:00+00;REGION METROPOLITANA;PROVIDENCIA;COLISION POR ALCANCE;COLISION;URBANA;CRUCE CON SEMAFORO FUNCIONANDO;IMPRUDENCIA DEL CONDUCTOR;CONDUCCION NO ATENTO CONDICIONES TRANSITO MOMENTO;ANDRES BELLO;STA MAGDALENA;ANDRES BELLO - STA MAGDALENA;0;;;UNIDIRECCIONAL;ASFALTO;REGULAR;SECO;DESPEJADO;0;0;0;0
-7859459,618;-3951013,907;3868;2024;1595003;-33,418713;-70,602727;1;2024/03/04 00:00:00+00;1899/12/30 00:00:00+00;REGION METROPOLITANA;PROVIDENCIA;CHOQUE POSTERIOR/POSTERIOR;CHOQUE;URBANA;CRUCE CON SEMAFORO APAGADO;IMPRUDENCIA DEL CONDUCTOR;CONDUCCION NO ATENTO CONDICIONES TRANSITO MOMENTO;LUIS THAYER OJEDA;PROVIDENCIA;LUIS THAYER OJEDA - PROVIDENCIA;0;;;UNIDIRECCIONAL;ASFALTO;REGULAR;SECO;DESPEJADO;0;0;0;0
-7863067,817;-3953481,644;3869;2024;1595004;-33,437214;-70,63514;1;2024/03/01 00:00:00+00;1899/12/30 00:00:00+00;REGION METROPOLITANA;PROVIDENCIA;COLISION LATERAL;COLISION;URBANA;CRUCE CON SEMAFORO FUNCIONANDO;IMPRUDENCIA DEL CONDUCTOR;ADELANTAMIENTO SIN EL ESPACIO O TIEMPO SUFICIENTE;PROVIDENCIA;VICUNA MACKENNA;PROVIDENCIA - VICUNA MACKENNA;0;;;UNIDIRECCIONAL;ASFALTO;BUENO;SECO;DESPEJADO;0;0;0;0
-7861420,177;-3952362,887;3870;2024;1595006;-33,428827;-70,620339;1;2024/03/05 00:00:00+00;1899/12/30 00:00:00+00;REGION METROPOLITANA;PROVIDENCIA;COLISION LATERAL;COLISION;URBANA;TRAMO DE VIA RECTA;IMPRUDENCIA DEL CONDUCTOR;CONDUCCION NO ATENTO CONDICIONES TRANSITO MOMENTO;MANUEL MONTT;PROVIDENCIA;MANUEL MONTT - PROVIDENCIA;0;;;UNIDIRECCIONAL;ASFALTO;REGULAR;SECO;DESPEJADO;0;0;0;0
-7858670,252;-3972700,683;3871;2024;1595022;-33,581167;-70,595636;1;2024/02/24 00:00:00+00;1899/12/30 00:00:00+00;REGION METROPOLITANA;PUENTE ALTO;CHOQUE FRONTAL;CHOQUE;URBANA;TRAMO DE VIA RECTA;IMPRUDENCIA DEL CONDUCTOR;CONDUCCION NO ATENTO CONDICIONES TRANSITO MOMENTO;GABRIELA PONIENTE;ACCESO SUR;ACCESO SUR - GABRIELA PONIENTE;0;;;BIDIRECCIONAL;CONCRETO;BUENO;SECO;DESPEJADO;0;0;0;0
-7871808,957;-3944091,283;3872;2024;1595044;-33,366792;-70,713663;1;2024/02/22 00:00:00+00;1899/12/30 00:00:00+00;REGION METROPOLITANA;QUILICURA;COLISION POR ALCANCE;COLISION;URBANA;CRUCE CON SEMAFORO FUNCIONANDO;IMPRUDENCIA DEL CONDUCTOR;CONDUCCION NO ATENTO CONDICIONES TRANSITO MOMENTO;MANUEL ANTONIO MATTA;SEPTIMO DE LINEA;MANUEL ANTONIO MATTA - SEPTIMO DE LINEA;0;;;BIDIRECCIONAL CON BANDEJON;ASFALTO;BUENO;SECO;DESPEJADO;0;0;0;0
-7867292,948;-3955802,472;3873;2024;1595070;-33,45461;-70,673095;1;2024/03/03 00:00:00+00;1899/12/30 00:00:00+00;REGION METROPOLITANA;SANTIAGO;COLISION LATERAL;COLISION;URBANA;CRUCE CON SENAL CEDA EL PASO;ALCOHOL EN CONDUCTOR;CONDUCCION EN ESTADO DE EBRIEDAD;UNION AMERICANA;GORBEA;GORBEA - UNION AMERICANA;0;;;UNIDIRECCIONAL;CONCRETO;BUENO;SECO;DESPEJADO;0;0;0;2
-7867183,298;-3956295,755;3874;2024;1595072;-33,458307;-70,67211;1;2024/03/01 00:00:00+00;1899/12/30 00:00:00+00;REGION METROPOLITANA;SANTIAGO;COLISION LATERAL;COLISION;URBANA;CRUCE CON SEMAFORO FUNCIONANDO;IMPRUDENCIA DEL CONDUCTOR;CONDUCCION NO ATENTO CONDICIONES TRANSITO MOMENTO;BLANCO ENCALADA;ABATE MOLINA;ABATE MOLINA - BLANCO ENCALADA;0;;;BIDIRECCIONAL CON BANDEJON;ASFALTO;BUENO;SECO;DESPEJADO;0;0;0;0
-7866622,694;-3955787,528;3875;2024;1595073;-33,454498;-70,667074;1;2024/03/01 00:00:00+00;1899/12/30 00:00:00+00;REGION METROPOLITANA;SANTIAGO;COLISION PERPENDICULAR;COLISION;URBANA;CRUCE CON SENAL PARE;IMPRUDENCIA DEL CONDUCTOR;CONDUCCION NO ATENTO CONDICIONES TRANSITO MOMENTO;TOESCA;REPUBLICA;REPUBLICA - TOESCA;0;;;UNIDIRECCIONAL;CONCRETO;BUENO;SECO;DESPEJADO;0;0;0;2
-7866616,571;-3955331,758;3876;2024;1595074;-33,451082;-70,667019;1;2024/02/28 00:00:00+00;1899/12/30 00:00:00+00;REGION METROPOLITANA;SANTIAGO;CHOQUE FRENTE/POSTERIOR;CHOQUE;URBANA;TRAMO DE VIA RECTA;IMPRUDENCIA DEL CONDUCTOR;CONDUCCION NO ATENTO CONDICIONES TRANSITO MOMENTO;SAZIE;;- SAZIE;2250;;;UNIDIRECCIONAL;CONCRETO;BUENO;SECO;DESPEJADO;0;0;0;0
-7902303,373;-3986313,675;3877;2024;1595087;-33,682985;-70,987599;1;2024/02/29 00:00:00+00;1899/12/30 00:00:00+00;REGION METROPOLITANA;EL MONTE;COLISION LATERAL;COLISION;URBANA;CRUCE SIN SENALIZACION;IMPRUDENCIA DEL CONDUCTOR;CONDUCCION NO ATENTO CONDICIONES TRANSITO MOMENTO;LOS LIBERTADORES;MILLACURA;LOS LIBERTADORES - MILLACURA;0;;;BIDIRECCIONAL;CONCRETO;BUENO;SECO;DESPEJADO;0;0;0;1
-7866226,619;-3950151,97;3878;2024;1595089;-33,41225;-70,663516;1;2024/03/06 00:00:00+00;1899/12/30 00:00:00+00;REGION METROPOLITANA;INDEPENDENCIA;COLISION PERPENDICULAR;COLISION;URBANA;CRUCE CON SENAL PARE;DESOBEDIENCIA A SENALIZACION;SENALIZACION DESOBEDECER SENAL PARE;ESCANILLA;INGLATERRA;ESCANILLA - INGLATERRA;0;;;UNIDIRECCIONAL;CONCRETO;BUENO;SECO;DESPEJADO;0;0;0;0
-7927845,742;-3987438,538;3879;2024;1595091;-33,691393;-71,21705;1;2024/03/03 00:00:00+00;1899/12/30 00:00:00+00;REGION METROPOLITANA;MELIPILLA;COLISION PERPENDICULAR;COLISION;URBANA;CRUCE CON SENAL PARE;DESOBEDIENCIA A SENALIZACION;SENALIZACION DESOBEDECER SENAL PARE;SILVA CHAVEZ;BERNARDO O'HIGGINS;BERNARDO O'HIGGINS - SILVA CHAVEZ;0;;;UNIDIRECCIONAL;ASFALTO;BUENO;SECO;DESPEJADO;0;0;0;4
-7870923,856;-3956173,8;3880;2024;1595110;-33,457393;-70,705712;1;2024/01/31 00:00:00+00;1899/12/30 00:00:00+00;REGION METROPOLITANA;ESTACION CENTRAL;COLISION POR ALCANCE;COLISION;URBANA;CRUCE CON SEMAFORO FUNCIONANDO;IMPRUDENCIA DEL CONDUCTOR;CONDUCCION SIN MANTENER DISTANCIA RAZONABLE NI PRUDENTE;LAS REJAS SUR;LIBER BERNARDO O'HIGGINS;LAS REJAS SUR - LIBER BERNARDO O'HIGGINS;0;;;BIDIRECCIONAL CON BANDEJON;ASFALTO;BUENO;SECO;DESPEJADO;0;0;0;0
-7873288,059;-3952500,008;3881;2024;1595117;-33,429855;-70,72695;1;2024/02/06 00:00:00+00;1899/12/30 00:00:00+00;REGION METROPOLITANA;CERRO NAVIA;CHOQUE FRENTE/POSTERIOR;CHOQUE;URBANA;TRAMO DE VIA RECTA;IMPRUDENCIA DEL CONDUCTOR;CONDUCCION NO ATENTO CONDICIONES TRANSITO MOMENTO;JOSE JOAQUIN PEREZ;;- JOSE JOAQUIN PEREZ;6658;;;BIDIRECCIONAL;ASFALTO;BUENO;SECO;DESPEJADO;0;0;0;0
-7872281,707;-3954610,887;3882;2024;1595120;-33,445679;-70,71791;1;2024/02/10 00:00:00+00;1899/12/30 00:00:00+00;REGION METROPOLITANA;LO PRADO;ATROPELLO;ATROPELLO;URBANA;CRUCE CON SENAL CEDA EL PASO;VELOCIDAD IMPRUDENTE;VELOCIDAD NO RAZONABLE NI PRUDENTE;REINA MAUD;PARDO VILLALON;PARDO VILLALON - REINA MAUD;0;;;BIDIRECCIONAL;ASFALTO;BUENO;SECO;DESPEJADO;0;1;0;0
-7872879,739;-3954100,228;3883;2024;1595122;-33,441851;-70,723282;1;2024/02/10 00:00:00+00;1899/12/30 00:00:00+00;REGION METROPOLITANA;LO PRADO;CHOQUE FRENTE/POSTERIOR;CHOQUE;URBANA;TRAMO DE VIA RECTA;ALCOHOL EN CONDUCTOR;CONDUCCION EN ESTADO DE EBRIEDAD;NEPTUNO;;- NEPTUNO;912;;;BIDIRECCIONAL;ASFALTO;BUENO;SECO;DESPEJADO;0;0;0;0
-7873907,441;-3953720,963;3884;2024;1595124;-33,439008;-70,732514;1;2024/02/13 00:00:00+00;1899/12/30 00:00:00+00;REGION METROPOLITANA;LO PRADO;CHOQUE FRONTAL;CHOQUE;URBANA;TRAMO DE VIA RECTA;VELOCIDAD IMPRUDENTE;VELOCIDAD NO RAZONABLE NI PRUDENTE;LOS ROBLES;;- LOS ROBLES;1013;;;BIDIRECCIONAL;ASFALTO;BUENO;SECO;DESPEJADO;0;0;0;0
-7862627,243;-3972916,544;3885;2024;1595131;-33,582782;-70,631182;1;2024/03/06 00:00:00+00;1899/12/30 00:00:00+00;REGION METROPOLITANA;LA PINTANA;COLISION;COLISION;URBANA;CRUCE CON SENAL PARE;DESOBEDIENCIA A SENALIZACION;SENALIZACION DESOBEDECER SENAL PARE;BALDOMERO LILLO;ANIBAL PINTO;ANIBAL PINTO - BALDOMERO LILLO;0;;;BIDIRECCIONAL;ASFALTO;BUENO;SECO;DESPEJADO;0;0;0;2
-7862288,58;-3974097,768;3886;2024;1595134;-33,591622;-70,62814;1;2024/03/07 00:00:00+00;1899/12/30 00:00:00+00;REGION METROPOLITANA;LA PINTANA;COLISION FRONTAL;COLISION;URBANA;CRUCE CON SEMAFORO FUNCIONANDO;DESOBEDIENCIA A SENALIZACION;SENALIZACION DESOBEDECER LUZ ROJA DE SEMAFORO;LOS MANANTIALES;STA ROSA;LOS MANANTIALES - STA ROSA;0;;;BIDIRECCIONAL;ASFALTO;BUENO;SECO;DESPEJADO;0;0;0;0