ï»¿X;Y;FID;AÃ±o;IdAccident;Latitud;longitud;ClaseAccid;Fecha;Hora;RegiÃ³n;Comuna;Tipo_Accid;Tipo__CONA;Zona;UbicaciÃ³n;Causa__CON;Causa_Acci;Calle_Uno;Calle_Dos;Intersecci;NÃºmero;Ruta;Ubicaci_1;Calzada;Tipo_Calza;Estado_Cal;CondiciÃ³n;Estado_Atm;Fallecidos;Graves;Menos_Grav;Leves
-7878176,543;-3962203,571;4591;2024;1603861;-33,502572;-70,770864;1;2024/04/13 00:00:00+00;1899/12/30 00:00:00+00;REGION METROPOLITANA;MAIPU;COLISION LATERAL;COLISION;URBANA;CRUCE CON SEMAFORO FUNCIONANDO;IMPRUDENCIA DEL CONDUCTOR;CONDUCCION NO ATENTO CONDICIONES TRANSITO MOMENTO;LOS PAJARITOS;LIBER BERNARDO O'HIGGINS;LIBER BERNARDO O'HIGGINS - LOS PAJARITOS;0;;;BIDIRECCIONAL CON BANDEJON;ASFALTO;BUENO;SECO;DESPEJADO;0;0;0;0
-7857647,003;-3968983,03;4592;2024;1603862;-33,55334;-70,586444;1;2024/03/13 00:00:00+00;1899/12/30 00:00:00+00;REGION METROPOLITANA;LA FLORIDA;ATROPELLO;ATROPELLO;URBANA;CRUCE CON SEMAFORO FUNCIONANDO;IMPRUDENCIA DEL PEATON;IMPRUDENCIA DEL PEATON;VICUNA MACKENNA;SAN JOSE DE LA ESTRELLA;SAN JOSE DE LA ESTRELLA - VICUNA MACKENNA;0;;;BIDIRECCIONAL CON BANDEJON;ASFALTO;BUENO;SECO;DESPEJADO;0;0;0;1
-7877953,014;-3961393,395;4593;2024;1603863;-33,496503;-70,768856;1;2024/04/13 00:00:00+00;1899/12/30 00:00:00+00;REGION METROPOLITANA;MAIPU;COLISION FRONTAL;COLISION;URBANA;CRUCE CON SENAL PARE;DESOBEDIENCIA A SENALIZACION;SENALIZACION DESOBEDECER SENAL PARE;HERNAN BRAVO CRUZ;DE LA VICTORIA;DE LA VICTORIA - HERNAN BRAVO CRUZ;0;;;BIDIRECCIONAL;ASFALTO;BUENO;SECO;DESPEJADO;0;0;0;0
-7867959,283;-3957788,089;4594;2024;1603869;-33,469491;-70,679081;1;2024/04/14 00:00:00+00;1899/12/30 00:00:00+00;REGION METROPOLITANA;SANTIAGO;COLISION LATERAL;COLISION;URBANA;TRAMO DE VIA RECTA;IMPRUDENCIA DEL CONDUCTOR;ADELANTAMIENTO SIN EL ESPACIO O TIEMPO SUFICIENTE;SEPULVEDA LEYTON;EXPOSICION;EXPOSICION - SEPULVEDA LEYTON;0;;;BIDIRECCIONAL;ASFALTO;BUENO;SECO;DESPEJADO;0;0;0;0
-7875992,455;-3964299,159;4595;2024;1603875;-33,518268;-70,751244;1;2024/04/08 00:00:00+00;1899/12/30 00:00:00+00;REGION METROPOLITANA;MAIPU;COLISION LATERAL;COLISION;URBANA;CRUCE CON SENAL PARE;IMPRUDENCIA DEL CONDUCTOR;ADELANTAMIENTO SIN EL ESPACIO O TIEMPO SUFICIENTE;STA MARIA;VICENTE REYES;STA MARIA - VICENTE REYES;0;;;UNIDIRECCIONAL;ASFALTO;BUENO;SECO;DESPEJADO;0;0;0;0
-7857859,289;-3963235,296;4596;2024;1603878;-33,5103;-70,588351;1;2024/03/15 00:00:00+00;1899/12/30 00:00:00+00;REGION METROPOLITANA;LA FLORIDA;COLISION POR ALCANCE;COLISION;URBANA;CRUCE CON SEMAFORO FUNCIONANDO;IMPRUDENCIA DEL CONDUCTOR;CONDUCCION NO ATENTO CONDICIONES TRANSITO MOMENTO;LA FLORIDA;DEPARTAMENTAL;DEPARTAMENTAL - LA FLORIDA;0;;;BIDIRECCIONAL CON BANDEJON;ASFALTO;BUENO;SECO;DESPEJADO;0;1;0;0
-7856586,796;-3975851,747;4597;2024;1603879;-33,604746;-70,57692;1;2024/04/14 00:00:00+00;1899/12/30 00:00:00+00;REGION METROPOLITANA;PUENTE ALTO;COLISION PERPENDICULAR;COLISION;URBANA;CRUCE CON SEMAFORO FUNCIONANDO;DESOBEDIENCIA A SENALIZACION;SENALIZACION DESOBEDECER LUZ ROJA DE SEMAFORO;CONCHA Y TORO;TTE BELLO;CONCHA Y TORO - TTE BELLO;0;;;BIDIRECCIONAL;ASFALTO;BUENO;SECO;NUBLADO;0;0;0;0
-7876325,857;-3958922,635;4598;2024;1603880;-33,477992;-70,754239;1;2024/04/11 00:00:00+00;1899/12/30 00:00:00+00;REGION METROPOLITANA;MAIPU;COLISION LATERAL;COLISION;URBANA;TRAMO DE VIA RECTA;IMPRUDENCIA DEL CONDUCTOR;CONDUCCION NO ATENTO CONDICIONES TRANSITO MOMENTO;STA ELENA;;- STA ELENA;901;;;BIDIRECCIONAL;ASFALTO;BUENO;SECO;DESPEJADO;0;0;0;0
-7862097,445;-3953011,958;4599;2024;1603881;-33,433693;-70,626423;1;2024/04/11 00:00:00+00;1899/12/30 00:00:00+00;REGION METROPOLITANA;PROVIDENCIA;COLISION LATERAL;COLISION;URBANA;TRAMO DE VIA RECTA;IMPRUDENCIA DEL CONDUCTOR;CONDUCCION NO ATENTO CONDICIONES TRANSITO MOMENTO;PROVIDENCIA;SALVADOR;PROVIDENCIA - SALVADOR;0;;;BIDIRECCIONAL CON BANDEJON;CONCRETO;BUENO;SECO;DESPEJADO;0;0;0;0
-7858510,286;-3956096,811;4600;2024;1603886;-33,456816;-70,594199;1;2024/04/12 00:00:00+00;1899/12/30 00:00:00+00;REGION METROPOLITANA;NUNOA;COLISION LATERAL;COLISION;URBANA;TRAMO DE VIA RECTA;IMPRUDENCIA DEL CONDUCTOR;CONDUCCION NO ATENTO CONDICIONES TRANSITO MOMENTO;HUMBERTO TRUCCO;DUBLE ALMEYDA;DUBLE ALMEYDA - HUMBERTO TRUCCO;0;;;BIDIRECCIONAL;ASFALTO;BUENO;SECO;DESPEJADO;0;0;0;0
-7857272,969;-3960912,843;4601;2024;1603895;-33,492903;-70,583084;1;2024/04/14 00:00:00+00;1899/12/30 00:00:00+00;REGION METROPOLITANA;MACUL;COLISION POR ALCANCE;COLISION;URBANA;TRAMO DE VIA RECTA;IMPRUDENCIA DEL CONDUCTOR;CONDUCCION NO ATENTO CONDICIONES TRANSITO MOMENTO;AMERICO VESPUCIO;;- AMERICO VESPUCIO;3911;;;BIDIRECCIONAL;ASFALTO;BUENO;SECO;DESPEJADO;0;0;0;0
-7864883,326;-3956688,981;4602;2024;1603898;-33,461254;-70,651449;1;2024/04/13 00:00:00+00;1899/12/30 00:00:00+00;REGION METROPOLITANA;SANTIAGO;COLISION LATERAL;COLISION;URBANA;TRAMO DE VIA RECTA;IMPRUDENCIA DEL CONDUCTOR;CONDUCCION NO ATENTO CONDICIONES TRANSITO MOMENTO;LIBER BERNARDO O'HIGGINS;NATANIEL COX;LIBER BERNARDO O'HIGGINS - NATANIEL COX;0;;;BIDIRECCIONAL CON BANDEJON;ASFALTO;BUENO;SECO;DESPEJADO;0;0;0;0
-7861640,033;-3958859,108;4603;2024;1603899;-33,477516;-70,622314;1;2024/04/14 00:00:00+00;1899/12/30 00:00:00+00;REGION METROPOLITANA;MACUL;ATROPELLO;ATROPELLO;URBANA;CRUCE CON SENAL CEDA EL PASO;IMPRUDENCIA DEL CONDUCTOR;CONDUCCION NO ATENTO CONDICIONES TRANSITO MOMENTO;RODRIGO DE ARAYA;PSJE 28;PSJE 28 - RODRIGO DE ARAYA;0;;;BIDIRECCIONAL;ASFALTO;BUENO;SECO;DESPEJADO;0;0;0;2
-7870059,015;-3948423,489;4604;2024;1603902;-33,399288;-70,697943;1;2024/04/15 00:00:00+00;1899/12/30 00:00:00+00;REGION METROPOLITANA;RENCA;COLISION FRONTAL;COLISION;URBANA;TRAMO DE VIA RECTA;IMPRUDENCIA DEL CONDUCTOR;CONDUCCION CONTRA SENTIDO DEL TRANSITO;APOSTOL SANTIAGO;SENADOR JAIME GUZMAN;APOSTOL SANTIAGO - SENADOR JAIME GUZMAN;0;;;UNIDIRECCIONAL;ASFALTO;BUENO;SECO;DESPEJADO;0;0;0;0
-7855380,872;-3968544,371;4605;2024;1603907;-33,550056;-70,566087;1;2024/04/07 00:00:00+00;1899/12/30 00:00:00+00;REGION METROPOLITANA;PUENTE ALTO;COLISION LATERAL;COLISION;URBANA;TRAMO DE VIA RECTA;IMPRUDENCIA DEL CONDUCTOR;CONDUCCION NO ATENTO CONDICIONES TRANSITO MOMENTO;CAMILO HENRIQUEZ;LAGO YELCHO;CAMILO HENRIQUEZ - LAGO YELCHO;0;;;BIDIRECCIONAL;CONCRETO;BUENO;SECO;DESPEJADO;0;0;0;0
-7856441,302;-3975416,034;4606;2024;1603928;-33,601486;-70,575613;1;2024/04/09 00:00:00+00;1899/12/30 00:00:00+00;REGION METROPOLITANA;PUENTE ALTO;COLISION LATERAL;COLISION;URBANA;TRAMO DE VIA RECTA;IMPRUDENCIA DEL CONDUCTOR;CONDUCCION NO ATENTO CONDICIONES TRANSITO MOMENTO;CONCHA Y TORO;;- CONCHA Y TORO;1149;;;BIDIRECCIONAL;CONCRETO;BUENO;SECO;DESPEJADO;0;0;0;0
-7860210,134;-3952715,163;4607;2024;1603934;-33,431468;-70,609469;1;2024/04/12 00:00:00+00;1899/12/30 00:00:00+00;REGION METROPOLITANA;PROVIDENCIA;COLISION LATERAL;COLISION;URBANA;CRUCE SIN SENALIZACION;IMPRUDENCIA DEL CONDUCTOR;CONDUCCION NO ATENTO CONDICIONES TRANSITO MOMENTO;PEDRO DE VALDIVIA;ELIODORO YANEZ;ELIODORO YANEZ - PEDRO DE VALDIVIA;0;;;UNIDIRECCIONAL;ASFALTO;BUENO;SECO;DESPEJADO;0;0;0;1
-7859223,064;-3953603,704;4608;2024;1603939;-33,438129;-70,600602;1;2024/04/10 00:00:00+00;1899/12/30 00:00:00+00;REGION METROPOLITANA;PROVIDENCIA;COLISION LATERAL;COLISION;URBANA;TRAMO DE VIA RECTA;IMPRUDENCIA DEL CONDUCTOR;CONDUCCION NO ATENTO CONDICIONES TRANSITO MOMENTO;LOS LEONES;MARIATEGUI;LOS LEONES - MARIATEGUI;0;;;UNIDIRECCIONAL;ASFALTO;BUENO;SECO;DESPEJADO;0;0;0;0
-7860208,576;-3952711,829;4609;2024;1603941;-33,431443;-70,609455;1;2024/04/13 00:00:00+00;1899/12/30 00:00:00+00;REGION METROPOLITANA;PROVIDENCIA;COLISION POR ALCANCE;COLISION;URBANA;TRAMO DE VIA RECTA;IMPRUDENCIA DEL CONDUCTOR;CONDUCCION NO ATENTO CONDICIONES TRANSITO MOMENTO;TOBALABA;LOS COPIHUES;LOS COPIHUES - TOBALABA;0;;;BIDIRECCIONAL;ASFALTO;REGULAR;MOJADO;DESPEJADO;0;0;0;0
-7861762,373;-3952969,406;4610;2024;1603943;-33,433374;-70,623413;1;2024/04/14 00:00:00+00;1899/12/30 00:00:00+00;REGION METROPOLITANA;PROVIDENCIA;COLISION LATERAL;COLISION;URBANA;CRUCE CON SEMAFORO FUNCIONANDO;IMPRUDENCIA DEL CONDUCTOR;CONDUCCION NO ATENTO CONDICIONES TRANSITO MOMENTO;JOSE MANUEL INFANTE;ELIODORO YANEZ;ELIODORO YANEZ - JOSE MANUEL INFANTE;0;;;UNIDIRECCIONAL;ASFALTO;REGULAR;SECO;DESPEJADO;0;0;0;0
-7860208,576;-3952711,829;4611;2024;1603946;-33,431443;-70,609455;1;2024/04/10 00:00:00+00;1899/12/30 00:00:00+00;REGION METROPOLITANA;PROVIDENCIA;COLISION POR ALCANCE;COLISION;URBANA;CRUCE CON SEMAFORO FUNCIONANDO;IMPRUDENCIA DEL CONDUCTOR;CONDUCCION CAMBIAR SORPRESIVAMENTE PISTA CIRCULACION;ANDRES BELLO;LOS LEONES;ANDRES BELLO - LOS LEONES;0;;;UNIDIRECCIONAL;ASFALTO;BUENO;SECO;DESPEJADO;0;0;0;0
-7862937,796;-3954102,496;4612;2024;1603947;-33,441868;-70,633972;1;2024/04/08 00:00:00+00;1899/12/30 00:00:00+00;REGION METROPOLITANA;PROVIDENCIA;CHOQUE POSTERIOR/POSTERIOR;CHOQUE;URBANA;CRUCE CON SEMAFORO FUNCIONANDO;IMPRUDENCIA DEL CONDUCTOR;CONDUCCION NO ATENTO CONDICIONES TRANSITO MOMENTO;VICUNA MACKENNA;RANCAGUA;RANCAGUA - VICUNA MACKENNA;0;;;BIDIRECCIONAL;ASFALTO;BUENO;HUMEDO;DESPEJADO;0;0;0;1
-7865636,848;-3953524,198;4613;2024;1603948;-33,437533;-70,658218;1;2024/03/19 00:00:00+00;1899/12/30 00:00:00+00;REGION METROPOLITANA;SANTIAGO;COLISION POR ALCANCE;COLISION;URBANA;OTROS NO CONSIDERADOS;IMPRUDENCIA DEL CONDUCTOR;CONDUCCION SIN MANTENER DISTANCIA RAZONABLE NI PRUDENTE;SAN MARTIN;;- SAN MARTIN;553;;;UNIDIRECCIONAL;CONCRETO;BUENO;SECO;DESPEJADO;0;0;0;1
-7856802,867;-3974440,685;4614;2024;1603949;-33,594188;-70,578861;1;2024/04/08 00:00:00+00;1899/12/30 00:00:00+00;REGION METROPOLITANA;PUENTE ALTO;COLISION POR ALCANCE;COLISION;URBANA;TRAMO DE VIA RECTA;IMPRUDENCIA DEL CONDUCTOR;CONDUCCION NO ATENTO CONDICIONES TRANSITO MOMENTO;CONCHA Y TORO;JORGE ROSS OSSA;CONCHA Y TORO - JORGE ROSS OSSA;0;;;BIDIRECCIONAL;CONCRETO;BUENO;SECO;DESPEJADO;0;0;0;0
-7860841,872;-3951190,89;4615;2024;1603950;-33,42004;-70,615144;1;2024/04/09 00:00:00+00;1899/12/30 00:00:00+00;REGION METROPOLITANA;PROVIDENCIA;COLISION LATERAL;COLISION;URBANA;CRUCE CON SENAL CEDA EL PASO;DESOBEDIENCIA A SENALIZACION;SENALIZACION DESOBEDECER SENAL CEDA EL PASO;PEDRO DE VALDIVIA NORTE;LOS ESPANOLES;LOS ESPANOLES - PEDRO DE VALDIVIA NORTE;0;;;BIDIRECCIONAL;ASFALTO;REGULAR;SECO;DESPEJADO;0;0;0;1
-7861705,155;-3954617,986;4616;2024;1603954;-33,445732;-70,622899;1;2024/04/10 00:00:00+00;1899/12/30 00:00:00+00;REGION METROPOLITANA;PROVIDENCIA;CAIDA;CAIDA;URBANA;CRUCE CON SEMAFORO FUNCIONANDO;IMPRUDENCIA DEL CONDUCTOR;CONDUCCION NO ATENTO CONDICIONES TRANSITO MOMENTO;SALVADOR;STA ISABEL;SALVADOR - STA ISABEL;0;;;BIDIRECCIONAL;ASFALTO;REGULAR;SECO;DESPEJADO;0;1;0;0
-7865677,814;-3952731,97;4617;2024;1603956;-33,431594;-70,658586;1;2024/03/20 00:00:00+00;1899/12/30 00:00:00+00;REGION METROPOLITANA;SANTIAGO;CAIDA;CAIDA;URBANA;OTROS NO CONSIDERADOS;IMPRUDENCIA DEL PASAJERO;IMPRUDENCIA DEL PASAJERO;PDTE BALMACEDA;SAN MARTIN;PDTE BALMACEDA - SAN MARTIN;0;;;UNIDIRECCIONAL;CONCRETO;BUENO;SECO;DESPEJADO;0;0;0;1
-7861882,153;-3952545,36;4618;2024;1603958;-33,430195;-70,624489;1;2024/04/08 00:00:00+00;1899/12/30 00:00:00+00;REGION METROPOLITANA;PROVIDENCIA;COLISION FRONTAL;COLISION;URBANA;CRUCE SIN SENALIZACION;IMPRUDENCIA DEL CONDUCTOR;CONDUCCION NO ATENTO CONDICIONES TRANSITO MOMENTO;ANDRES BELLO;HUELEN;ANDRES BELLO - HUELEN;0;;;UNIDIRECCIONAL;ASFALTO;REGULAR;HUMEDO;DESPEJADO;0;1;0;0
-7862757,792;-3954844,654;4619;2024;1603964;-33,447431;-70,632355;1;2024/04/12 00:00:00+00;1899/12/30 00:00:00+00;REGION METROPOLITANA;PROVIDENCIA;ATROPELLO;ATROPELLO;URBANA;CRUCE CON SEMAFORO FUNCIONANDO;IMPRUDENCIA DEL CONDUCTOR;CONDUCCION NO ATENTO CONDICIONES TRANSITO MOMENTO;STA ISABEL;VICUNA MACKENNA;STA ISABEL - VICUNA MACKENNA;0;;;UNIDIRECCIONAL;ASFALTO;REGULAR;HUMEDO;DESPEJADO;0;0;0;1
-7866866,595;-3955039,306;4620;2024;1603967;-33,44889;-70,669265;1;2024/03/22 00:00:00+00;1899/12/30 00:00:00+00;REGION METROPOLITANA;SANTIAGO;ATROPELLO;ATROPELLO;URBANA;TRAMO DE VIA RECTA;IMPRUDENCIA DEL PEATON;PEATON CRUZA CALZADA FUERA PASO PEATONES;LIBER BERNARDO O'HIGGINS;;- LIBER BERNARDO O'HIGGINS;1448;;;UNIDIRECCIONAL;CONCRETO;BUENO;SECO;DESPEJADO;0;0;1;0
-7867657,631;-3954290,999;4621;2024;1603971;-33,443281;-70,676371;1;2024/01/11 00:00:00+00;1899/12/30 00:00:00+00;REGION METROPOLITANA;SANTIAGO;CHOQUE FRENTE/POSTERIOR;CHOQUE;URBANA;OTROS NO CONSIDERADOS;IMPRUDENCIA DEL CONDUCTOR;CONDUCCION NO ATENTO CONDICIONES TRANSITO MOMENTO;MAIPU;PORTALES;MAIPU - PORTALES;0;;;UNIDIRECCIONAL;ASFALTO;BUENO;SECO;DESPEJADO;0;0;0;0
-7831583,659;-3980567,858;4622;2024;1603973;-33,640024;-70,352313;1;2024/03/19 00:00:00+00;1899/12/30 00:00:00+00;REGION METROPOLITANA;SAN JOSE DE MAIPO;CHOQUE LATERAL;CHOQUE;URBANA;TRAMO DE VIA RECTA;IMPRUDENCIA DEL CONDUCTOR;CONDUCCION SIN MANTENER DISTANCIA RAZONABLE NI PRUDENTE;COMERCIO;;- COMERCIO;19267;;;UNIDIRECCIONAL;ASFALTO;REGULAR;SECO;DESPEJADO;0;0;1;0
-7867706,945;-3953614,509;4623;2024;1603974;-33,43821;-70,676814;1;2024/03/22 00:00:00+00;1899/12/30 00:00:00+00;REGION METROPOLITANA;SANTIAGO;OTRO TIPO;OTRO TIPO;URBANA;TRAMO DE VIA RECTA;OTRAS CAUSAS;OTRAS CAUSAS;STO DOMINGO;MAIPU;MAIPU - STO DOMINGO;0;;;UNIDIRECCIONAL;ASFALTO;BUENO;SECO;DESPEJADO;0;0;0;0
-7866277,38;-3954487,377;4624;2024;1603980;-33,444753;-70,663972;1;2024/03/28 00:00:00+00;1899/12/30 00:00:00+00;REGION METROPOLITANA;SANTIAGO;COLISION LATERAL;COLISION;URBANA;TRAMO DE VIA RECTA;IMPRUDENCIA DEL CONDUCTOR;CONDUCCION NO ATENTO CONDICIONES TRANSITO MOMENTO;LIBER BERNARDO O'HIGGINS;JOSE TORIBIO MEDINA;JOSE TORIBIO MEDINA - LIBER BERNARDO O'HIGGINS;0;;;UNIDIRECCIONAL;CONCRETO;BUENO;SECO;DESPEJADO;0;0;0;0
-7865542,004;-3954549,946;4625;2024;1603983;-33,445222;-70,657366;1;2024/04/01 00:00:00+00;1899/12/30 00:00:00+00;REGION METROPOLITANA;SANTIAGO;CHOQUE FRENTE/LADO;CHOQUE;URBANA;CRUCE CON SEMAFORO FUNCIONANDO;IMPRUDENCIA DEL CONDUCTOR;CONDUCCION NO ATENTO CONDICIONES TRANSITO MOMENTO;PORTALES;;- PORTALES;3450;;;UNIDIRECCIONAL;ASFALTO;BUENO;SECO;DESPEJADO;0;0;0;0
-7870768,343;-3951173,685;4626;2024;1603988;-33,419911;-70,704315;1;2024/03/23 00:00:00+00;1899/12/30 00:00:00+00;REGION METROPOLITANA;QUINTA NORMAL;CHOQUE LADO/LADO;CHOQUE;URBANA;TRAMO DE VIA RECTA;IMPRUDENCIA DEL CONDUCTOR;CONDUCCION NO ATENTO CONDICIONES TRANSITO MOMENTO;CARRASCAL;;- CARRASCAL;5477;;;UNIDIRECCIONAL;ASFALTO;BUENO;SECO;DESPEJADO;0;0;0;1
-7863237,913;-3967516,312;4627;2024;1603989;-33,542359;-70,636668;1;2024/04/05 00:00:00+00;1899/12/30 00:00:00+00;REGION METROPOLITANA;SAN RAMON;COLISION;COLISION;URBANA;CRUCE CON SEMAFORO FUNCIONANDO;IMPRUDENCIA DEL CONDUCTOR;ADELANTAMIENTO SIN EFECTUAR LA SENAL RESPECTIVA;AMERICO VESPUCIO;PEDRO AGUIRRE CERDA;AMERICO VESPUCIO - PEDRO AGUIRRE CERDA;0;;;BIDIRECCIONAL CON BANDEJON;ASFALTO;REGULAR;SECO;DESPEJADO;0;0;0;0
-7871331,731;-3950267,46;4628;2024;1603993;-33,413116;-70,709376;1;2024/03/11 00:00:00+00;1899/12/30 00:00:00+00;REGION METROPOLITANA;QUINTA NORMAL;ATROPELLO;ATROPELLO;URBANA;TRAMO DE VIA RECTA;IMPRUDENCIA DEL CONDUCTOR;CONDUCCION NO ATENTO CONDICIONES TRANSITO MOMENTO;LOS SAUCES;PSJE 3;LOS SAUCES - PSJE 3;0;;;BIDIRECCIONAL;ASFALTO;BUENO;SECO;DESPEJADO;0;0;0;1
-7866386,808;-3956147,514;4629;2024;1604007;-33,457196;-70,664955;1;2024/04/04 00:00:00+00;1899/12/30 00:00:00+00;REGION METROPOLITANA;SANTIAGO;COLISION PERPENDICULAR;COLISION;URBANA;CRUCE CON SEMAFORO FUNCIONANDO;DESOBEDIENCIA A SENALIZACION;SENALIZACION DESOBEDECER LUZ ROJA DE SEMAFORO;CLUB HIPICO;BLANCO ENCALADA;BLANCO ENCALADA - CLUB HIPICO;0;;;BIDIRECCIONAL CON BANDEJON;ASFALTO;BUENO;SECO;DESPEJADO;0;0;0;0
-7867350,612;-3957039,388;4630;2024;1604009;-33,46388;-70,673613;1;2024/04/07 00:00:00+00;1899/12/30 00:00:00+00;REGION METROPOLITANA;SANTIAGO;COLISION LATERAL;COLISION;URBANA;CRUCE SIN SENALIZACION;IMPRUDENCIA DEL CONDUCTOR;CONDUCCION NO ATENTO CONDICIONES TRANSITO MOMENTO;SAN ALFONSO;GUACOLDA;GUACOLDA - SAN ALFONSO;0;;;UNIDIRECCIONAL;CONCRETO;BUENO;SECO;DESPEJADO;0;0;0;0
-7867498,333;-3955556,706;4631;2024;1604011;-33,452768;-70,67494;1;2024/04/08 00:00:00+00;1899/12/30 00:00:00+00;REGION METROPOLITANA;SANTIAGO;COLISION POR ALCANCE;COLISION;URBANA;CRUCE CON SENAL PARE;IMPRUDENCIA DEL CONDUCTOR;CONDUCCION NO ATENTO CONDICIONES TRANSITO MOMENTO;SAZIE;BASCUNAN GUERRERO;BASCUNAN GUERRERO - SAZIE;0;;;UNIDIRECCIONAL;CONCRETO;BUENO;SECO;DESPEJADO;0;0;0;0
-7866496,123;-3954870,536;4632;2024;1604013;-33,447625;-70,665937;1;2024/04/09 00:00:00+00;1899/12/30 00:00:00+00;REGION METROPOLITANA;SANTIAGO;CHOQUE FRENTE/POSTERIOR;CHOQUE;URBANA;CRUCE SIN SENALIZACION;IMPRUDENCIA DEL CONDUCTOR;CONDUCCION NO ATENTO CONDICIONES TRANSITO MOMENTO;LIBER BERNARDO O'HIGGINS;ABDON CIFUENTES;ABDON CIFUENTES - LIBER BERNARDO O'HIGGINS;0;;;BIDIRECCIONAL CON BANDEJON;ASFALTO;BUENO;SECO;DESPEJADO;0;0;0;0
-7866342,836;-3955394,866;4633;2024;1604015;-33,451555;-70,66456;1;2024/04/08 00:00:00+00;1899/12/30 00:00:00+00;REGION METROPOLITANA;SANTIAGO;ATROPELLO;ATROPELLO;URBANA;CRUCE SIN SENALIZACION;IMPRUDENCIA DEL CONDUCTOR;CONDUCCION NO ATENTO CONDICIONES TRANSITO MOMENTO;ALMTE LATORRE;GAY;ALMTE LATORRE - GAY;0;;;UNIDIRECCIONAL;ADOQUIN;BUENO;SECO;DESPEJADO;0;0;0;0
-7866330,257;-3955554,571;4634;2024;1604017;-33,452752;-70,664447;1;2024/04/09 00:00:00+00;1899/12/30 00:00:00+00;REGION METROPOLITANA;SANTIAGO;COLISION LATERAL;COLISION;URBANA;CRUCE CON SENAL PARE;IMPRUDENCIA DEL CONDUCTOR;CONDUCCION NO ATENTO CONDICIONES TRANSITO MOMENTO;ALMTE LATORRE;GORBEA;ALMTE LATORRE - GORBEA;0;;;UNIDIRECCIONAL;ADOQUIN;BUENO;SECO;DESPEJADO;0;0;0;0
-7866057,191;-3954102,229;4635;2024;1604020;-33,441866;-70,661994;1;2024/04/06 00:00:00+00;1899/12/30 00:00:00+00;REGION METROPOLITANA;SANTIAGO;COLISION PERPENDICULAR;COLISION;URBANA;CRUCE CON SEMAFORO FUNCIONANDO;IMPRUDENCIA DEL CONDUCTOR;CONDUCCION NO ATENTO CONDICIONES TRANSITO MOMENTO;AGUSTINAS;ALMTE BARROSO;AGUSTINAS - ALMTE BARROSO;0;;;UNIDIRECCIONAL;CONCRETO;BUENO;SECO;DESPEJADO;0;0;0;0
-7867360,519;-3954737,256;4636;2024;1604023;-33,446626;-70,673702;1;2024/04/08 00:00:00+00;1899/12/30 00:00:00+00;REGION METROPOLITANA;SANTIAGO;COLISION PERPENDICULAR;COLISION;URBANA;TRAMO DE VIA RECTA;IMPRUDENCIA DEL CONDUCTOR;CONDUCCION NO ATENTO CONDICIONES TRANSITO MOMENTO;LIBERTAD;;- LIBERTAD;54;;;UNIDIRECCIONAL;ASFALTO;BUENO;SECO;DESPEJADO;0;0;0;1
-7842766,37;-3972098,205;4637;2024;1604025;-33,576658;-70,452769;1;2024/03/29 00:00:00+00;1899/12/30 00:00:00+00;REGION METROPOLITANA;SAN JOSE DE MAIPO;COLISION POR ALCANCE;COLISION;RURAL;TRAMO DE VIA RECTA;VELOCIDAD IMPRUDENTE;VELOCIDAD NO REDUCIR CRUCE DE CALLES, CUMBRE, CURVA, ETC.;CAMINO AL VOLCAN;;- CAMINO AL VOLCAN;5035;;;BIDIRECCIONAL;ASFALTO;BUENO;SECO;DESPEJADO;0;1;0;0
-7866307,548;-3956845,769;4638;2024;1604027;-33,462429;-70,664243;1;2024/04/09 00:00:00+00;1899/12/30 00:00:00+00;REGION METROPOLITANA;SANTIAGO;CHOQUE FRONTAL;CHOQUE;URBANA;TRAMO DE VIA RECTA;IMPRUDENCIA DEL CONDUCTOR;CONDUCCION NO ATENTO CONDICIONES TRANSITO MOMENTO;ARTURO CALVO;;- ARTURO CALVO;2148;;;UNIDIRECCIONAL;CONCRETO;BUENO;SECO;DESPEJADO;0;0;0;0
-7866770,192;-3954946,983;4639;2024;1604028;-33,448198;-70,668399;1;2024/04/10 00:00:00+00;1899/12/30 00:00:00+00;REGION METROPOLITANA;SANTIAGO;COLISION POR ALCANCE;COLISION;URBANA;CRUCE CON SEMAFORO FUNCIONANDO;IMPRUDENCIA DEL CONDUCTOR;CONDUCCION CAMBIAR SORPRESIVAMENTE PISTA CIRCULACION;LIBER BERNARDO O'HIGGINS;REPUBLICA;LIBER BERNARDO O'HIGGINS - REPUBLICA;0;;;BIDIRECCIONAL CON BANDEJON;ASFALTO;BUENO;SECO;DESPEJADO;0;0;0;0
-7866386,808;-3956147,514;4640;2024;1604029;-33,457196;-70,664955;1;2024/04/14 00:00:00+00;1899/12/30 00:00:00+00;REGION METROPOLITANA;SANTIAGO;COLISION LATERAL;COLISION;URBANA;CRUCE CON SEMAFORO FUNCIONANDO;IMPRUDENCIA DEL CONDUCTOR;CONDUCCION CAMBIAR SORPRESIVAMENTE PISTA CIRCULACION;BLANCO ENCALADA;CLUB HIPICO;BLANCO ENCALADA - CLUB HIPICO;0;;;BIDIRECCIONAL CON BANDEJON;ASFALTO;BUENO;SECO;DESPEJADO;0;0;0;0