ï»¿X;Y;FID;AÃ±o;IdAccident;Latitud;longitud;ClaseAccid;Fecha;Hora;RegiÃ³n;Comuna;Tipo_Accid;Tipo__CONA;Zona;UbicaciÃ³n;Causa__CON;Causa_Acci;Calle_Uno;Calle_Dos;Intersecci;NÃºmero;Ruta;Ubicaci_1;Calzada;Tipo_Calza;Estado_Cal;CondiciÃ³n;Estado_Atm;Fallecidos;Graves;Menos_Grav;Leves
-7863953,697;-3951996,217;5803;2024;1602081;-33,426078;-70,643098;1;2024/04/04 00:00:00+00;1899/12/30 00:00:00+00;REGION METROPOLITANA;RECOLETA;CHOQUE FRENTE/POSTERIOR;CHOQUE;URBANA;CRUCE CON SEMAFORO FUNCIONANDO;IMPRUDENCIA DEL CONDUCTOR;CONDUCCION NO ATENTO CONDICIONES TRANSITO MOMENTO;DOMINICA;TABARE;DOMINICA - TABARE;0;;;UNIDIRECCIONAL;ASFALTO;BUENO;SECO;DESPEJADO;0;0;0;0
-7861766,826;-3948296,15;5804;2024;1602082;-33,398333;-70,623453;1;2024/04/04 00:00:00+00;1899/12/30 00:00:00+00;REGION METROPOLITANA;RECOLETA;CHOQUE FRENTE/POSTERIOR;CHOQUE;URBANA;CRUCE CON SENAL PARE;IMPRUDENCIA DEL CONDUCTOR;CONDUCCION NO ATENTO CONDICIONES TRANSITO MOMENTO;LOS ZAPADORES;CUBA;CUBA - LOS ZAPADORES;0;;;BIDIRECCIONAL;ASFALTO;BUENO;SECO;DESPEJADO;0;0;0;0
-7869291,244;-3955721,884;5805;2024;1602084;-33,454006;-70,691046;1;2024/03/22 00:00:00+00;1899/12/30 00:00:00+00;REGION METROPOLITANA;ESTACION CENTRAL;COLISION LATERAL;COLISION;URBANA;CRUCE CON SEMAFORO FUNCIONANDO;DESOBEDIENCIA A SENALIZACION;SENALIZACION DESOBEDECER LUZ ROJA DE SEMAFORO;LIBER BERNARDO O'HIGGINS;GRAL VELASQUEZ;GRAL VELASQUEZ - LIBER BERNARDO O'HIGGINS;0;;;BIDIRECCIONAL CON BANDEJON;ASFALTO;BUENO;SECO;DESPEJADO;0;0;0;0
-7848381,436;-3942763,523;5806;2024;1602107;-33,35683;-70,50321;1;2024/04/07 00:00:00+00;1899/12/30 00:00:00+00;REGION METROPOLITANA;LO BARNECHEA;CHOQUE FRENTE/LADO;CHOQUE;URBANA;TRAMO DE VIA RECTA;FALLAS MECANICAS;FALLAS MECANICAS FRENOS;CAMINO CERRO 18;LOS QUINCHEROS;CAMINO CERRO 18 - LOS QUINCHEROS;0;;;BIDIRECCIONAL;CONCRETO;BUENO;SECO;DESPEJADO;1;0;0;1
-7870948,346;-3964459,522;5807;2024;1602113;-33,519469;-70,705932;1;2024/04/04 00:00:00+00;1899/12/30 00:00:00+00;REGION METROPOLITANA;CERRILLOS;COLISION POR ALCANCE;COLISION;URBANA;CRUCE CON SENAL CEDA EL PASO;IMPRUDENCIA DEL CONDUCTOR;CONDUCCION NO ATENTO CONDICIONES TRANSITO MOMENTO;GRAL VELASQUEZ;AMERICO VESPUCIO;AMERICO VESPUCIO - GRAL VELASQUEZ;0;;;BIDIRECCIONAL;ASFALTO;BUENO;SECO;DESPEJADO;0;1;0;1
-7869803,203;-3959631,468;5808;2024;1602114;-33,483303;-70,695645;1;2024/04/06 00:00:00+00;1899/12/30 00:00:00+00;REGION METROPOLITANA;CERRILLOS;CHOQUE FRENTE/POSTERIOR;CHOQUE;URBANA;CRUCE CON SEMAFORO FUNCIONANDO;ALCOHOL EN CONDUCTOR;CONDUCCION EN ESTADO DE EBRIEDAD;PEDRO AGUIRRE CERDA;DEPARTAMENTAL;DEPARTAMENTAL - PEDRO AGUIRRE CERDA;0;;;BIDIRECCIONAL CON BANDEJON;ASFALTO;BUENO;SECO;DESPEJADO;0;0;0;0
-7856609,394;-3975600,475;5809;2024;1602132;-33,602866;-70,577123;1;2024/04/05 00:00:00+00;1899/12/30 00:00:00+00;REGION METROPOLITANA;PUENTE ALTO;CHOQUE FRENTE/LADO;CHOQUE;URBANA;CRUCE CON SEMAFORO FUNCIONANDO;IMPRUDENCIA DEL CONDUCTOR;CONDUCCION NO ATENTO CONDICIONES TRANSITO MOMENTO;CONCHA Y TORO;DOMINGO TOCORNAL;CONCHA Y TORO - DOMINGO TOCORNAL;0;;;BIDIRECCIONAL CON BANDEJON;ASFALTO;BUENO;SECO;DESPEJADO;0;0;0;0
-7856711,808;-3975317,132;5810;2024;1602136;-33,600746;-70,578043;1;2024/04/05 00:00:00+00;1899/12/30 00:00:00+00;REGION METROPOLITANA;PUENTE ALTO;CHOQUE FRENTE/POSTERIOR;CHOQUE;URBANA;TRAMO DE VIA RECTA;IMPRUDENCIA DEL CONDUCTOR;VIRAJES INDEBIDOS;CONCHA Y TORO;;- CONCHA Y TORO;1060;;;BIDIRECCIONAL;ASFALTO;BUENO;SECO;DESPEJADO;0;0;0;0
-7858202,265;-3973765,686;5811;2024;1602142;-33,589137;-70,591432;1;2024/04/07 00:00:00+00;1899/12/30 00:00:00+00;REGION METROPOLITANA;PUENTE ALTO;CHOQUE FRENTE/POSTERIOR;CHOQUE;URBANA;CRUCE SIN SENALIZACION;IMPRUDENCIA DEL CONDUCTOR;CONDUCCION NO ATENTO CONDICIONES TRANSITO MOMENTO;JUAN DE DIOS MALEBRAN;PSJE 1 SUR;JUAN DE DIOS MALEBRAN - PSJE 1 SUR;0;;;BIDIRECCIONAL;ASFALTO;MALO;SECO;DESPEJADO;0;0;0;0
-7869291,244;-3955721,884;5812;2024;1602147;-33,454006;-70,691046;1;2024/03/23 00:00:00+00;1899/12/30 00:00:00+00;REGION METROPOLITANA;ESTACION CENTRAL;COLISION LATERAL;COLISION;URBANA;TRAMO DE VIA RECTA;IMPRUDENCIA DEL CONDUCTOR;CONDUCCION NO ATENTO CONDICIONES TRANSITO MOMENTO;LIBER BERNARDO O'HIGGINS;GRAL VELASQUEZ;GRAL VELASQUEZ - LIBER BERNARDO O'HIGGINS;0;;;BIDIRECCIONAL CON BANDEJON;ASFALTO;BUENO;SECO;DESPEJADO;0;0;0;0
-7855470,15;-3970841,64;5813;2024;1602161;-33,567253;-70,566889;1;2024/03/31 00:00:00+00;1899/12/30 00:00:00+00;REGION METROPOLITANA;PUENTE ALTO;CHOQUE FRENTE/POSTERIOR;CHOQUE;URBANA;TRAMO DE VIA RECTA;ALCOHOL EN CONDUCTOR;CONDUCCION EN ESTADO DE EBRIEDAD;MEXICO;LOS TOROS;LOS TOROS - MEXICO;0;;;BIDIRECCIONAL;CONCRETO;BUENO;SECO;DESPEJADO;0;0;0;1
-7863016,499;-3966418,365;5814;2024;1602166;-33,534138;-70,634679;1;2024/03/28 00:00:00+00;1899/12/30 00:00:00+00;REGION METROPOLITANA;SAN RAMON;COLISION POR ALCANCE;COLISION;URBANA;TRAMO DE VIA RECTA;IMPRUDENCIA DEL CONDUCTOR;CONDUCCION SIN MANTENER DISTANCIA RAZONABLE NI PRUDENTE;STA ROSA;URUGUAY;STA ROSA - URUGUAY;0;;;BIDIRECCIONAL CON BANDEJON;ASFALTO;REGULAR;SECO;DESPEJADO;0;0;0;0
-7856609,394;-3975600,475;5815;2024;1602168;-33,602866;-70,577123;1;2024/03/19 00:00:00+00;1899/12/30 00:00:00+00;REGION METROPOLITANA;PUENTE ALTO;ATROPELLO;ATROPELLO;URBANA;TRAMO DE VIA RECTA;IMPRUDENCIA DEL CONDUCTOR;CONDUCCION NO ATENTO CONDICIONES TRANSITO MOMENTO;MEXICO;;- MEXICO;2143;;;BIDIRECCIONAL;CONCRETO;BUENO;SECO;DESPEJADO;0;0;0;0
-7863691,763;-3946297,845;5816;2024;1602170;-33,383345;-70,640745;1;2024/03/14 00:00:00+00;1899/12/30 00:00:00+00;REGION METROPOLITANA;RECOLETA;COLISION;COLISION;URBANA;TRAMO DE VIA RECTA;IMPRUDENCIA DEL CONDUCTOR;CONDUCCION NO ATENTO CONDICIONES TRANSITO MOMENTO;AMERICO VESPUCIO;RECOLETA;AMERICO VESPUCIO - RECOLETA;0;;;BIDIRECCIONAL;ASFALTO;BUENO;SECO;DESPEJADO;0;0;0;0
-7862910,859;-3944064,44;5817;2024;1602174;-33,366591;-70,63373;1;2024/03/13 00:00:00+00;1899/12/30 00:00:00+00;REGION METROPOLITANA;HUECHURABA;ATROPELLO;ATROPELLO;URBANA;TRAMO DE VIA RECTA;IMPRUDENCIA DEL CONDUCTOR;CONDUCCION NO ATENTO CONDICIONES TRANSITO MOMENTO;RECOLETA;LOS CEREZOS;LOS CEREZOS - RECOLETA;0;;;BIDIRECCIONAL;ASFALTO;BUENO;SECO;DESPEJADO;0;0;0;0
-7862198,3;-3948192,279;5818;2024;1602180;-33,397554;-70,627329;1;2024/02/18 00:00:00+00;1899/12/30 00:00:00+00;REGION METROPOLITANA;RECOLETA;COLISION;COLISION;URBANA;TRAMO DE VIA RECTA;IMPRUDENCIA DEL CONDUCTOR;CONDUCCION NO ATENTO CONDICIONES TRANSITO MOMENTO;EL SALTO;LAS GAVIOTAS;EL SALTO - LAS GAVIOTAS;0;;;BIDIRECCIONAL;ASFALTO;BUENO;SECO;DESPEJADO;0;0;0;0
-7851084,274;-3958180,082;5819;2024;1602182;-33,472428;-70,52749;1;2024/03/25 00:00:00+00;1899/12/30 00:00:00+00;REGION METROPOLITANA;PENALOLEN;COLISION LATERAL;COLISION;URBANA;TRAMO DE VIA RECTA;VELOCIDAD IMPRUDENTE;VELOCIDAD NO RAZONABLE NI PRUDENTE;DIAG LAS TORRES;;- DIAG LAS TORRES;1200;;;BIDIRECCIONAL CON BANDEJON;CONCRETO;BUENO;SECO;DESPEJADO;0;0;0;0
-7855404,361;-3957097,033;5820;2024;1602185;-33,464312;-70,566298;1;2024/03/30 00:00:00+00;1899/12/30 00:00:00+00;REGION METROPOLITANA;PENALOLEN;COLISION FRONTAL;COLISION;URBANA;CRUCE CON SEMAFORO FUNCIONANDO;IMPRUDENCIA DEL CONDUCTOR;CONDUCCION NO ATENTO CONDICIONES TRANSITO MOMENTO;ORIENTAL;LOS MOLINEROS;LOS MOLINEROS - ORIENTAL;0;;;BIDIRECCIONAL;CONCRETO;BUENO;SECO;DESPEJADO;0;0;0;0
-7856960,05;-3962219,725;5821;2024;1602187;-33,502693;-70,580273;1;2024/04/01 00:00:00+00;1899/12/30 00:00:00+00;REGION METROPOLITANA;PENALOLEN;COLISION FRONTAL;COLISION;URBANA;TRAMO DE VIA RECTA;IMPRUDENCIA DEL CONDUCTOR;CONDUCCION NO ATENTO CONDICIONES TRANSITO MOMENTO;LAS TORRES;CALLE 414;CALLE 414 - LAS TORRES;0;;;BIDIRECCIONAL CON BANDEJON;CONCRETO;BUENO;SECO;DESPEJADO;0;0;0;0
-7869052,687;-3943684,489;5822;2024;1602192;-33,36374;-70,688903;1;2024/03/11 00:00:00+00;1899/12/30 00:00:00+00;REGION METROPOLITANA;HUECHURABA;COLISION;COLISION;URBANA;TRAMO DE VIA RECTA;IMPRUDENCIA DEL CONDUCTOR;CONDUCCION NO ATENTO CONDICIONES TRANSITO MOMENTO;GRAL SAN MARTIN;REAL AUDIENCIA;GRAL SAN MARTIN - REAL AUDIENCIA;0;;;BIDIRECCIONAL;ASFALTO;BUENO;SECO;DESPEJADO;0;0;0;0
-7856330,984;-3957201,651;5823;2024;1602199;-33,465096;-70,574622;1;2024/04/02 00:00:00+00;1899/12/30 00:00:00+00;REGION METROPOLITANA;PENALOLEN;COLISION FRONTAL;COLISION;URBANA;CRUCE CON SENAL PARE;IMPRUDENCIA DEL CONDUCTOR;VIRAJES INDEBIDOS;AMERICO VESPUCIO;ALONSO DE BERRIOS;ALONSO DE BERRIOS - AMERICO VESPUCIO;0;;;UNIDIRECCIONAL;CONCRETO;BUENO;SECO;DESPEJADO;0;1;0;0
-7852395,951;-3959436,204;5824;2024;1602202;-33,48184;-70,539273;1;2024/04/02 00:00:00+00;1899/12/30 00:00:00+00;REGION METROPOLITANA;PENALOLEN;COLISION FRONTAL;COLISION;URBANA;CRUCE CON SEMAFORO FUNCIONANDO;ALCOHOL EN CONDUCTOR;CONDUCCION EN ESTADO DE EBRIEDAD;ANTUPIREN;EL ACUEDUCTO;ANTUPIREN - EL ACUEDUCTO;0;;;BIDIRECCIONAL;CONCRETO;BUENO;SECO;DESPEJADO;0;0;0;0
-7854417,513;-3958895,943;5825;2024;1602209;-33,477792;-70,557433;1;2024/04/03 00:00:00+00;1899/12/30 00:00:00+00;REGION METROPOLITANA;PENALOLEN;COLISION FRONTAL;COLISION;URBANA;CRUCE CON SEMAFORO FUNCIONANDO;IMPRUDENCIA DEL CONDUCTOR;CONDUCCION NO ATENTO CONDICIONES TRANSITO MOMENTO;TOBALABA;CRNEL ALEJANDRO SEPULVEDA;CRNEL ALEJANDRO SEPULVEDA - TOBALABA;0;;;BIDIRECCIONAL;CONCRETO;BUENO;SECO;DESPEJADO;0;1;0;0
-7853188,769;-3958528,532;5826;2024;1602213;-33,475039;-70,546395;1;2024/04/03 00:00:00+00;1899/12/30 00:00:00+00;REGION METROPOLITANA;PENALOLEN;COLISION FRONTAL;COLISION;URBANA;CRUCE CON SENAL PARE;IMPRUDENCIA DEL CONDUCTOR;CONDUCCION NO ATENTO CONDICIONES TRANSITO MOMENTO;GRECIA;YELCHO;GRECIA - YELCHO;0;;;BIDIRECCIONAL CON BANDEJON;CONCRETO;BUENO;SECO;DESPEJADO;0;0;0;0
-7869159,999;-3943144,962;5827;2024;1602214;-33,359692;-70,689867;1;2024/03/12 00:00:00+00;1899/12/30 00:00:00+00;REGION METROPOLITANA;HUECHURABA;COLISION;COLISION;URBANA;TRAMO DE VIA RECTA;IMPRUDENCIA DEL CONDUCTOR;CONDUCCION NO ATENTO CONDICIONES TRANSITO MOMENTO;SAN PEDRO DE ATACAMA;AYQUINA;AYQUINA - SAN PEDRO DE ATACAMA;0;;;BIDIRECCIONAL;ASFALTO;BUENO;SECO;DESPEJADO;0;0;0;0
-7854579,706;-3958663,991;5828;2024;1602222;-33,476054;-70,55889;1;2024/04/03 00:00:00+00;1899/12/30 00:00:00+00;REGION METROPOLITANA;PENALOLEN;COLISION FRONTAL;COLISION;URBANA;TRAMO DE VIA RECTA;IMPRUDENCIA DEL CONDUCTOR;NO RESPETAR DERECHO PREFERENTE DE PASO A VEHICULO;PSJE 26;EL ARCHIPIELAGO;EL ARCHIPIELAGO - PSJE 26;0;;;BIDIRECCIONAL;CONCRETO;REGULAR;SECO;DESPEJADO;0;0;0;0
-7864896,907;-3919660,52;5829;2024;1602224;-33,183309;-70,651571;1;2024/04/02 00:00:00+00;1899/12/30 00:00:00+00;REGION METROPOLITANA;COLINA;COLISION POR ALCANCE;COLISION;URBANA;TRAMO DE VIA RECTA;IMPRUDENCIA DEL CONDUCTOR;CONDUCCION NO ATENTO CONDICIONES TRANSITO MOMENTO;CALETERA GRAL SAN MARTIN;;- CALETERA GRAL SAN MARTIN;27;;;BIDIRECCIONAL;ASFALTO;BUENO;SECO;DESPEJADO;0;0;0;0
-7854080,438;-3958569,236;5830;2024;1602226;-33,475344;-70,554405;1;2024/04/04 00:00:00+00;1899/12/30 00:00:00+00;REGION METROPOLITANA;PENALOLEN;COLISION LATERAL;COLISION;URBANA;TRAMO DE VIA RECTA;IMPRUDENCIA DEL CONDUCTOR;CONDUCCION NO ATENTO CONDICIONES TRANSITO MOMENTO;ANTUPIREN;;- ANTUPIREN;7388;;;BIDIRECCIONAL;CONCRETO;BUENO;SECO;DESPEJADO;0;0;0;0
-7928562,973;-3986340,698;5831;2024;1602229;-33,683187;-71,223493;1;2024/03/31 00:00:00+00;1899/12/30 00:00:00+00;REGION METROPOLITANA;MELIPILLA;COLISION LATERAL;COLISION;URBANA;TRAMO DE VIA RECTA;IMPRUDENCIA DEL CONDUCTOR;CONDUCCION NO ATENTO CONDICIONES TRANSITO MOMENTO;AUTOPISTA DEL SOL;CAMINO HOSTOLAZA;AUTOPISTA DEL SOL - CAMINO HOSTOLAZA;0;;;BIDIRECCIONAL;CONCRETO;BUENO;SECO;DESPEJADO;0;0;0;0
-7856644,237;-3958554,823;5832;2024;1602236;-33,475236;-70,577436;1;2024/04/04 00:00:00+00;1899/12/30 00:00:00+00;REGION METROPOLITANA;PENALOLEN;COLISION FRONTAL;COLISION;URBANA;TRAMO DE VIA RECTA;IMPRUDENCIA DEL CONDUCTOR;CONDUCCION NO ATENTO CONDICIONES TRANSITO MOMENTO;AMERICO VESPUCIO;EL VALLE;AMERICO VESPUCIO - EL VALLE;0;;;UNIDIRECCIONAL;CONCRETO;REGULAR;SECO;DESPEJADO;1;0;0;0
-7863243,813;-3943620,912;5833;2024;1602245;-33,363263;-70,636721;1;2024/03/09 00:00:00+00;1899/12/30 00:00:00+00;REGION METROPOLITANA;HUECHURABA;COLISION;COLISION;URBANA;TRAMO DE VIA RECTA;IMPRUDENCIA DEL CONDUCTOR;CONDUCCION NO ATENTO CONDICIONES TRANSITO MOMENTO;PEDRO AGUIRRE CERDA;;- PEDRO AGUIRRE CERDA;6064;;;BIDIRECCIONAL;ASFALTO;BUENO;SECO;DESPEJADO;0;0;0;0
-7867612,435;-3922485,469;5834;2024;1602250;-33,204545;-70,675965;1;2024/04/02 00:00:00+00;1899/12/30 00:00:00+00;REGION METROPOLITANA;COLINA;COLISION LATERAL;COLISION;URBANA;TRAMO DE VIA RECTA;IMPRUDENCIA DEL CONDUCTOR;ADELANTAMIENTO SIN EL ESPACIO O TIEMPO SUFICIENTE;DEL VALLE;;- DEL VALLE;0;;;BIDIRECCIONAL;ASFALTO;BUENO;SECO;DESPEJADO;0;0;0;0
-7854157,805;-3958303,66;5835;2024;1602258;-33,473354;-70,5551;1;2024/04/05 00:00:00+00;1899/12/30 00:00:00+00;REGION METROPOLITANA;PENALOLEN;COLISION FRONTAL;COLISION;URBANA;CRUCE CON SEMAFORO FUNCIONANDO;IMPRUDENCIA DEL CONDUCTOR;CONDUCCION NO ATENTO CONDICIONES TRANSITO MOMENTO;GRECIA;;- GRECIA;841;;;BIDIRECCIONAL CON BANDEJON;CONCRETO;BUENO;SECO;DESPEJADO;0;0;0;0
-7852506,158;-3958736,192;5836;2024;1602261;-33,476595;-70,540263;1;2024/04/05 00:00:00+00;1899/12/30 00:00:00+00;REGION METROPOLITANA;PENALOLEN;COLISION FRONTAL;COLISION;URBANA;CRUCE CON SEMAFORO FUNCIONANDO;IMPRUDENCIA DEL CONDUCTOR;CONDUCCION NO ATENTO CONDICIONES TRANSITO MOMENTO;GRECIA;RICARDO GRELLET DE LOS REYES;GRECIA - RICARDO GRELLET DE LOS REYES;0;;;BIDIRECCIONAL CON BANDEJON;CONCRETO;BUENO;SECO;DESPEJADO;0;0;0;0
-7854988,916;-3963321,411;5837;2024;1602264;-33,510945;-70,562566;1;2024/04/05 00:00:00+00;1899/12/30 00:00:00+00;REGION METROPOLITANA;PENALOLEN;COLISION FRONTAL;COLISION;URBANA;CRUCE CON SENAL PARE;DESOBEDIENCIA A SENALIZACION;SENALIZACION DESOBEDECER SENAL PARE;RAMON CARNICER;EUSEBIO LILLO;EUSEBIO LILLO - RAMON CARNICER;0;;;BIDIRECCIONAL;CONCRETO;BUENO;SECO;DESPEJADO;0;0;0;0
-7865536,215;-3954623,055;5838;2024;1602267;-33,44577;-70,657314;1;2024/03/12 00:00:00+00;1899/12/30 00:00:00+00;REGION METROPOLITANA;SANTIAGO;COLISION;COLISION;URBANA;CRUCE CON SEMAFORO FUNCIONANDO;IMPRUDENCIA DEL CONDUCTOR;CONDUCCION NO ATENTO CONDICIONES TRANSITO MOMENTO;LIBER BERNARDO O'HIGGINS;SAN MARTIN;LIBER BERNARDO O'HIGGINS - SAN MARTIN;0;;;BIDIRECCIONAL;ASFALTO;BUENO;SECO;DESPEJADO;0;0;0;0
-7867923,35;-3922932,767;5839;2024;1602277;-33,207907;-70,678758;1;2024/04/03 00:00:00+00;1899/12/30 00:00:00+00;REGION METROPOLITANA;COLINA;ATROPELLO;ATROPELLO;URBANA;TRAMO DE VIA RECTA;IMPRUDENCIA DEL CONDUCTOR;NO RESPETAR DERECHO PREFERENTE DE PASO A PEATON;GRAL SAN MARTIN;;- GRAL SAN MARTIN;31000;;;BIDIRECCIONAL;ASFALTO;BUENO;SECO;DESPEJADO;0;0;2;0
-7856609,394;-3975600,475;5840;2024;1602279;-33,602866;-70,577123;1;2024/03/29 00:00:00+00;1899/12/30 00:00:00+00;REGION METROPOLITANA;PUENTE ALTO;COLISION LATERAL;COLISION;URBANA;TRAMO DE VIA RECTA;IMPRUDENCIA DEL CONDUCTOR;CONDUCCION NO ATENTO CONDICIONES TRANSITO MOMENTO;MEXICO;VALLE CENTRAL;MEXICO - VALLE CENTRAL;0;;;BIDIRECCIONAL;CONCRETO;BUENO;SECO;DESPEJADO;0;0;0;1
-7861275,35;-3948823,782;5841;2024;1602280;-33,40229;-70,619038;1;2024/02/20 00:00:00+00;1899/12/30 00:00:00+00;REGION METROPOLITANA;RECOLETA;COLISION;COLISION;URBANA;OTROS NO CONSIDERADOS;IMPRUDENCIA DEL CONDUCTOR;CONDUCCION NO ATENTO CONDICIONES TRANSITO MOMENTO;LA MONTANA;;- LA MONTANA;4035;;;UNIDIRECCIONAL;CONCRETO;BUENO;SECO;DESPEJADO;0;0;0;0
-7874213,347;-3927434,241;5842;2024;1602281;-33,241734;-70,735262;1;2024/04/03 00:00:00+00;1899/12/30 00:00:00+00;REGION METROPOLITANA;COLINA;COLISION PERPENDICULAR;COLISION;RURAL;TRAMO DE VIA RECTA;IMPRUDENCIA DEL CONDUCTOR;VIRAJES INDEBIDOS;STA MARTA DE LIRAY;;- STA MARTA DE LIRAY;10;;;BIDIRECCIONAL;ASFALTO;BUENO;SECO;DESPEJADO;0;0;0;1
-7865523,636;-3933196,198;5843;2024;1602283;-33,285014;-70,657201;1;2024/04/03 00:00:00+00;1899/12/30 00:00:00+00;REGION METROPOLITANA;COLINA;CHOQUE FRENTE/POSTERIOR;CHOQUE;URBANA;CRUCE CON SEMAFORO FUNCIONANDO;IMPRUDENCIA DEL CONDUCTOR;CONDUCCION NO ATENTO CONDICIONES TRANSITO MOMENTO;EL ALBA 1;CHICUREO;CHICUREO - EL ALBA 1;0;;;BIDIRECCIONAL;ASFALTO;BUENO;SECO;DESPEJADO;0;0;0;0
-7863001,611;-3944334,319;5844;2024;1602287;-33,368615;-70,634545;1;2024/03/25 00:00:00+00;1899/12/30 00:00:00+00;REGION METROPOLITANA;HUECHURABA;COLISION;COLISION;URBANA;TRAMO DE VIA RECTA;IMPRUDENCIA DEL CONDUCTOR;CONDUCCION NO ATENTO CONDICIONES TRANSITO MOMENTO;DEL PINCOY;RECOLETA;DEL PINCOY - RECOLETA;0;;;BIDIRECCIONAL;ASFALTO;BUENO;SECO;DESPEJADO;0;0;0;1
-7863883,677;-3952980,745;5845;2024;1602301;-33,433459;-70,642469;1;2024/03/27 00:00:00+00;1899/12/30 00:00:00+00;REGION METROPOLITANA;RECOLETA;COLISION;COLISION;URBANA;TRAMO DE VIA RECTA;IMPRUDENCIA DEL CONDUCTOR;CONDUCCION NO ATENTO CONDICIONES TRANSITO MOMENTO;BELLAVISTA;LORETO;BELLAVISTA - LORETO;0;;;BIDIRECCIONAL;ASFALTO;BUENO;SECO;DESPEJADO;0;0;0;1
-7866069,881;-3945202,31;5846;2024;1602302;-33,375127;-70,662108;1;2024/03/13 00:00:00+00;1899/12/30 00:00:00+00;REGION METROPOLITANA;CONCHALI;COLISION;COLISION;URBANA;CRUCE CON SENAL CEDA EL PASO;IMPRUDENCIA DEL CONDUCTOR;CONDUCCION NO ATENTO CONDICIONES TRANSITO MOMENTO;GRAL GAMBINO;CALLE G;CALLE G - GRAL GAMBINO;0;;;UNIDIRECCIONAL;CONCRETO;BUENO;SECO;DESPEJADO;0;0;0;0
-7867115,394;-3974185,969;5847;2024;1602305;-33,592282;-70,6715;1;2024/04/07 00:00:00+00;1899/12/30 00:00:00+00;REGION METROPOLITANA;SAN BERNARDO;COLISION POR ALCANCE;COLISION;URBANA;CRUCE CON SENAL PARE;IMPRUDENCIA DEL CONDUCTOR;CONDUCCION NO ATENTO CONDICIONES TRANSITO MOMENTO;STA MERCEDES;SOR TERESA;SOR TERESA - STA MERCEDES;0;;;BIDIRECCIONAL;ASFALTO;REGULAR;SECO;DESPEJADO;0;0;0;0
-7878911,363;-3978633,482;5848;2024;1602309;-33,625556;-70,777465;1;2024/03/01 00:00:00+00;1899/12/30 00:00:00+00;REGION METROPOLITANA;CALERA DE TANGO;COLISION LATERAL;COLISION;URBANA;CRUCE CON SENAL CEDA EL PASO;IMPRUDENCIA DEL CONDUCTOR;NO RESPETAR DERECHO PREFERENTE DE PASO A VEHICULO;LOS PEHUENCHES;CALERA DE TANGO;CALERA DE TANGO - LOS PEHUENCHES;0;;;BIDIRECCIONAL;ASFALTO;BUENO;SECO;DESPEJADO;0;0;0;0
-7872977,923;-3930508,705;5849;2024;1602311;-33,26483;-70,724164;1;2024/04/05 00:00:00+00;1899/12/30 00:00:00+00;REGION METROPOLITANA;COLINA;COLISION LATERAL;COLISION;RURAL;CRUCE SIN SENALIZACION;IMPRUDENCIA DEL CONDUCTOR;CONDUCIR VEHICULO EN RETROCESO;LO PINTO;STA INES DE MIRAFLORES;LO PINTO - STA INES DE MIRAFLORES;0;;;BIDIRECCIONAL;ASFALTO;BUENO;SECO;DESPEJADO;0;0;0;0
-7875579,348;-3956638,676;5850;2024;1602312;-33,460877;-70,747533;1;2024/04/02 00:00:00+00;1899/12/30 00:00:00+00;REGION METROPOLITANA;PUDAHUEL;COLISION FRONTAL;COLISION;URBANA;TRAMO DE VIA RECTA;IMPRUDENCIA DEL CONDUCTOR;CONDUCCION NO ATENTO CONDICIONES TRANSITO MOMENTO;LAGUNA SUR;DIAG TTE CRUZ;DIAG TTE CRUZ - LAGUNA SUR;0;;;BIDIRECCIONAL CON BANDEJON;MIXTO;BUENO;SECO;DESPEJADO;0;0;0;0
-7881294,157;-3978336,696;5851;2024;1602323;-33,623336;-70,79887;1;2024/03/03 00:00:00+00;1899/12/30 00:00:00+00;REGION METROPOLITANA;CALERA DE TANGO;CHOQUE FRONTAL;CHOQUE;URBANA;CRUCE CON SEMAFORO FUNCIONANDO;IMPRUDENCIA DEL CONDUCTOR;CONDUCCION NO ATENTO CONDICIONES TRANSITO MOMENTO;CALERA DE TANGO;CAMINO A LONQUEN;CALERA DE TANGO - CAMINO A LONQUEN;0;;;BIDIRECCIONAL;ASFALTO;BUENO;SECO;DESPEJADO;0;0;0;0
-7854317,437;-3973828,36;5852;2024;1602326;-33,589606;-70,556534;1;2024/04/02 00:00:00+00;1899/12/30 00:00:00+00;REGION METROPOLITANA;PUENTE ALTO;CHOQUE FRENTE/POSTERIOR;CHOQUE;URBANA;TRAMO DE VIA RECTA;IMPRUDENCIA DEL CONDUCTOR;CONDUCCION NO ATENTO CONDICIONES TRANSITO MOMENTO;CANAL TRONCAL SAN FRANCISCO;LAS NIEVES ORIENTE;CANAL TRONCAL SAN FRANCISCO - LAS NIEVES ORIENTE;0;;;BIDIRECCIONAL;CONCRETO;BUENO;SECO;DESPEJADO;0;0;0;0