ï»¿X;Y;FID;AÃ±o;IdAccident;Latitud;longitud;ClaseAccid;Fecha;Hora;RegiÃ³n;Comuna;Tipo_Accid;Tipo__CONA;Zona;UbicaciÃ³n;Causa__CON;Causa_Acci;Calle_Uno;Calle_Dos;Intersecci;NÃºmero;Ruta;Ubicaci_1;Calzada;Tipo_Calza;Estado_Cal;CondiciÃ³n;Estado_Atm;Fallecidos;Graves;Menos_Grav;Leves
-7870047,891;-3951404,643;6156;2024;1608515;-33,421643;-70,697843;1;2024/04/27 00:00:00+00;1899/12/30 00:00:00+00;REGION METROPOLITANA;QUINTA NORMAL;COLISION PERPENDICULAR;COLISION;URBANA;CRUCE CON SEMAFORO FUNCIONANDO;ALCOHOL EN CONDUCTOR;CONDUCCION BAJO LA INFLUENCIA DEL ALCOHOL;GONZALO BULNES;CARRASCAL;CARRASCAL - GONZALO BULNES;0;;;BIDIRECCIONAL CON BANDEJON;ASFALTO;BUENO;SECO;NUBLADO;0;0;0;2
-7871089,054;-3955067,324;6157;2024;1608517;-33,4491;-70,707196;1;2024/04/29 00:00:00+00;1899/12/30 00:00:00+00;REGION METROPOLITANA;LO PRADO;COLISION LATERAL;COLISION;URBANA;CRUCE CON SEMAFORO FUNCIONANDO;IMPRUDENCIA DEL CONDUCTOR;CONDUCCION CAMBIAR SORPRESIVAMENTE PISTA CIRCULACION;LIBER BERNARDO O'HIGGINS;MARIA ROZAS VELASQUEZ;LIBER BERNARDO O'HIGGINS - MARIA ROZAS VELASQUEZ;0;;;BIDIRECCIONAL CON BANDEJON;ASFALTO;BUENO;SECO;DESPEJADO;0;0;0;0
-7874788,757;-3954639,198;6158;2024;1608522;-33,445891;-70,740431;1;2024/04/30 00:00:00+00;1899/12/30 00:00:00+00;REGION METROPOLITANA;LO PRADO;COLISION LATERAL;COLISION;URBANA;TRAMO DE VIA RECTA;IMPRUDENCIA DEL CONDUCTOR;CONDUCCION NO ATENTO CONDICIONES TRANSITO MOMENTO;RIO TENO;TTE CRUZ;RIO TENO - TTE CRUZ;0;;;BIDIRECCIONAL CON BANDEJON;ASFALTO;BUENO;SECO;DESPEJADO;0;0;0;1
-7872475,427;-3953435,755;6159;2024;1608532;-33,43687;-70,71965;1;2024/04/29 00:00:00+00;1899/12/30 00:00:00+00;REGION METROPOLITANA;LO PRADO;COLISION POR ALCANCE;COLISION;URBANA;CRUCE CON SENAL PARE;IMPRUDENCIA DEL CONDUCTOR;CONDUCCION NO ATENTO CONDICIONES TRANSITO MOMENTO;CAMINO DE LOYOLA;SAN GERMAN;CAMINO DE LOYOLA - SAN GERMAN;0;;;BIDIRECCIONAL;ASFALTO;BUENO;SECO;DESPEJADO;0;0;0;0
-7872174,419;-3953678,141;6160;2024;1608539;-33,438687;-70,716946;1;2024/05/01 00:00:00+00;1899/12/30 00:00:00+00;REGION METROPOLITANA;LO PRADO;CHOQUE POSTERIOR;CHOQUE;URBANA;TRAMO DE VIA RECTA;IMPRUDENCIA DEL CONDUCTOR;CONDUCIR VEHICULO EN RETROCESO;9 DE JULIO;;- 9 DE JULIO;5909;;;BIDIRECCIONAL;ASFALTO;BUENO;SECO;DESPEJADO;0;0;0;0
-7868806,225;-3952535,756;6161;2024;1608545;-33,430123;-70,686689;1;2024/05/01 00:00:00+00;1899/12/30 00:00:00+00;REGION METROPOLITANA;QUINTA NORMAL;CHOQUE LADO/LADO;CHOQUE;URBANA;TRAMO DE VIA RECTA;IMPRUDENCIA DEL CONDUCTOR;ADELANTAMIENTO SIN EL ESPACIO O TIEMPO SUFICIENTE;POETA PEDRO PRADO;;- POETA PEDRO PRADO;1313;;;UNIDIRECCIONAL;ASFALTO;BUENO;SECO;DESPEJADO;0;0;0;0
-7871102,635;-3954059,54;6162;2024;1608546;-33,441546;-70,707318;1;2024/04/28 00:00:00+00;1899/12/30 00:00:00+00;REGION METROPOLITANA;QUINTA NORMAL;CHOQUE FRENTE/LADO;CHOQUE;URBANA;CRUCE CON SEMAFORO FUNCIONANDO;IMPRUDENCIA DEL CONDUCTOR;CONDUCCION NO ATENTO CONDICIONES TRANSITO MOMENTO;SAN PABLO;SERGIO VALDOVINOS;SAN PABLO - SERGIO VALDOVINOS;0;;;BIDIRECCIONAL;CONCRETO;MALO;SECO;DESPEJADO;0;0;0;0
-7868347,144;-3975862,039;6163;2024;1608570;-33,604823;-70,682565;1;2024/05/01 00:00:00+00;1899/12/30 00:00:00+00;REGION METROPOLITANA;SAN BERNARDO;COLISION LATERAL;COLISION;URBANA;CRUCE CON SEMAFORO FUNCIONANDO;IMPRUDENCIA DEL CONDUCTOR;CONDUCCION NO ATENTO CONDICIONES TRANSITO MOMENTO;PADRE HURTADO;SAN JOSE;PADRE HURTADO - SAN JOSE;0;;;BIDIRECCIONAL;ASFALTO;REGULAR;SECO;DESPEJADO;0;0;0;1
-7870494,497;-3974571,653;6164;2024;1608573;-33,595168;-70,701855;1;2024/05/04 00:00:00+00;1899/12/30 00:00:00+00;REGION METROPOLITANA;SAN BERNARDO;CHOQUE POSTERIOR/FRENTE;CHOQUE;URBANA;CRUCE CON SENAL PARE;IMPRUDENCIA DEL CONDUCTOR;CONDUCCION NO ATENTO CONDICIONES TRANSITO MOMENTO;COVADONGA;BULNES;BULNES - COVADONGA;0;;;UNIDIRECCIONAL;ASFALTO;REGULAR;SECO;DESPEJADO;0;0;0;0
-7867296,844;-3975357,762;6165;2024;1608574;-33,60105;-70,67313;1;2024/04/04 00:00:00+00;1899/12/30 00:00:00+00;REGION METROPOLITANA;SAN BERNARDO;COLISION FRONTAL;COLISION;URBANA;CRUCE CON SENAL PARE;IMPRUDENCIA DEL CONDUCTOR;CONDUCCION NO ATENTO CONDICIONES TRANSITO MOMENTO;CONDELL;CERRO CANTILLANA;CERRO CANTILLANA - CONDELL;0;;;BIDIRECCIONAL;ASFALTO;REGULAR;SECO;DESPEJADO;0;0;0;0
-7870320,059;-3973948,764;6166;2024;1608575;-33,590507;-70,700288;1;2024/05/06 00:00:00+00;1899/12/30 00:00:00+00;REGION METROPOLITANA;SAN BERNARDO;COLISION POR ALCANCE;COLISION;URBANA;PASO PARA PEATONES;IMPRUDENCIA DEL CONDUCTOR;CONDUCCION NO ATENTO CONDICIONES TRANSITO MOMENTO;COLON NORTE;BULNES;BULNES - COLON NORTE;0;;;BIDIRECCIONAL CON BANDEJON;ASFALTO;REGULAR;SECO;DESPEJADO;0;0;0;0
-7857601,251;-3975761,663;6167;2024;1608580;-33,604072;-70,586033;1;2024/04/29 00:00:00+00;1899/12/30 00:00:00+00;REGION METROPOLITANA;PUENTE ALTO;COLISION POR ALCANCE;COLISION;URBANA;OTROS NO CONSIDERADOS;IMPRUDENCIA DEL CONDUCTOR;CONDUCCION NO ATENTO CONDICIONES TRANSITO MOMENTO;DOMINGO TOCORNAL;GRAL DEL CANTO;DOMINGO TOCORNAL - GRAL DEL CANTO;0;;;BIDIRECCIONAL;ASFALTO;BUENO;SECO;DESPEJADO;0;0;0;0
-7889524,675;-3978683,481;6168;2024;1608584;-33,62593;-70,872806;1;2024/03/13 00:00:00+00;1899/12/30 00:00:00+00;REGION METROPOLITANA;PENAFLOR;COLISION LATERAL;COLISION;URBANA;TRAMO DE VIA RECTA;IMPRUDENCIA DEL CONDUCTOR;CONDUCCION NO ATENTO CONDICIONES TRANSITO MOMENTO;BERLIN;;- BERLIN;394;;;BIDIRECCIONAL;ASFALTO;BUENO;SECO;DESPEJADO;0;0;0;0
-7866026,021;-3960759,738;6169;2024;1608587;-33,491756;-70,661714;1;2024/05/02 00:00:00+00;1899/12/30 00:00:00+00;REGION METROPOLITANA;PEDRO AGUIRRE CERDA;COLISION POR ALCANCE;COLISION;URBANA;TRAMO DE VIA RECTA;IMPRUDENCIA DEL CONDUCTOR;CONDUCCION NO ATENTO CONDICIONES TRANSITO MOMENTO;JOSE JOAQUIN PRIETO VIAL;;- JOSE JOAQUIN PRIETO VIAL;4300;;;UNIDIRECCIONAL;ASFALTO;BUENO;SECO;DESPEJADO;1;0;0;2
-7856370,614;-3976526,867;6170;2024;1608594;-33,609797;-70,574978;1;2024/04/30 00:00:00+00;1899/12/30 00:00:00+00;REGION METROPOLITANA;PUENTE ALTO;COLISION POR ALCANCE;COLISION;URBANA;TRAMO DE VIA RECTA;IMPRUDENCIA DEL CONDUCTOR;CONDUCCION SIN MANTENER DISTANCIA RAZONABLE NI PRUDENTE;BALMACEDA;MANUEL RODRIGUEZ;BALMACEDA - MANUEL RODRIGUEZ;0;;;UNIDIRECCIONAL;ASFALTO;BUENO;SECO;DESPEJADO;0;0;0;0
-7873839,647;-3943601,585;6171;2024;1608596;-33,363118;-70,731905;1;2024/05/03 00:00:00+00;1899/12/30 00:00:00+00;REGION METROPOLITANA;QUILICURA;COLISION LATERAL;COLISION;URBANA;CRUCE CON SENAL PARE;IMPRUDENCIA DEL CONDUCTOR;CONDUCCION NO ATENTO CONDICIONES TRANSITO MOMENTO;HORACIO RIED CARRERA;LA EMPRESA;HORACIO RIED CARRERA - LA EMPRESA;0;;;UNIDIRECCIONAL;ASFALTO;BUENO;SECO;DESPEJADO;0;0;0;0
-7856527,797;-3976175,067;6172;2024;1608599;-33,607165;-70,57639;1;2024/04/16 00:00:00+00;1899/12/30 00:00:00+00;REGION METROPOLITANA;PUENTE ALTO;COLISION LATERAL;COLISION;URBANA;TRAMO DE VIA RECTA;IMPRUDENCIA DEL CONDUCTOR;CONDUCCION NO ATENTO CONDICIONES TRANSITO MOMENTO;CONCHA Y TORO;GANDARILLAS;CONCHA Y TORO - GANDARILLAS;0;;;UNIDIRECCIONAL;ASFALTO;BUENO;SECO;DESPEJADO;0;0;0;0
-7863502,631;-3944581,934;6173;2024;1608605;-33,370473;-70,639046;1;2024/04/01 00:00:00+00;1899/12/30 00:00:00+00;REGION METROPOLITANA;HUECHURABA;COLISION;COLISION;URBANA;TRAMO DE VIA RECTA;IMPRUDENCIA DEL CONDUCTOR;CONDUCCION NO ATENTO CONDICIONES TRANSITO MOMENTO;GUAYALOLEN;PARGUA;GUAYALOLEN - PARGUA;0;;;BIDIRECCIONAL;ASFALTO;BUENO;SECO;DESPEJADO;0;0;0;0
-7874540,515;-3944699,235;6174;2024;1608607;-33,371353;-70,738201;1;2024/05/03 00:00:00+00;1899/12/30 00:00:00+00;REGION METROPOLITANA;QUILICURA;COLISION POR ALCANCE;COLISION;URBANA;CRUCE CON SEMAFORO FUNCIONANDO;IMPRUDENCIA DEL CONDUCTOR;CONDUCCION NO ATENTO CONDICIONES TRANSITO MOMENTO;AMERICO VESPUCIO;GRAL SAN MARTIN;AMERICO VESPUCIO - GRAL SAN MARTIN;0;;;UNIDIRECCIONAL;ASFALTO;BUENO;SECO;DESPEJADO;0;0;0;0
-7867811,328;-3949449,508;6175;2024;1608608;-33,406982;-70,677752;1;2024/01/26 00:00:00+00;1899/12/30 00:00:00+00;REGION METROPOLITANA;INDEPENDENCIA;COLISION PERPENDICULAR;COLISION;URBANA;CRUCE CON SENAL PARE;DESOBEDIENCIA A SENALIZACION;SENALIZACION DESOBEDECER SENAL PARE;LAS CANAS;BRAVO DE SARAVIA;BRAVO DE SARAVIA - LAS CANAS;0;;;UNIDIRECCIONAL;CONCRETO;BUENO;SECO;DESPEJADO;0;0;0;0
-7863881,562;-3947308,82;6176;2024;1608612;-33,390928;-70,64245;1;2024/04/01 00:00:00+00;1899/12/30 00:00:00+00;REGION METROPOLITANA;RECOLETA;COLISION;COLISION;URBANA;CRUCE CON SEMAFORO FUNCIONANDO;IMPRUDENCIA DEL CONDUCTOR;CONDUCCION NO ATENTO CONDICIONES TRANSITO MOMENTO;RECOLETA;LOS ZAPADORES;LOS ZAPADORES - RECOLETA;0;;;BIDIRECCIONAL;ASFALTO;BUENO;SECO;DESPEJADO;0;1;0;0
-7874667,753;-3941989,888;6177;2024;1608617;-33,351025;-70,739344;1;2024/05/04 00:00:00+00;1899/12/30 00:00:00+00;REGION METROPOLITANA;QUILICURA;COLISION LATERAL;COLISION;URBANA;CRUCE CON SEMAFORO FUNCIONANDO;IMPRUDENCIA DEL CONDUCTOR;ADELANTAMIENTO SIN EL ESPACIO O TIEMPO SUFICIENTE;STA LUISA;LAS TORRES;LAS TORRES - STA LUISA;0;;;UNIDIRECCIONAL;ASFALTO;BUENO;SECO;DESPEJADO;0;0;0;0
-7867867,023;-3943823,906;6178;2024;1608621;-33,364786;-70,678252;1;2024/03/30 00:00:00+00;1899/12/30 00:00:00+00;REGION METROPOLITANA;HUECHURABA;COLISION;COLISION;URBANA;TRAMO DE VIA CURVA HORIZONTAL;IMPRUDENCIA DEL CONDUCTOR;CONDUCCION NO ATENTO CONDICIONES TRANSITO MOMENTO;AMERICO VESPUCIO;;- AMERICO VESPUCIO;1737;;;BIDIRECCIONAL;ASFALTO;BUENO;SECO;DESPEJADO;0;0;0;0
-7874529,494;-3944183,52;6179;2024;1608622;-33,367484;-70,738102;1;2024/05/05 00:00:00+00;1899/12/30 00:00:00+00;REGION METROPOLITANA;QUILICURA;CHOQUE FRONTAL;CHOQUE;URBANA;TRAMO DE VIA RECTA;ALCOHOL EN CONDUCTOR;CONDUCCION EN ESTADO DE EBRIEDAD;GRAL SAN MARTIN;;- GRAL SAN MARTIN;3400;;;UNIDIRECCIONAL;ASFALTO;BUENO;SECO;DESPEJADO;0;0;0;0
-7871610,363;-3964088,462;6180;2024;1608623;-33,51669;-70,711879;1;2024/05/03 00:00:00+00;1899/12/30 00:00:00+00;REGION METROPOLITANA;CERRILLOS;CHOQUE FRENTE/POSTERIOR;CHOQUE;URBANA;CRUCE CON SENAL PARE;IMPRUDENCIA DEL CONDUCTOR;CONDUCCION NO ATENTO CONDICIONES TRANSITO MOMENTO;AMERICO VESPUCIO;AEROPUERTO;AEROPUERTO - AMERICO VESPUCIO;0;;;BIDIRECCIONAL;ASFALTO;BUENO;SECO;DESPEJADO;0;0;0;0
-7862485,282;-3944519,685;6181;2024;1608624;-33,370006;-70,629907;1;2024/04/06 00:00:00+00;1899/12/30 00:00:00+00;REGION METROPOLITANA;HUECHURABA;COLISION;COLISION;URBANA;TRAMO DE VIA RECTA;IMPRUDENCIA DEL CONDUCTOR;CONDUCCION NO ATENTO CONDICIONES TRANSITO MOMENTO;JORGE INOSTROZA;;- JORGE INOSTROZA;5897;;;BIDIRECCIONAL;ASFALTO;BUENO;SECO;DESPEJADO;0;0;0;0
-7865525,863;-3947519,879;6182;2024;1608625;-33,392511;-70,657221;1;2024/05/03 00:00:00+00;1899/12/30 00:00:00+00;REGION METROPOLITANA;CONCHALI;COLISION POR ALCANCE;COLISION;URBANA;TRAMO DE VIA RECTA;IMPRUDENCIA DEL CONDUCTOR;CONDUCCION SIN MANTENER DISTANCIA RAZONABLE NI PRUDENTE;EL GUANACO;RIO CHUBUT;EL GUANACO - RIO CHUBUT;0;;;BIDIRECCIONAL CON BANDEJON;ASFALTO;REGULAR;SECO;DESPEJADO;0;0;0;0
-7872966,012;-3946094,14;6183;2024;1608630;-33,381817;-70,724057;1;2024/05/05 00:00:00+00;1899/12/30 00:00:00+00;REGION METROPOLITANA;QUILICURA;CHOQUE FRONTAL;CHOQUE;URBANA;TRAMO DE VIA RECTA;ALCOHOL EN CONDUCTOR;CONDUCCION BAJO LA INFLUENCIA DEL ALCOHOL;ARANJUEZ PONIENTE;;- ARANJUEZ PONIENTE;373;;;BIDIRECCIONAL;ASFALTO;BUENO;SECO;DESPEJADO;0;0;0;0
-7872210,932;-3963406,993;6184;2024;1608632;-33,511586;-70,717274;1;2024/05/03 00:00:00+00;1899/12/30 00:00:00+00;REGION METROPOLITANA;CERRILLOS;CHOQUE FRENTE/POSTERIOR;CHOQUE;URBANA;CRUCE CON SEMAFORO FUNCIONANDO;IMPRUDENCIA DEL CONDUCTOR;CONDUCCION NO ATENTO CONDICIONES TRANSITO MOMENTO;CAMINO A LONQUEN;EL MANIO;CAMINO A LONQUEN - EL MANIO;0;;;BIDIRECCIONAL CON BANDEJON;ASFALTO;BUENO;SECO;DESPEJADO;0;0;0;1
-7856890,698;-3973787,335;6185;2024;1608634;-33,589299;-70,57965;1;2024/05/01 00:00:00+00;1899/12/30 00:00:00+00;REGION METROPOLITANA;PUENTE ALTO;COLISION FRONTAL;COLISION;URBANA;TRAMO DE VIA RECTA;IMPRUDENCIA DEL CONDUCTOR;CONDUCCION NO ATENTO CONDICIONES TRANSITO MOMENTO;CONCHA Y TORO;ANGEL PIMENTEL;ANGEL PIMENTEL - CONCHA Y TORO;0;;;BIDIRECCIONAL;CONCRETO;REGULAR;HUMEDO;DESPEJADO;0;0;0;0
-7858118,998;-3977718,55;6186;2024;1608636;-33,618712;-70,590684;1;2024/05/04 00:00:00+00;1899/12/30 00:00:00+00;REGION METROPOLITANA;PUENTE ALTO;COLISION LATERAL;COLISION;URBANA;TRAMO DE VIA RECTA;IMPRUDENCIA DEL CONDUCTOR;CONDUCCION NO ATENTO CONDICIONES TRANSITO MOMENTO;EJERCITO LIBERTADOR;SGTO MENADIER;EJERCITO LIBERTADOR - SGTO MENADIER;0;;;BIDIRECCIONAL;ASFALTO;BUENO;SECO;DESPEJADO;0;1;0;0
-7868688,004;-3955760,043;6187;2024;1608641;-33,454292;-70,685627;1;2024/05/05 00:00:00+00;1899/12/30 00:00:00+00;REGION METROPOLITANA;ESTACION CENTRAL;COLISION POR ALCANCE;COLISION;URBANA;TRAMO DE VIA RECTA;IMPRUDENCIA DEL CONDUCTOR;CONDUCCION SIN MANTENER DISTANCIA RAZONABLE NI PRUDENTE;JOTABECHE;OBPO JAVIER VASQUEZ;JOTABECHE - OBPO JAVIER VASQUEZ;0;;;BIDIRECCIONAL;ASFALTO;BUENO;SECO;DESPEJADO;0;0;0;0
-7865992,397;-3948744,684;6188;2024;1608649;-33,401697;-70,661412;1;2024/05/06 00:00:00+00;1899/12/30 00:00:00+00;REGION METROPOLITANA;INDEPENDENCIA;CHOQUE LADO/FRENTE;CHOQUE;URBANA;CRUCE CON SENAL CEDA EL PASO;IMPRUDENCIA DEL CONDUCTOR;VIRAJES INDEBIDOS;PANTALEON VELEZ SILVA;ADOLFO OSSA;ADOLFO OSSA - PANTALEON VELEZ SILVA;0;;;UNIDIRECCIONAL;CONCRETO;BUENO;SECO;DESPEJADO;0;0;0;2
-7873229,839;-3965042,907;6189;2024;1608652;-33,523838;-70,726427;1;2024/05/05 00:00:00+00;1899/12/30 00:00:00+00;REGION METROPOLITANA;CERRILLOS;COLISION PERPENDICULAR;COLISION;URBANA;CRUCE CON SEMAFORO FUNCIONANDO;DEFICIENCIAS VIALES;SENALIZACION SEMAFORO MAL ESTADO O DEFICIENTE;LO ESPEJO;CAMINO A LONQUEN;CAMINO A LONQUEN - LO ESPEJO;0;;;BIDIRECCIONAL;ASFALTO;BUENO;SECO;DESPEJADO;0;0;0;1
-7871319,374;-3964329,87;6190;2024;1608667;-33,518498;-70,709265;1;2024/05/05 00:00:00+00;1899/12/30 00:00:00+00;REGION METROPOLITANA;CERRILLOS;COLISION LATERAL;COLISION;URBANA;TRAMO DE VIA RECTA;ALCOHOL EN CONDUCTOR;CONDUCCION BAJO LA INFLUENCIA DEL ALCOHOL;AMERICO VESPUCIO;;- AMERICO VESPUCIO;2701;;;BIDIRECCIONAL;ASFALTO;BUENO;SECO;DESPEJADO;0;0;0;0
-7863167,122;-3944827,336;6191;2024;1608693;-33,372314;-70,636032;1;2024/04/09 00:00:00+00;1899/12/30 00:00:00+00;REGION METROPOLITANA;HUECHURABA;COLISION;COLISION;URBANA;TRAMO DE VIA RECTA;IMPRUDENCIA DEL CONDUCTOR;CONDUCCION NO ATENTO CONDICIONES TRANSITO MOMENTO;RECOLETA;PARGUA;PARGUA - RECOLETA;0;;;BIDIRECCIONAL;ASFALTO;BUENO;SECO;DESPEJADO;0;0;0;0
-7875519,793;-4010742,152;6192;2024;1608696;-33,865395;-70,746998;1;2024/04/23 00:00:00+00;1899/12/30 00:00:00+00;REGION METROPOLITANA;PAINE;CHOQUE FRENTE/POSTERIOR;CHOQUE;RURAL;TRAMO DE VIA RECTA;IMPRUDENCIA DEL CONDUCTOR;CONDUCCION NO ATENTO CONDICIONES TRANSITO MOMENTO;DIEGO PORTALES;EL CANAMO;DIEGO PORTALES - EL CANAMO;0;;;BIDIRECCIONAL;ASFALTO;BUENO;SECO;DESPEJADO;0;0;0;0
-7859632,609;-3958385,067;6193;2024;1608705;-33,473964;-70,604281;1;2024/05/02 00:00:00+00;1899/12/30 00:00:00+00;REGION METROPOLITANA;MACUL;COLISION LATERAL;COLISION;URBANA;TRAMO DE VIA RECTA;IMPRUDENCIA DEL CONDUCTOR;CONDUCCION NO ATENTO CONDICIONES TRANSITO MOMENTO;LOS 3 ANTONIOS;;- LOS 3 ANTONIOS;2650;;;BIDIRECCIONAL;ASFALTO;BUENO;SECO;DESPEJADO;0;1;0;0
-7859464,182;-3962121,87;6194;2024;1608706;-33,50196;-70,602768;1;2024/05/01 00:00:00+00;1899/12/30 00:00:00+00;REGION METROPOLITANA;MACUL;CHOQUE FRONTAL;CHOQUE;URBANA;TRAMO DE VIA RECTA;ALCOHOL EN CONDUCTOR;CONDUCCION EN ESTADO DE EBRIEDAD;EXEQUIEL FERNANDEZ;;- EXEQUIEL FERNANDEZ;5330;;;BIDIRECCIONAL;ASFALTO;BUENO;SECO;DESPEJADO;0;0;0;0
-7874948,501;-4009477,333;6195;2024;1608707;-33,85596;-70,741866;1;2024/04/27 00:00:00+00;1899/12/30 00:00:00+00;REGION METROPOLITANA;PAINE;CHOQUE FRONTAL;CHOQUE;URBANA;TRAMO DE VIA RECTA;IMPRUDENCIA DEL CONDUCTOR;CONDUCCION NO ATENTO CONDICIONES TRANSITO MOMENTO;EL ROMERO;1 NORTE;1 NORTE - EL ROMERO;0;;;BIDIRECCIONAL;ASFALTO;BUENO;SECO;DESPEJADO;0;0;1;0
-7851594,228;-3955721,884;6196;2024;1608708;-33,454006;-70,532071;1;2024/05/04 00:00:00+00;1899/12/30 00:00:00+00;REGION METROPOLITANA;LA REINA;COLISION LATERAL;COLISION;URBANA;TRAMO DE VIA RECTA;IMPRUDENCIA DEL CONDUCTOR;CONDUCCION CAMBIAR SORPRESIVAMENTE PISTA CIRCULACION;PARINACOTA;;- PARINACOTA;150;;;BIDIRECCIONAL;CONCRETO;BUENO;SECO;DESPEJADO;0;0;0;0
-7866424,879;-3952602,316;6197;2024;1608709;-33,430622;-70,665297;1;2024/04/09 00:00:00+00;1899/12/30 00:00:00+00;REGION METROPOLITANA;SANTIAGO;COLISION;COLISION;URBANA;TRAMO DE VIA RECTA;IMPRUDENCIA DEL CONDUCTOR;CONDUCCION NO ATENTO CONDICIONES TRANSITO MOMENTO;BRASIL;;- BRASIL;1290;;;UNIDIRECCIONAL;ASFALTO;BUENO;SECO;DESPEJADO;0;0;0;0
-7859882,298;-3960897,225;6198;2024;1608721;-33,492786;-70,606524;1;2024/05/02 00:00:00+00;1899/12/30 00:00:00+00;REGION METROPOLITANA;MACUL;COLISION LATERAL;COLISION;URBANA;TRAMO DE VIA RECTA;IMPRUDENCIA DEL CONDUCTOR;CONDUCCION NO ATENTO CONDICIONES TRANSITO MOMENTO;PEDRO DE VALDIVIA;LOS COHETES;LOS COHETES - PEDRO DE VALDIVIA;0;;;UNIDIRECCIONAL;CONCRETO;BUENO;SECO;DESPEJADO;0;0;0;0
-7865516,512;-3946755,392;6199;2024;1608723;-33,386777;-70,657137;1;2024/04/09 00:00:00+00;1899/12/30 00:00:00+00;REGION METROPOLITANA;CONCHALI;COLISION;COLISION;URBANA;CRUCE CON SEMAFORO FUNCIONANDO;IMPRUDENCIA DEL CONDUCTOR;CONDUCCION NO ATENTO CONDICIONES TRANSITO MOMENTO;EL GUANACO;LOS ZAPADORES;EL GUANACO - LOS ZAPADORES;0;;;BIDIRECCIONAL;ASFALTO;BUENO;SECO;DESPEJADO;0;0;0;0
-7860972,784;-3961331,456;6200;2024;1608725;-33,496039;-70,61632;1;2024/05/04 00:00:00+00;1899/12/30 00:00:00+00;REGION METROPOLITANA;MACUL;COLISION POR ALCANCE;COLISION;URBANA;TRAMO DE VIA RECTA;IMPRUDENCIA DEL CONDUCTOR;CONDUCCION NO ATENTO CONDICIONES TRANSITO MOMENTO;VICUNA MACKENNA;MONS CARLOS CASANUEVA;MONS CARLOS CASANUEVA - VICUNA MACKENNA;0;;;BIDIRECCIONAL CON BANDEJON;CONCRETO;BUENO;SECO;DESPEJADO;0;0;0;0
-7879253,448;-3927609,001;6201;2024;1608755;-33,243047;-70,780538;1;2024/05/06 00:00:00+00;1899/12/30 00:00:00+00;REGION METROPOLITANA;LAMPA;CHOQUE FRONTAL;CHOQUE;URBANA;TRAMO DE VIA RECTA;DROGAS Y/O FATIGA EN CONDUCTOR;CONDICIONES FISICAS DEFICIENTES (CANSANCIO, SUENO);LOS GUERREROS;LA CAPILLA;LA CAPILLA - LOS GUERREROS;0;;;BIDIRECCIONAL;ASFALTO;BUENO;SECO;DESPEJADO;0;0;0;1
-7927320,314;-3986442,638;6202;2024;1608774;-33,683949;-71,21233;1;2024/04/29 00:00:00+00;1899/12/30 00:00:00+00;REGION METROPOLITANA;MELIPILLA;COLISION PERPENDICULAR;COLISION;URBANA;CRUCE CON SENAL PARE;DESOBEDIENCIA A SENALIZACION;SENALIZACION DESOBEDECER SENAL PARE;UGALDE;BARROS;BARROS - UGALDE;0;;;UNIDIRECCIONAL;ASFALTO;BUENO;SECO;DESPEJADO;0;0;1;1
-7852925,721;-3955043,042;6203;2024;1608776;-33,448918;-70,544032;1;2024/05/06 00:00:00+00;1899/12/30 00:00:00+00;REGION METROPOLITANA;LA REINA;CHOQUE LADO/LADO;CHOQUE;URBANA;TRAMO DE VIA RECTA;IMPRUDENCIA DEL CONDUCTOR;CONDUCCION NO ATENTO CONDICIONES TRANSITO MOMENTO;CARLOS OSSANDON;;- CARLOS OSSANDON;150;;;UNIDIRECCIONAL;CONCRETO;BUENO;SECO;DESPEJADO;0;0;0;0
-7866491,67;-3954019,518;6204;2024;1608801;-33,441246;-70,665897;1;2024/04/29 00:00:00+00;1899/12/30 00:00:00+00;REGION METROPOLITANA;SANTIAGO;COLISION LATERAL;COLISION;URBANA;TRAMO DE VIA RECTA;IMPRUDENCIA DEL CONDUCTOR;CONDUCCION NO ATENTO CONDICIONES TRANSITO MOMENTO;HUERFANOS;;- HUERFANOS;2120;;;UNIDIRECCIONAL;ASFALTO;BUENO;SECO;DESPEJADO;0;0;0;0
-7853953,868;-3953752,446;6205;2024;1608811;-33,439244;-70,553268;1;2024/05/05 00:00:00+00;1899/12/30 00:00:00+00;REGION METROPOLITANA;LA REINA;CHOQUE LADO/LADO;CHOQUE;URBANA;TRAMO DE VIA RECTA;IMPRUDENCIA DEL CONDUCTOR;CONDUCCION NO ATENTO CONDICIONES TRANSITO MOMENTO;PRINCIPE DE GALES;;- PRINCIPE DE GALES;6440;;;UNIDIRECCIONAL;CONCRETO;BUENO;SECO;DESPEJADO;0;0;0;0
-7870281,877;-3951887,779;6206;2024;1608820;-33,425265;-70,699945;1;2024/05/01 00:00:00+00;1899/12/30 00:00:00+00;REGION METROPOLITANA;QUINTA NORMAL;COLISION FRONTAL;COLISION;URBANA;CRUCE CON SENAL CEDA EL PASO;IMPRUDENCIA DEL CONDUCTOR;CONDUCCION CONTRA SENTIDO DEL TRANSITO;SALVADOR GUTIERREZ;SANTIAGO DE URIONA;SALVADOR GUTIERREZ - SANTIAGO DE URIONA;0;;;BIDIRECCIONAL;ASFALTO;BUENO;SECO;DESPEJADO;0;0;0;0