ï»¿X;Y;FID;AÃ±o;IdAccident;Latitud;longitud;ClaseAccid;Fecha;Hora;RegiÃ³n;Comuna;Tipo_Accid;Tipo__CONA;Zona;UbicaciÃ³n;Causa__CON;Causa_Acci;Calle_Uno;Calle_Dos;Intersecci;NÃºmero;Ruta;Ubicaci_1;Calzada;Tipo_Calza;Estado_Cal;CondiciÃ³n;Estado_Atm;Fallecidos;Graves;Menos_Grav;Leves
-7865885,536;-3959049,958;6712;2024;1614183;-33,478946;-70,660452;1;2024/05/26 00:00:00+00;1899/12/30 00:00:00+00;REGION METROPOLITANA;PEDRO AGUIRRE CERDA;COLISION LATERAL;COLISION;URBANA;TRAMO DE VIA RECTA;IMPRUDENCIA DEL CONDUCTOR;CONDUCCION NO ATENTO CONDICIONES TRANSITO MOMENTO;ALC CARLOS VALDOVINOS;JUAN DE BASTIDAS;ALC CARLOS VALDOVINOS - JUAN DE BASTIDAS;0;;;BIDIRECCIONAL;ASFALTO;BUENO;SECO;DESPEJADO;0;0;0;0
-7853918,215;-3951113,31;6713;2024;1611043;-33,419458;-70,552948;1;2024/04/29 00:00:00+00;1899/12/30 00:00:00+00;REGION METROPOLITANA;LAS CONDES;COLISION LATERAL;COLISION;URBANA;TRAMO DE VIA RECTA;IMPRUDENCIA DEL CONDUCTOR;CONDUCCION NO ATENTO CONDICIONES TRANSITO MOMENTO;ATENAS;TOMAS MORO;ATENAS - TOMAS MORO;0;;;UNIDIRECCIONAL;CONCRETO;BUENO;SECO;DESPEJADO;0;0;0;0
-7876448,531;-3959071,178;6714;2024;1610007;-33,479105;-70,755341;1;2024/05/08 00:00:00+00;1899/12/30 00:00:00+00;REGION METROPOLITANA;MAIPU;COLISION LATERAL;COLISION;URBANA;CRUCE CON SEMAFORO FUNCIONANDO;DEFICIENCIAS VIALES;SENALIZACION SEMAFORO MAL ESTADO O DEFICIENTE;AMERICO VESPUCIO;EL ROSAL;AMERICO VESPUCIO - EL ROSAL;0;;;BIDIRECCIONAL CON BANDEJON;ASFALTO;MALO;SECO;DESPEJADO;0;0;0;4
-7863463,224;-3957156,548;6715;2024;1612888;-33,464758;-70,638692;1;2024/04/09 00:00:00+00;1899/12/30 00:00:00+00;REGION METROPOLITANA;SANTIAGO;COLISION POR ALCANCE;COLISION;URBANA;CRUCE CON SENAL PARE;IMPRUDENCIA DEL CONDUCTOR;CONDUCCION SIN MANTENER DISTANCIA RAZONABLE NI PRUDENTE;PEDRO LAGOS;SANTIAGO CONCHA;PEDRO LAGOS - SANTIAGO CONCHA;0;;;UNIDIRECCIONAL;ASFALTO;BUENO;SECO;DESPEJADO;0;0;0;0
-7877321,165;-3956956,655;6716;2024;1611047;-33,46326;-70,76318;1;2024/05/08 00:00:00+00;1899/12/30 00:00:00+00;REGION METROPOLITANA;PUDAHUEL;COLISION LATERAL;COLISION;URBANA;TRAMO DE VIA RECTA;DESOBEDIENCIA A SENALIZACION;SENALIZACION DESOBEDECER LUZ ROJA DE SEMAFORO;LOS MARES;AMERICO VESPUCIO;AMERICO VESPUCIO - LOS MARES;0;;;BIDIRECCIONAL;MIXTO;BUENO;SECO;NUBLADO;0;0;0;0
-7860566,802;-3978043,393;6717;2024;1614185;-33,621142;-70,612673;1;2024/05/27 00:00:00+00;1899/12/30 00:00:00+00;REGION METROPOLITANA;PUENTE ALTO;COLISION PERPENDICULAR;COLISION;URBANA;CRUCE CON SEMAFORO FUNCIONANDO;DESOBEDIENCIA A SENALIZACION;SENALIZACION DESOBEDECER LUZ ROJA DE SEMAFORO;JUANITA;SGTO MENADIER;JUANITA - SGTO MENADIER;0;;;BIDIRECCIONAL;ASFALTO;BUENO;SECO;DESPEJADO;0;0;0;0
-7853964,777;-3940104,194;6718;2024;1610011;-33,336874;-70,553366;1;2024/05/02 00:00:00+00;1899/12/30 00:00:00+00;REGION METROPOLITANA;LO BARNECHEA;VOLCADURA;VOLCADURA;URBANA;TRAMO DE VIA RECTA;VELOCIDAD IMPRUDENTE;VELOCIDAD NO RAZONABLE NI PRUDENTE;CAMINO REAL;;- CAMINO REAL;4325;;;BIDIRECCIONAL CON BANDEJON;CONCRETO;BUENO;SECO;DESPEJADO;0;0;0;1
-7865413,207;-3959159,664;6719;2024;1612891;-33,479768;-70,656209;1;2024/05/09 00:00:00+00;1899/12/30 00:00:00+00;REGION METROPOLITANA;SAN MIGUEL;COLISION LATERAL;COLISION;URBANA;TRAMO DE VIA RECTA;IMPRUDENCIA DEL CONDUCTOR;CONDUCCION CAMBIAR SORPRESIVAMENTE PISTA CIRCULACION;JOSE JOAQUIN PRIETO VIAL;MAGDALENA VICUNA;JOSE JOAQUIN PRIETO VIAL - MAGDALENA VICUNA;0;;;UNIDIRECCIONAL;ASFALTO;BUENO;SECO;DESPEJADO;0;0;0;0
-7852485,786;-3951713,452;6720;2024;1611048;-33,423958;-70,54008;1;2024/04/30 00:00:00+00;1899/12/30 00:00:00+00;REGION METROPOLITANA;LAS CONDES;COLISION LATERAL;COLISION;URBANA;TRAMO DE VIA RECTA;IMPRUDENCIA DEL CONDUCTOR;CONDUCCION NO ATENTO CONDICIONES TRANSITO MOMENTO;ALEJANDRO FLEMING;VISVIRI;ALEJANDRO FLEMING - VISVIRI;0;;;BIDIRECCIONAL;CONCRETO;BUENO;SECO;DESPEJADO;0;0;0;0
-7860566,802;-3978043,393;6721;2024;1614186;-33,621142;-70,612673;1;2024/05/27 00:00:00+00;1899/12/30 00:00:00+00;REGION METROPOLITANA;PUENTE ALTO;COLISION PERPENDICULAR;COLISION;URBANA;CRUCE CON SEMAFORO FUNCIONANDO;IMPRUDENCIA DEL CONDUCTOR;VIRAJES INDEBIDOS;JUANITA;SGTO MENADIER;JUANITA - SGTO MENADIER;0;;;BIDIRECCIONAL CON BANDEJON;ASFALTO;BUENO;SECO;DESPEJADO;0;0;0;1
-7863979,19;-3953337,708;6722;2024;1612895;-33,436135;-70,643327;1;2024/05/07 00:00:00+00;1899/12/30 00:00:00+00;REGION METROPOLITANA;SANTIAGO;ATROPELLO;ATROPELLO;URBANA;CRUCE CON SEMAFORO FUNCIONANDO;IMPRUDENCIA DEL CONDUCTOR;CONDUCCION NO ATENTO CONDICIONES TRANSITO MOMENTO;CARD JOSE MARIA CARO;JOSE MIGUEL DE LA BARRA;CARD JOSE MARIA CARO - JOSE MIGUEL DE LA BARRA;0;;;BIDIRECCIONAL;ASFALTO;BUENO;SECO;DESPEJADO;0;0;0;1
-7878579,743;-3966041,5;6723;2024;1610013;-33,531316;-70,774486;1;2024/05/07 00:00:00+00;1899/12/30 00:00:00+00;REGION METROPOLITANA;MAIPU;COLISION LATERAL;COLISION;URBANA;CRUCE CON SEMAFORO FUNCIONANDO;DEFICIENCIAS VIALES;SENALIZACION SEMAFORO MAL ESTADO O DEFICIENTE;3 PONIENTE;ALFREDO SILVA CARVALLO;3 PONIENTE - ALFREDO SILVA CARVALLO;0;;;BIDIRECCIONAL CON BANDEJON;ASFALTO;MALO;MOJADO;LLUVIA;0;0;0;0
-7875431,961;-3959573,676;6724;2024;1611056;-33,48287;-70,746209;1;2024/05/09 00:00:00+00;1899/12/30 00:00:00+00;REGION METROPOLITANA;MAIPU;CHOQUE LADO/FRENTE;CHOQUE;URBANA;TRAMO DE VIA RECTA;IMPRUDENCIA DEL CONDUCTOR;CONDUCCION NO ATENTO CONDICIONES TRANSITO MOMENTO;LOS PAJARITOS;;- LOS PAJARITOS;4444;;;UNIDIRECCIONAL;ASFALTO;BUENO;SECO;DESPEJADO;0;0;0;0
-7857707,338;-3977811,59;6725;2024;1614187;-33,619408;-70,586986;1;2024/05/29 00:00:00+00;1899/12/30 00:00:00+00;REGION METROPOLITANA;PUENTE ALTO;COLISION FRONTAL;COLISION;URBANA;TRAMO DE VIA RECTA;IMPRUDENCIA DEL CONDUCTOR;CONDUCIR VEHICULO EN RETROCESO;VENEZUELA;TOESCA;TOESCA - VENEZUELA;0;;;BIDIRECCIONAL;ASFALTO;BUENO;SECO;DESPEJADO;0;0;0;0
-7864197,821;-3954695,898;6726;2024;1610014;-33,446316;-70,645291;1;2024/05/01 00:00:00+00;1899/12/30 00:00:00+00;REGION METROPOLITANA;SANTIAGO;COLISION POR ALCANCE;COLISION;URBANA;CRUCE REGULADO POR CARABINERO;DESOBEDIENCIA A SENALIZACION;SENALIZACION DESOBEDECER INDICACION CARABINERO SERVICIO;STA ROSA;CURICO;CURICO - STA ROSA;0;;;UNIDIRECCIONAL;ASFALTO;REGULAR;SECO;DESPEJADO;0;0;0;4
-7864406,322;-3954266,586;6727;2024;1612896;-33,443098;-70,647164;1;2024/05/21 00:00:00+00;1899/12/30 00:00:00+00;REGION METROPOLITANA;SANTIAGO;ATROPELLO;ATROPELLO;URBANA;CRUCE CON SEMAFORO FUNCIONANDO;IMPRUDENCIA DEL PEATON;IMPRUDENCIA DEL PEATON;LIBER BERNARDO O'HIGGINS;SAN FRANCISCO;LIBER BERNARDO O'HIGGINS - SAN FRANCISCO;0;;;BIDIRECCIONAL CON BANDEJON;ASFALTO;BUENO;SECO;DESPEJADO;1;0;0;0
-7867495,661;-3979959,62;6728;2024;1614250;-33,635475;-70,674916;1;2024/05/29 00:00:00+00;1899/12/30 00:00:00+00;REGION METROPOLITANA;SAN BERNARDO;CHOQUE POSTERIOR/FRENTE;CHOQUE;URBANA;TRAMO DE VIA RECTA;IMPRUDENCIA DEL CONDUCTOR;CONDUCCION NO ATENTO CONDICIONES TRANSITO MOMENTO;PADRE HURTADO;;- PADRE HURTADO;17533;;;BIDIRECCIONAL;ASFALTO;REGULAR;SECO;DESPEJADO;0;0;0;0
-7851320,605;-3946886,847;6729;2024;1611058;-33,387763;-70,529613;1;2024/03/28 00:00:00+00;1899/12/30 00:00:00+00;REGION METROPOLITANA;LAS CONDES;CAIDA;CAIDA;URBANA;TRAMO DE VIA RECTA;IMPRUDENCIA DEL CONDUCTOR;CONDUCCION SIN MANTENER DISTANCIA RAZONABLE NI PRUDENTE;APOQUINDO;ESTORIL;APOQUINDO - ESTORIL;0;;;UNIDIRECCIONAL;ASFALTO;BUENO;SECO;DESPEJADO;0;1;0;0
-7864856,165;-3952957,534;6730;2024;1610015;-33,433285;-70,651205;1;2024/05/01 00:00:00+00;1899/12/30 00:00:00+00;REGION METROPOLITANA;SANTIAGO;COLISION LATERAL;COLISION;URBANA;CRUCE CON SEMAFORO FUNCIONANDO;IMPRUDENCIA DEL CONDUCTOR;CONDUCCION NO ATENTO CONDICIONES TRANSITO MOMENTO;ISMAEL VALDES VERGARA;;- ISMAEL VALDES VERGARA;984;;;UNIDIRECCIONAL;ASFALTO;REGULAR;SECO;DESPEJADO;0;0;0;0
-7863149,637;-3956088,539;6731;2024;1612911;-33,456754;-70,635875;1;2024/05/09 00:00:00+00;1899/12/30 00:00:00+00;REGION METROPOLITANA;SANTIAGO;COLISION LATERAL;COLISION;URBANA;CRUCE CON SENAL CEDA EL PASO;IMPRUDENCIA DEL CONDUCTOR;CONDUCCION NO ATENTO CONDICIONES TRANSITO MOMENTO;MANUEL ANTONIO MATTA;MADRID;MADRID - MANUEL ANTONIO MATTA;0;;;UNIDIRECCIONAL;ASFALTO;BUENO;SECO;DESPEJADO;0;0;0;1
-7869781,05;-3974153,495;6732;2024;1614252;-33,592039;-70,695446;1;2024/05/30 00:00:00+00;1899/12/30 00:00:00+00;REGION METROPOLITANA;SAN BERNARDO;COLISION LATERAL;COLISION;URBANA;CRUCE CON SENAL PARE;IMPRUDENCIA DEL CONDUCTOR;ADELANTAMIENTO SIN EL ESPACIO O TIEMPO SUFICIENTE;COLON SUR;ABRAHAM PRADO MARIN;ABRAHAM PRADO MARIN - COLON SUR;0;;;BIDIRECCIONAL CON BANDEJON;ASFALTO;BUENO;SECO;DESPEJADO;0;0;0;0
-7851755,871;-3947554,323;6733;2024;1611060;-33,392769;-70,533523;1;2024/04/30 00:00:00+00;1899/12/30 00:00:00+00;REGION METROPOLITANA;LAS CONDES;COLISION LATERAL;COLISION;URBANA;TRAMO DE VIA RECTA;VELOCIDAD IMPRUDENTE;VELOCIDAD NO RAZONABLE NI PRUDENTE;CHARLES HAMILTON;CAMINO DEL OBSERVATORIO;CAMINO DEL OBSERVATORIO - CHARLES HAMILTON;0;;;BIDIRECCIONAL;CONCRETO;BUENO;SECO;DESPEJADO;0;0;0;0
-7849991,753;-3944097,242;6734;2024;1610016;-33,366837;-70,517676;1;2024/05/04 00:00:00+00;1899/12/30 00:00:00+00;REGION METROPOLITANA;LO BARNECHEA;COLISION LATERAL;COLISION;URBANA;TRAMO DE VIA RECTA;IMPRUDENCIA DEL CONDUCTOR;CONDUCCION CAMBIAR SORPRESIVAMENTE PISTA CIRCULACION;RAUL LABBE;EL RADAL;EL RADAL - RAUL LABBE;0;;;BIDIRECCIONAL;CONCRETO;BUENO;SECO;DESPEJADO;0;0;0;0
-7863760,002;-3955423,418;6735;2024;1612912;-33,451769;-70,641358;1;2024/05/10 00:00:00+00;1899/12/30 00:00:00+00;REGION METROPOLITANA;SANTIAGO;COLISION LATERAL;COLISION;URBANA;TRAMO DE VIA RECTA;IMPRUDENCIA DEL CONDUCTOR;CONDUCCION CAMBIAR SORPRESIVAMENTE PISTA CIRCULACION;CARMEN;;- CARMEN;641;;;UNIDIRECCIONAL;ASFALTO;BUENO;SECO;DESPEJADO;0;0;0;0
-7863925,756;-3954533,003;6736;2024;1614254;-33,445095;-70,642847;1;2024/05/20 00:00:00+00;1899/12/30 00:00:00+00;REGION METROPOLITANA;SANTIAGO;COLISION POR ALCANCE;COLISION;URBANA;CRUCE CON SENAL PARE;IMPRUDENCIA DEL CONDUCTOR;CONDUCCION SIN MANTENER DISTANCIA RAZONABLE NI PRUDENTE;CARMEN;BLAS CANAS;BLAS CANAS - CARMEN;0;;;UNIDIRECCIONAL;ASFALTO;BUENO;SECO;DESPEJADO;0;0;0;0
-7859787,12;-3965980,871;6737;2024;1611062;-33,530862;-70,605669;1;2024/05/03 00:00:00+00;1899/12/30 00:00:00+00;REGION METROPOLITANA;LA FLORIDA;COLISION POR ALCANCE;COLISION;URBANA;TRAMO DE VIA RECTA;IMPRUDENCIA DEL CONDUCTOR;CONDUCCION NO ATENTO CONDICIONES TRANSITO MOMENTO;AMERICO VESPUCIO;STA JULIA;AMERICO VESPUCIO - STA JULIA;0;;;BIDIRECCIONAL CON BANDEJON;ASFALTO;BUENO;SECO;DESPEJADO;0;0;1;0
-7876069,488;-3960346,351;6738;2024;1610017;-33,488659;-70,751936;1;2024/05/07 00:00:00+00;1899/12/30 00:00:00+00;REGION METROPOLITANA;MAIPU;COLISION LATERAL;COLISION;URBANA;TRAMO DE VIA RECTA;IMPRUDENCIA DEL CONDUCTOR;CONDUCCION NO ATENTO CONDICIONES TRANSITO MOMENTO;ISABEL RIQUELME;LOS PAJARITOS;ISABEL RIQUELME - LOS PAJARITOS;0;;;BIDIRECCIONAL;ASFALTO;BUENO;SECO;DESPEJADO;0;0;0;0
-7863540,034;-3956846,303;6739;2024;1612913;-33,462433;-70,639382;1;2024/05/12 00:00:00+00;1899/12/30 00:00:00+00;REGION METROPOLITANA;SANTIAGO;CHOQUE POSTERIOR/POSTERIOR;CHOQUE;URBANA;TRAMO DE VIA RECTA;IMPRUDENCIA DEL CONDUCTOR;CONDUCCION NO ATENTO CONDICIONES TRANSITO MOMENTO;SANTIAGO CONCHA;;- SANTIAGO CONCHA;1399;;;UNIDIRECCIONAL;ASFALTO;BUENO;SECO;DESPEJADO;0;0;0;1
-7855288,811;-3949608,408;6740;2024;1611063;-33,408174;-70,56526;1;2024/03/28 00:00:00+00;1899/12/30 00:00:00+00;REGION METROPOLITANA;LAS CONDES;ATROPELLO;ATROPELLO;URBANA;CRUCE CON SENAL PARE;IMPRUDENCIA DEL CONDUCTOR;NO RESPETAR DERECHO PREFERENTE DE PASO A PEATON;APOQUINDO;NORUEGA;APOQUINDO - NORUEGA;0;;;BIDIRECCIONAL;CONCRETO;BUENO;SECO;DESPEJADO;0;1;0;0
-7855103,019;-3972528,582;6741;2024;1614257;-33,579879;-70,563591;1;2024/05/25 00:00:00+00;1899/12/30 00:00:00+00;REGION METROPOLITANA;PUENTE ALTO;COLISION LATERAL;COLISION;URBANA;TRAMO DE VIA RECTA;IMPRUDENCIA DEL CONDUCTOR;CONDUCCION NO ATENTO CONDICIONES TRANSITO MOMENTO;EL PENON;MEXICO;EL PENON - MEXICO;0;;;BIDIRECCIONAL;CONCRETO;BUENO;SECO;DESPEJADO;0;0;0;0
-7863979,19;-3953337,708;6742;2024;1610019;-33,436135;-70,643327;1;2024/05/01 00:00:00+00;1899/12/30 00:00:00+00;REGION METROPOLITANA;SANTIAGO;CHOQUE;CHOQUE;URBANA;TRAMO DE VIA RECTA;IMPRUDENCIA DEL CONDUCTOR;CONDUCCION NO ATENTO CONDICIONES TRANSITO MOMENTO;CARD JOSE MARIA CARO;JOSE MIGUEL DE LA BARRA;CARD JOSE MARIA CARO - JOSE MIGUEL DE LA BARRA;0;;;BIDIRECCIONAL;ASFALTO;BUENO;SECO;DESPEJADO;0;0;0;0
-7872848,57;-3960566,19;6743;2024;1612915;-33,490306;-70,723002;1;2024/05/14 00:00:00+00;1899/12/30 00:00:00+00;REGION METROPOLITANA;CERRILLOS;COLISION LATERAL;COLISION;URBANA;CRUCE CON SENAL PARE;DESOBEDIENCIA A SENALIZACION;SENALIZACION DESOBEDECER SENAL PARE;LO ERRAZURIZ;COST NORTE DEL FERROCARRIL;COST NORTE DEL FERROCARRIL - LO ERRAZURIZ;0;;;BIDIRECCIONAL;ASFALTO;REGULAR;SECO;NUBLADO;0;0;0;0
-7851141,381;-3950888,14;6744;2024;1611067;-33,41777;-70,528003;1;2024/05/02 00:00:00+00;1899/12/30 00:00:00+00;REGION METROPOLITANA;LAS CONDES;COLISION POR ALCANCE;COLISION;URBANA;TRAMO DE VIA RECTA;IMPRUDENCIA DEL CONDUCTOR;CONDUCCION SIN MANTENER DISTANCIA RAZONABLE NI PRUDENTE;VITAL APOQUINDO;;- VITAL APOQUINDO;1200;;;BIDIRECCIONAL;CONCRETO;BUENO;SECO;DESPEJADO;0;0;0;0
-7868039,123;-3974375,067;6745;2024;1614259;-33,593697;-70,679798;1;2024/05/30 00:00:00+00;1899/12/30 00:00:00+00;REGION METROPOLITANA;SAN BERNARDO;COLISION LATERAL;COLISION;URBANA;CRUCE CON SEMAFORO FUNCIONANDO;IMPRUDENCIA DEL CONDUCTOR;ADELANTAMIENTO SIN EFECTUAR LA SENAL RESPECTIVA;PADRE HURTADO;BALMACEDA;BALMACEDA - PADRE HURTADO;0;;;BIDIRECCIONAL CON BANDEJON;CONCRETO;BUENO;SECO;DESPEJADO;0;0;0;0
-7876768,463;-3946446,759;6746;2024;1610021;-33,384462;-70,758215;1;2024/05/07 00:00:00+00;1899/12/30 00:00:00+00;REGION METROPOLITANA;PUDAHUEL;COLISION POR ALCANCE;COLISION;URBANA;TRAMO DE VIA RECTA;IMPRUDENCIA DEL CONDUCTOR;CONDUCCION NO ATENTO CONDICIONES TRANSITO MOMENTO;AMERICO VESPUCIO;;- AMERICO VESPUCIO;4800;;;BIDIRECCIONAL CON BANDEJON;ASFALTO;REGULAR;SECO;DESPEJADO;0;0;0;0
-7871982,838;-3975810,581;6747;2024;1614260;-33,604438;-70,715225;1;2024/05/16 00:00:00+00;1899/12/30 00:00:00+00;REGION METROPOLITANA;SAN BERNARDO;CHOQUE FRENTE/POSTERIOR;CHOQUE;URBANA;CRUCE CON SEMAFORO FUNCIONANDO;IMPRUDENCIA DEL CONDUCTOR;CONDUCCION SIN MANTENER DISTANCIA RAZONABLE NI PRUDENTE;EYZAGUIRRE;ENRIQUE MADRID OSORIO;ENRIQUE MADRID OSORIO - EYZAGUIRRE;0;;;BIDIRECCIONAL;CONCRETO;BUENO;SECO;DESPEJADO;0;1;0;0
-7860351,621;-3968609,421;6748;2024;1611069;-33,550543;-70,61074;1;2024/05/04 00:00:00+00;1899/12/30 00:00:00+00;REGION METROPOLITANA;LA FLORIDA;COLISION;COLISION;URBANA;CRUCE CON SENAL PARE;DESOBEDIENCIA A SENALIZACION;SENALIZACION DESOBEDECER SENAL PARE;PUNTA ARENAS;JOSE MIGUEL CARRERA;JOSE MIGUEL CARRERA - PUNTA ARENAS;0;;;BIDIRECCIONAL;ASFALTO;BUENO;SECO;DESPEJADO;0;2;0;0
-7863522,334;-3956936,506;6749;2024;1612916;-33,463109;-70,639223;1;2024/05/12 00:00:00+00;1899/12/30 00:00:00+00;REGION METROPOLITANA;SANTIAGO;CHOQUE FRENTE/FRENTE;CHOQUE;URBANA;TRAMO DE VIA RECTA;IMPRUDENCIA DEL CONDUCTOR;CONDUCCION NO ATENTO CONDICIONES TRANSITO MOMENTO;SANTIAGO CONCHA;;- SANTIAGO CONCHA;1423;;;UNIDIRECCIONAL;ASFALTO;BUENO;SECO;DESPEJADO;0;0;0;0
-7848635,802;-3947466,147;6750;2024;1611073;-33,392108;-70,505495;1;2024/05/02 00:00:00+00;1899/12/30 00:00:00+00;REGION METROPOLITANA;LAS CONDES;COLISION LATERAL;COLISION;URBANA;TRAMO DE VIA RECTA;IMPRUDENCIA DEL CONDUCTOR;CONDUCCION NO ATENTO CONDICIONES TRANSITO MOMENTO;REP DE HONDURAS;STA PAULA;REP DE HONDURAS - STA PAULA;0;;;BIDIRECCIONAL;CONCRETO;BUENO;SECO;DESPEJADO;0;0;0;0
-7871669,029;-3969708,377;6751;2024;1614261;-33,55877;-70,712406;1;2024/05/29 00:00:00+00;1899/12/30 00:00:00+00;REGION METROPOLITANA;SAN BERNARDO;COLISION LATERAL;COLISION;URBANA;CRUCE CON SENAL PARE;IMPRUDENCIA DEL CONDUCTOR;VIRAJES INDEBIDOS;LAS ACACIAS;EL VERGEL;EL VERGEL - LAS ACACIAS;0;;;BIDIRECCIONAL;ASFALTO;BUENO;SECO;DESPEJADO;0;0;0;0
-7864903,698;-3954539,54;6752;2024;1610023;-33,445144;-70,651632;1;2024/05/02 00:00:00+00;1899/12/30 00:00:00+00;REGION METROPOLITANA;SANTIAGO;CHOQUE FRONTAL;CHOQUE;URBANA;TRAMO DE VIA RECTA;IMPRUDENCIA DEL CONDUCTOR;CONDUCCION NO ATENTO CONDICIONES TRANSITO MOMENTO;SAN DIEGO;;- SAN DIEGO;43;;;UNIDIRECCIONAL;ASFALTO;BUENO;SECO;DESPEJADO;1;1;0;0
-7863971,397;-3955075,329;6753;2024;1612917;-33,44916;-70,643257;1;2024/05/08 00:00:00+00;1899/12/30 00:00:00+00;REGION METROPOLITANA;SANTIAGO;COLISION POR ALCANCE;COLISION;URBANA;TRAMO DE VIA RECTA;IMPRUDENCIA DEL CONDUCTOR;CONDUCCION SIN MANTENER DISTANCIA RAZONABLE NI PRUDENTE;STA VICTORIA;;- STA VICTORIA;834;;;UNIDIRECCIONAL;ASFALTO;BUENO;SECO;DESPEJADO;0;0;0;1
-7872751,165;-3956984,544;6754;2024;1611079;-33,463469;-70,722127;1;2024/05/10 00:00:00+00;1899/12/30 00:00:00+00;REGION METROPOLITANA;ESTACION CENTRAL;COLISION POR ALCANCE;COLISION;URBANA;TRAMO DE VIA RECTA;DESOBEDIENCIA A SENALIZACION;SENALIZACION DESOBEDECER LUZ INTERMITENTE SEMAFORO;BERNARDO O'HIGGINS;GLADYS MARIN;BERNARDO O'HIGGINS - GLADYS MARIN;0;;;BIDIRECCIONAL CON BANDEJON;MIXTO;BUENO;SECO;DESPEJADO;0;0;0;0
-7869563,977;-3974819,027;6755;2024;1614264;-33,597019;-70,693496;1;2024/05/30 00:00:00+00;1899/12/30 00:00:00+00;REGION METROPOLITANA;SAN BERNARDO;COLISION POR ALCANCE;COLISION;URBANA;CRUCE CON SENAL PARE;IMPRUDENCIA DEL CONDUCTOR;CONDUCCION NO ATENTO CONDICIONES TRANSITO MOMENTO;JOSE BESA;ANTONIO VARAS;ANTONIO VARAS - JOSE BESA;0;;;BIDIRECCIONAL;ASFALTO;BUENO;SECO;DESPEJADO;0;0;0;0
-7859740,7;-3972871,05;6756;2024;1610024;-33,582442;-70,605252;1;2024/05/05 00:00:00+00;1899/12/30 00:00:00+00;REGION METROPOLITANA;PUENTE ALTO;COLISION LATERAL;COLISION;URBANA;TRAMO DE VIA RECTA;IMPRUDENCIA DEL CONDUCTOR;CONDUCCION NO ATENTO CONDICIONES TRANSITO MOMENTO;GABRIELA PONIENTE;CLEOPATRA;CLEOPATRA - GABRIELA PONIENTE;0;;;BIDIRECCIONAL;CONCRETO;BUENO;SECO;DESPEJADO;0;0;0;0
-7862464,243;-3955926,558;6757;2024;1612922;-33,45554;-70,629718;1;2024/05/11 00:00:00+00;1899/12/30 00:00:00+00;REGION METROPOLITANA;SANTIAGO;ATROPELLO;ATROPELLO;URBANA;CRUCE CON SEMAFORO FUNCIONANDO;IMPRUDENCIA DEL PEATON;PEATON CRUZA CALZADA FUERA PASO PEATONES;MANUEL ANTONIO MATTA;VICUNA MACKENNA;MANUEL ANTONIO MATTA - VICUNA MACKENNA;0;;;BIDIRECCIONAL CON BANDEJON;ASFALTO;BUENO;SECO;DESPEJADO;0;2;0;0
-7859295,867;-3964203,691;6758;2024;1611080;-33,517553;-70,601256;1;2024/05/05 00:00:00+00;1899/12/30 00:00:00+00;REGION METROPOLITANA;LA FLORIDA;COLISION;COLISION;URBANA;CRUCE CON SEMAFORO FUNCIONANDO;IMPRUDENCIA DEL CONDUCTOR;CONDUCCION NO ATENTO CONDICIONES TRANSITO MOMENTO;VICUNA MACKENNA ORIENTE;SAN CARLOS DE ANCUD;SAN CARLOS DE ANCUD - VICUNA MACKENNA ORIENTE;0;;;UNIDIRECCIONAL;ASFALTO;BUENO;SECO;DESPEJADO;0;0;0;0
-7874158,912;-3958034,353;6759;2024;1610026;-33,471336;-70,734773;1;2024/05/09 00:00:00+00;1899/12/30 00:00:00+00;REGION METROPOLITANA;MAIPU;CHOQUE FRENTE/POSTERIOR;CHOQUE;URBANA;TRAMO DE VIA RECTA;IMPRUDENCIA DEL CONDUCTOR;CONDUCCION NO ATENTO CONDICIONES TRANSITO MOMENTO;LOS DUCADOS;;- LOS DUCADOS;161;;;BIDIRECCIONAL;ASFALTO;BUENO;SECO;DESPEJADO;0;0;0;0
-7872661,553;-3961321,178;6760;2024;1612925;-33,495962;-70,721322;1;2024/05/19 00:00:00+00;1899/12/30 00:00:00+00;REGION METROPOLITANA;CERRILLOS;COLISION LATERAL;COLISION;URBANA;TRAMO DE VIA RECTA;IMPRUDENCIA DEL CONDUCTOR;ADELANTAMIENTO SOBREPASANDO LINEA CONTINUA;LO ERRAZURIZ;ARTURO PRAT;ARTURO PRAT - LO ERRAZURIZ;0;;;BIDIRECCIONAL;ASFALTO;BUENO;SECO;NUBLADO;0;0;0;0
-7856814,667;-3948708,04;6761;2024;1611089;-33,401422;-70,578967;1;2024/03/30 00:00:00+00;1899/12/30 00:00:00+00;REGION METROPOLITANA;LAS CONDES;COLISION POR ALCANCE;COLISION;URBANA;TRAMO DE VIA RECTA;IMPRUDENCIA DEL CONDUCTOR;CONDUCCION NO ATENTO CONDICIONES TRANSITO MOMENTO;PDTE KENNEDY;;- PDTE KENNEDY;5413;;;UNIDIRECCIONAL;ASFALTO;BUENO;SECO;DESPEJADO;0;0;0;0