ï»¿X;Y;FID;AÃ±o;IdAccident;Latitud;longitud;ClaseAccid;Fecha;Hora;RegiÃ³n;Comuna;Tipo_Accid;Tipo__CONA;Zona;UbicaciÃ³n;Causa__CON;Causa_Acci;Calle_Uno;Calle_Dos;Intersecci;NÃºmero;Ruta;Ubicaci_1;Calzada;Tipo_Calza;Estado_Cal;CondiciÃ³n;Estado_Atm;Fallecidos;Graves;Menos_Grav;Leves
-7854816,928;-3962596,599;6813;2024;1610075;-33,505516;-70,561021;1;2024/05/08 00:00:00+00;1899/12/30 00:00:00+00;REGION METROPOLITANA;PENALOLEN;CHOQUE FRENTE/LADO;CHOQUE;URBANA;CRUCE CON SEMAFORO FUNCIONANDO;IMPRUDENCIA DEL CONDUCTOR;CONDUCCION NO ATENTO CONDICIONES TRANSITO MOMENTO;TOBALABA;LAS TORRES;LAS TORRES - TOBALABA;0;;;BIDIRECCIONAL;CONCRETO;BUENO;SECO;NUBLADO;0;0;0;0
-7875727,626;-3958483,29;6814;2024;1613028;-33,4747;-70,748865;1;2024/05/21 00:00:00+00;1899/12/30 00:00:00+00;REGION METROPOLITANA;MAIPU;COLISION FRONTAL;COLISION;URBANA;TRAMO DE VIA RECTA;IMPRUDENCIA DEL CONDUCTOR;CONDUCIR VEHICULO EN RETROCESO;LONGITUDINAL;ARQTO HUGO BRAVO;ARQTO HUGO BRAVO - LONGITUDINAL;0;;;UNIDIRECCIONAL;ASFALTO;BUENO;SECO;NUBLADO;0;0;0;0
-7855836,391;-3952673,546;6815;2024;1611121;-33,431156;-70,570179;1;2024/05/07 00:00:00+00;1899/12/30 00:00:00+00;REGION METROPOLITANA;LAS CONDES;COLISION LATERAL;COLISION;URBANA;TRAMO DE VIA RECTA;IMPRUDENCIA DEL CONDUCTOR;CONDUCCION NO ATENTO CONDICIONES TRANSITO MOMENTO;FRANCISCO BILBAO;SEBASTIAN ELCANO;FRANCISCO BILBAO - SEBASTIAN ELCANO;0;;;BIDIRECCIONAL;CONCRETO;BUENO;SECO;DESPEJADO;0;0;0;1
-7859036,938;-3960950,219;6816;2024;1610077;-33,493183;-70,59893;1;2024/05/11 00:00:00+00;1899/12/30 00:00:00+00;REGION METROPOLITANA;MACUL;COLISION LATERAL;COLISION;URBANA;TRAMO DE VIA RECTA;IMPRUDENCIA DEL CONDUCTOR;CONDUCCION NO ATENTO CONDICIONES TRANSITO MOMENTO;VICTOR DOMINGO SILVA;DIEGO DUBLE URRUTIA;DIEGO DUBLE URRUTIA - VICTOR DOMINGO SILVA;0;;;BIDIRECCIONAL;CONCRETO;BUENO;SECO;DESPEJADO;0;0;0;0
-7876455,544;-3956086,404;6817;2024;1613029;-33,456738;-70,755404;1;2024/05/22 00:00:00+00;1899/12/30 00:00:00+00;REGION METROPOLITANA;PUDAHUEL;CHOQUE FRONTAL;CHOQUE;URBANA;TRAMO DE VIA RECTA;IMPRUDENCIA DEL CONDUCTOR;CONDUCCION SIN MANTENER DISTANCIA RAZONABLE NI PRUDENTE;EL ABETO;OCEANIA;EL ABETO - OCEANIA;0;;;BIDIRECCIONAL;ASFALTO;BUENO;SECO;LLUVIA;0;0;0;0
-7855485,314;-3949689,286;6818;2024;1611125;-33,40878;-70,567025;1;2024/04/02 00:00:00+00;1899/12/30 00:00:00+00;REGION METROPOLITANA;LAS CONDES;COLISION;COLISION;URBANA;CRUCE CON SEMAFORO FUNCIONANDO;IMPRUDENCIA DEL CONDUCTOR;CONDUCCION NO ATENTO CONDICIONES TRANSITO MOMENTO;APOQUINDO;MANQUEHUE SUR;APOQUINDO - MANQUEHUE SUR;0;;;BIDIRECCIONAL CON BANDEJON;ASFALTO;BUENO;SECO;DESPEJADO;0;0;0;1
-7856255,955;-3956840,965;6819;2024;1614307;-33,462393;-70,573948;1;2024/05/28 00:00:00+00;1899/12/30 00:00:00+00;REGION METROPOLITANA;PENALOLEN;COLISION FRONTAL;COLISION;URBANA;CRUCE CON SEMAFORO FUNCIONANDO;DESOBEDIENCIA A SENALIZACION;SENALIZACION DESOBEDECER LUZ ROJA DE SEMAFORO;ORIENTAL;AMERICO VESPUCIO;AMERICO VESPUCIO - ORIENTAL;0;;;BIDIRECCIONAL;CONCRETO;BUENO;SECO;NUBLADO;0;0;0;0
-7875828,855;-3954466,392;6820;2024;1610079;-33,444596;-70,749774;1;2024/03/28 00:00:00+00;1899/12/30 00:00:00+00;REGION METROPOLITANA;PUDAHUEL;ATROPELLO;ATROPELLO;URBANA;CRUCE CON SENAL CEDA EL PASO;IMPRUDENCIA DEL CONDUCTOR;CONDUCCION NO ATENTO CONDICIONES TRANSITO MOMENTO;SAN PABLO;EL SALITRE;EL SALITRE - SAN PABLO;0;;;BIDIRECCIONAL CON BANDEJON;ASFALTO;BUENO;SECO;DESPEJADO;0;0;0;1
-7868058,826;-3954172,134;6821;2024;1613045;-33,44239;-70,679975;1;2024/05/07 00:00:00+00;1899/12/30 00:00:00+00;REGION METROPOLITANA;SANTIAGO;COLISION PERPENDICULAR;COLISION;URBANA;TRAMO DE VIA RECTA;IMPRUDENCIA DEL CONDUCTOR;CONDUCCION NO ATENTO CONDICIONES TRANSITO MOMENTO;MATUCANA;;- MATUCANA;700;;;UNIDIRECCIONAL;CONCRETO;BUENO;MOJADO;NUBLADO;0;0;0;0
-7856783,164;-3963257,726;6822;2024;1614310;-33,510468;-70,578684;1;2024/05/28 00:00:00+00;1899/12/30 00:00:00+00;REGION METROPOLITANA;PENALOLEN;CHOQUE FRENTE/POSTERIOR;CHOQUE;URBANA;CRUCE CON SEMAFORO FUNCIONANDO;IMPRUDENCIA DEL CONDUCTOR;CONDUCCION NO ATENTO CONDICIONES TRANSITO MOMENTO;DEPARTAMENTAL;LOS BARQUITOS;DEPARTAMENTAL - LOS BARQUITOS;0;;;BIDIRECCIONAL CON BANDEJON;CONCRETO;BUENO;SECO;NUBLADO;0;0;0;0
-7871145,27;-3980536,035;6823;2024;1611130;-33,639786;-70,707701;1;2024/05/03 00:00:00+00;1899/12/30 00:00:00+00;REGION METROPOLITANA;SAN BERNARDO;COLISION POR ALCANCE;COLISION;URBANA;TRAMO DE VIA RECTA;IMPRUDENCIA DEL CONDUCTOR;CONDUCCION SIN MANTENER DISTANCIA RAZONABLE NI PRUDENTE;PORTALES ORIENTE;;- PORTALES ORIENTE;68;;;BIDIRECCIONAL;CONCRETO;BUENO;SECO;DESPEJADO;0;0;0;0
-7852605,121;-3958930,91;6824;2024;1610082;-33,478054;-70,541152;1;2024/05/10 00:00:00+00;1899/12/30 00:00:00+00;REGION METROPOLITANA;PENALOLEN;COLISION FRONTAL;COLISION;URBANA;CRUCE CON SENAL CEDA EL PASO;IMPRUDENCIA DEL CONDUCTOR;CONDUCCION CONTRA SENTIDO DEL TRANSITO;RICARDO GRELLET DE LOS REYES;TUPAHUE;RICARDO GRELLET DE LOS REYES - TUPAHUE;0;;;UNIDIRECCIONAL;CONCRETO;BUENO;SECO;NUBLADO;0;0;0;1
-7867160,144;-3954630,393;6825;2024;1613049;-33,445825;-70,671902;1;2024/05/09 00:00:00+00;1899/12/30 00:00:00+00;REGION METROPOLITANA;SANTIAGO;COLISION LATERAL;COLISION;URBANA;TRAMO DE VIA RECTA;VELOCIDAD IMPRUDENTE;VELOCIDAD NO RAZONABLE NI PRUDENTE;ERASMO ESCALA;;- ERASMO ESCALA;2618;;;UNIDIRECCIONAL;ASFALTO;BUENO;SECO;DESPEJADO;0;0;0;0
-7858046,529;-3968568,28;6826;2024;1614312;-33,550235;-70,590033;1;2024/05/23 00:00:00+00;1899/12/30 00:00:00+00;REGION METROPOLITANA;LA FLORIDA;COLISION LATERAL;COLISION;URBANA;TRAMO DE VIA RECTA;IMPRUDENCIA DEL CONDUCTOR;CONDUCCION NO ATENTO CONDICIONES TRANSITO MOMENTO;JOSE MIGUEL CARRERA;BACTERIOLOGICO;BACTERIOLOGICO - JOSE MIGUEL CARRERA;0;;;BIDIRECCIONAL;CONCRETO;BUENO;SECO;DESPEJADO;0;0;0;0
-7854534,955;-3970455,813;6827;2024;1613053;-33,564365;-70,558488;1;2024/05/23 00:00:00+00;1899/12/30 00:00:00+00;REGION METROPOLITANA;PUENTE ALTO;COLISION POR ALCANCE;COLISION;URBANA;TRAMO DE VIA RECTA;IMPRUDENCIA DEL CONDUCTOR;CONDUCCION SIN MANTENER DISTANCIA RAZONABLE NI PRUDENTE;LA QUINCHA;;- LA QUINCHA;1325;;;BIDIRECCIONAL;ASFALTO;BUENO;SECO;DESPEJADO;0;0;0;0
-7877428,281;-3961848,101;6828;2024;1610083;-33,499909;-70,764142;1;2024/05/10 00:00:00+00;1899/12/30 00:00:00+00;REGION METROPOLITANA;MAIPU;COLISION LATERAL;COLISION;URBANA;CRUCE CON SENAL PARE;DESOBEDIENCIA A SENALIZACION;SENALIZACION DESOBEDECER SENAL PARE;SAN MARTIN;CENTENARIO;CENTENARIO - SAN MARTIN;0;;;BIDIRECCIONAL;ASFALTO;BUENO;SECO;DESPEJADO;0;0;0;0
-7856496,293;-3963279,489;6829;2024;1614314;-33,510631;-70,576107;1;2024/05/29 00:00:00+00;1899/12/30 00:00:00+00;REGION METROPOLITANA;PENALOLEN;COLISION FRONTAL;COLISION;URBANA;CRUCE CON SEMAFORO FUNCIONANDO;DESOBEDIENCIA A SENALIZACION;SENALIZACION DESOBEDECER LUZ ROJA DE SEMAFORO;LOS CEREZOS;DEPARTAMENTAL;DEPARTAMENTAL - LOS CEREZOS;0;;;BIDIRECCIONAL CON BANDEJON;CONCRETO;BUENO;SECO;NUBLADO;0;1;0;0
-7858162,635;-3950141,301;6830;2024;1611144;-33,41217;-70,591076;1;2024/04/04 00:00:00+00;1899/12/30 00:00:00+00;REGION METROPOLITANA;LAS CONDES;COLISION POR ALCANCE;COLISION;URBANA;TRAMO DE VIA RECTA;IMPRUDENCIA DEL CONDUCTOR;CONDUCCION NO ATENTO CONDICIONES TRANSITO MOMENTO;PDTE RIESCO;;- PDTE RIESCO;3845;;;UNIDIRECCIONAL;ASFALTO;BUENO;SECO;DESPEJADO;0;0;0;0
-7853465,954;-3963500,452;6831;2024;1610084;-33,512286;-70,548885;1;2024/05/11 00:00:00+00;1899/12/30 00:00:00+00;REGION METROPOLITANA;PENALOLEN;CHOQUE FRONTAL;CHOQUE;URBANA;TRAMO DE VIA RECTA;ALCOHOL EN CONDUCTOR;CONDUCCION EN ESTADO DE EBRIEDAD;LAS PERDICES;;- LAS PERDICES;2900;;;BIDIRECCIONAL;CONCRETO;BUENO;SECO;NUBLADO;0;0;0;0
-7860558,564;-3978601,931;6832;2024;1613054;-33,62532;-70,612599;1;2024/05/24 00:00:00+00;1899/12/30 00:00:00+00;REGION METROPOLITANA;PUENTE ALTO;CAIDA;CAIDA;URBANA;TRAMO DE VIA RECTA;IMPRUDENCIA DEL CONDUCTOR;CONDUCCION NO ATENTO CONDICIONES TRANSITO MOMENTO;JUANITA;LA LECHERIA;JUANITA - LA LECHERIA;0;;;BIDIRECCIONAL CON BANDEJON;ASFALTO;BUENO;SECO;DESPEJADO;0;0;0;2
-7855710,823;-3949803,239;6833;2024;1611146;-33,409635;-70,569051;1;2024/04/04 00:00:00+00;1899/12/30 00:00:00+00;REGION METROPOLITANA;LAS CONDES;ATROPELLO;ATROPELLO;URBANA;OTROS NO CONSIDERADOS;IMPRUDENCIA DEL CONDUCTOR;CONDUCCION NO ATENTO CONDICIONES TRANSITO MOMENTO;APOQUINDO;;- APOQUINDO;5879;;;BIDIRECCIONAL CON BANDEJON;ASFALTO;BUENO;SECO;DESPEJADO;0;1;0;0
-7848764,598;-3946481,555;6834;2024;1614316;-33,384723;-70,506652;1;2024/05/25 00:00:00+00;1899/12/30 00:00:00+00;REGION METROPOLITANA;LAS CONDES;CHOQUE FRENTE/LADO;CHOQUE;URBANA;TRAMO DE VIA RECTA;IMPRUDENCIA DEL CONDUCTOR;CONDUCCION NO ATENTO CONDICIONES TRANSITO MOMENTO;LA PARROQUIA;;- LA PARROQUIA;18;;;UNIDIRECCIONAL;ASFALTO;BUENO;SECO;DESPEJADO;0;0;0;0
-7875940,469;-3963441,572;6835;2024;1610091;-33,511845;-70,750777;1;2024/05/10 00:00:00+00;1899/12/30 00:00:00+00;REGION METROPOLITANA;MAIPU;COLISION POR ALCANCE;COLISION;URBANA;CRUCE CON SEMAFORO FUNCIONANDO;IMPRUDENCIA DEL CONDUCTOR;CONDUCCION NO ATENTO CONDICIONES TRANSITO MOMENTO;ESQUINA BLANCA;;- ESQUINA BLANCA;575;;;UNIDIRECCIONAL;ASFALTO;BUENO;SECO;DESPEJADO;0;0;0;0
-7855888,823;-3954344,362;6836;2024;1613058;-33,443681;-70,57065;1;2024/04/08 00:00:00+00;1899/12/30 00:00:00+00;REGION METROPOLITANA;LA REINA;OTRO TIPO;OTRO TIPO;URBANA;OTROS NO CONSIDERADOS;OTRAS CAUSAS;OTRAS CAUSAS;OSSA;SAN VICENTE DE PAUL;OSSA - SAN VICENTE DE PAUL;0;;;BIDIRECCIONAL;CONCRETO;BUENO;SECO;DESPEJADO;0;0;0;0
-7853867,43;-3948821,57;6837;2024;1611151;-33,402273;-70,552492;1;2024/03/22 00:00:00+00;1899/12/30 00:00:00+00;REGION METROPOLITANA;LAS CONDES;ATROPELLO;ATROPELLO;URBANA;TRAMO DE VIA RECTA;IMPRUDENCIA DEL CONDUCTOR;CONDUCCION NO ATENTO CONDICIONES TRANSITO MOMENTO;LORENZO DE MEDICIS;PADRE ERRAZURIZ;LORENZO DE MEDICIS - PADRE ERRAZURIZ;0;;;BIDIRECCIONAL;ASFALTO;BUENO;SECO;DESPEJADO;0;1;0;0
-7853000,305;-3957990,448;6838;2024;1614317;-33,471007;-70,544702;1;2024/05/29 00:00:00+00;1899/12/30 00:00:00+00;REGION METROPOLITANA;PENALOLEN;COLISION FRONTAL;COLISION;URBANA;CRUCE CON SEMAFORO FUNCIONANDO;IMPRUDENCIA DEL CONDUCTOR;CONDUCCION NO ATENTO CONDICIONES TRANSITO MOMENTO;LAS PARCELAS;LAGO ROSSELOT;LAGO ROSSELOT - LAS PARCELAS;0;;;BIDIRECCIONAL;CONCRETO;BUENO;SECO;NUBLADO;0;0;0;0
-7857679,842;-3970045,419;6839;2024;1610092;-33,561293;-70,586739;1;2024/05/03 00:00:00+00;1899/12/30 00:00:00+00;REGION METROPOLITANA;LA FLORIDA;ATROPELLO;ATROPELLO;URBANA;TRAMO DE VIA RECTA;IMPRUDENCIA DEL CONDUCTOR;CONDUCCION NO ATENTO CONDICIONES TRANSITO MOMENTO;MARIA ELENA;;- MARIA ELENA;52;;;BIDIRECCIONAL;CONCRETO;BUENO;SECO;DESPEJADO;0;0;0;1
-7877955,463;-3953195,242;6840;2024;1613059;-33,435067;-70,768878;1;2024/05/23 00:00:00+00;1899/12/30 00:00:00+00;REGION METROPOLITANA;PUDAHUEL;COLISION PERPENDICULAR;COLISION;URBANA;CRUCE CON SENAL PARE;VELOCIDAD IMPRUDENTE;VELOCIDAD NO RAZONABLE NI PRUDENTE;MARIA ANGELICA;BRAVO LUCO;BRAVO LUCO - MARIA ANGELICA;0;;;UNIDIRECCIONAL;CONCRETO;BUENO;HUMEDO;NUBLADO;0;0;0;1
-7870452,529;-3951846,698;6841;2024;1614335;-33,424957;-70,701478;1;2024/05/28 00:00:00+00;1899/12/30 00:00:00+00;REGION METROPOLITANA;QUINTA NORMAL;COLISION LATERAL;COLISION;URBANA;CRUCE CON SENAL PARE;IMPRUDENCIA DEL CONDUCTOR;CONDUCCION NO ATENTO CONDICIONES TRANSITO MOMENTO;SALVADOR GUTIERREZ;AYUNTAMIENTO;AYUNTAMIENTO - SALVADOR GUTIERREZ;0;;;BIDIRECCIONAL;CONCRETO;MALO;SECO;DESPEJADO;0;0;0;0
-7855789,192;-3948821,115;6842;2024;1611153;-33,40227;-70,569755;1;2024/03/26 00:00:00+00;1899/12/30 00:00:00+00;REGION METROPOLITANA;LAS CONDES;COLISION LATERAL;COLISION;URBANA;CRUCE CON SEMAFORO FUNCIONANDO;IMPRUDENCIA DEL CONDUCTOR;CONDUCCION NO ATENTO CONDICIONES TRANSITO MOMENTO;PDTE RIESCO;MANQUEHUE NORTE;MANQUEHUE NORTE - PDTE RIESCO;0;;;UNIDIRECCIONAL;ASFALTO;BUENO;SECO;DESPEJADO;0;0;0;1
-7855041,57;-3955554,571;6843;2024;1613066;-33,452752;-70,563039;1;2024/05/13 00:00:00+00;1899/12/30 00:00:00+00;REGION METROPOLITANA;LA REINA;COLISION LATERAL;COLISION;URBANA;OTROS NO CONSIDERADOS;IMPRUDENCIA DEL CONDUCTOR;CONDUCCION NO ATENTO CONDICIONES TRANSITO MOMENTO;LARRAIN;ALMTE GOMEZ CARRENO;ALMTE GOMEZ CARRENO - LARRAIN;0;;;BIDIRECCIONAL;CONCRETO;BUENO;SECO;DESPEJADO;0;0;0;2
-7852578,404;-3958095,607;6844;2024;1610094;-33,471795;-70,540912;1;2024/05/12 00:00:00+00;1899/12/30 00:00:00+00;REGION METROPOLITANA;PENALOLEN;ATROPELLO;ATROPELLO;URBANA;CRUCE SIN SENALIZACION;IMPRUDENCIA DEL CONDUCTOR;CONDUCCION NO ATENTO CONDICIONES TRANSITO MOMENTO;LAGO BUDI;LAS PARCELAS;LAGO BUDI - LAS PARCELAS;0;;;BIDIRECCIONAL;CONCRETO;BUENO;SECO;NUBLADO;0;0;0;1
-7851815,865;-3950666,617;6845;2024;1611154;-33,416109;-70,534062;1;2024/04/05 00:00:00+00;1899/12/30 00:00:00+00;REGION METROPOLITANA;LAS CONDES;COLISION LATERAL;COLISION;URBANA;TRAMO DE VIA RECTA;IMPRUDENCIA DEL CONDUCTOR;CONDUCCION NO ATENTO CONDICIONES TRANSITO MOMENTO;LAS CONDES;;- LAS CONDES;7383;;;BIDIRECCIONAL CON BANDEJON;ASFALTO;BUENO;SECO;DESPEJADO;0;0;0;0
-7867505,012;-3956614,258;6846;2024;1614339;-33,460694;-70,675;1;2024/05/20 00:00:00+00;1899/12/30 00:00:00+00;REGION METROPOLITANA;SANTIAGO;COLISION LATERAL;COLISION;URBANA;CRUCE CON SEMAFORO FUNCIONANDO;IMPRUDENCIA DEL CONDUCTOR;VIRAJES INDEBIDOS;MAQUINISTA ESCOBAR;CATEDRAL;CATEDRAL - MAQUINISTA ESCOBAR;0;;;UNIDIRECCIONAL;ASFALTO;BUENO;MOJADO;NUBLADO;0;0;0;0
-7856975,19;-3973352,902;6847;2024;1613073;-33,586048;-70,580409;1;2024/05/17 00:00:00+00;1899/12/30 00:00:00+00;REGION METROPOLITANA;PUENTE ALTO;CHOQUE FRENTE/POSTERIOR;CHOQUE;URBANA;TRAMO DE VIA RECTA;IMPRUDENCIA DEL CONDUCTOR;CONDUCCION NO ATENTO CONDICIONES TRANSITO MOMENTO;CONCHA Y TORO;LUIS MATTE LARRAIN;CONCHA Y TORO - LUIS MATTE LARRAIN;0;;;BIDIRECCIONAL;CONCRETO;BUENO;SECO;DESPEJADO;0;0;0;0
-7863195,166;-3969307,895;6848;2024;1610101;-33,555772;-70,636284;1;2024/05/09 00:00:00+00;1899/12/30 00:00:00+00;REGION METROPOLITANA;SAN RAMON;COLISION;COLISION;URBANA;TRAMO DE VIA RECTA;IMPRUDENCIA DEL CONDUCTOR;CONDUCCION NO ATENTO CONDICIONES TRANSITO MOMENTO;ESPERANZA;GUACOLDA;ESPERANZA - GUACOLDA;0;;;BIDIRECCIONAL;ASFALTO;BUENO;SECO;DESPEJADO;0;0;0;0
-7853391,815;-3947153,895;6849;2024;1611155;-33,389766;-70,548219;1;2024/04/05 00:00:00+00;1899/12/30 00:00:00+00;REGION METROPOLITANA;VITACURA;COLISION;COLISION;URBANA;CRUCE CON SEMAFORO FUNCIONANDO;IMPRUDENCIA DEL CONDUCTOR;CONDUCCION CAMBIAR SORPRESIVAMENTE PISTA CIRCULACION;PDTE KENNEDY;PADRE HURTADO NORTE;PADRE HURTADO NORTE - PDTE KENNEDY;0;;;BIDIRECCIONAL CON BANDEJON;ASFALTO;BUENO;SECO;DESPEJADO;0;0;0;0
-7855254,636;-3950739,435;6850;2024;1614365;-33,416655;-70,564953;1;2024/05/26 00:00:00+00;1899/12/30 00:00:00+00;REGION METROPOLITANA;LAS CONDES;CHOQUE;CHOQUE;URBANA;TRAMO DE VIA RECTA;DROGAS Y/O FATIGA EN CONDUCTOR;CONDICIONES FISICAS DEFICIENTES (CANSANCIO, SUENO);CRISTOBAL COLON;MANQUEHUE SUR;CRISTOBAL COLON - MANQUEHUE SUR;0;;;BIDIRECCIONAL;CONCRETO;BUENO;HUMEDO;LLOVIZNA;0;1;0;0
-7854472,728;-3954174,935;6851;2024;1613076;-33,442411;-70,557929;1;2024/05/15 00:00:00+00;1899/12/30 00:00:00+00;REGION METROPOLITANA;LA REINA;OTRO TIPO;OTRO TIPO;URBANA;OTROS NO CONSIDERADOS;CAUSAS NO DETERMINADAS;CAUSAS NO DETERMINADAS;LA CANADA;;- LA CANADA;7135;;;BIDIRECCIONAL;CONCRETO;BUENO;SECO;DESPEJADO;0;0;0;0
-7876808,204;-3963237,833;6852;2024;1610102;-33,510319;-70,758572;1;2024/05/10 00:00:00+00;1899/12/30 00:00:00+00;REGION METROPOLITANA;MAIPU;CAIDA;CAIDA;URBANA;TRAMO DE VIA RECTA;IMPRUDENCIA DEL CONDUCTOR;CONDUCCION NO ATENTO CONDICIONES TRANSITO MOMENTO;5 DE ABRIL;;- 5 DE ABRIL;83;;;UNIDIRECCIONAL;ASFALTO;BUENO;SECO;DESPEJADO;0;0;0;1
-7855643,809;-3954282,995;6853;2024;1614371;-33,443221;-70,568449;1;2024/03/18 00:00:00+00;1899/12/30 00:00:00+00;REGION METROPOLITANA;LA REINA;COLISION PERPENDICULAR;COLISION;URBANA;CRUCE CON SENAL PARE;IMPRUDENCIA DEL CONDUCTOR;VIRAJES INDEBIDOS;TOBALABA;SAN VICENTE DE PAUL;SAN VICENTE DE PAUL - TOBALABA;0;;;BIDIRECCIONAL;CONCRETO;BUENO;SECO;DESPEJADO;0;0;0;0
-7866352,41;-3953685,612;6854;2024;1611156;-33,438743;-70,664646;1;2024/05/03 00:00:00+00;1899/12/30 00:00:00+00;REGION METROPOLITANA;SANTIAGO;CHOQUE;CHOQUE;URBANA;CRUCE CON SEMAFORO FUNCIONANDO;IMPRUDENCIA DEL CONDUCTOR;CONDUCCION NO ATENTO CONDICIONES TRANSITO MOMENTO;BRASIL;CATEDRAL;BRASIL - CATEDRAL;0;;;BIDIRECCIONAL;ASFALTO;BUENO;SECO;DESPEJADO;0;0;0;1
-7874336,466;-4003066,774;6855;2024;1613077;-33,808124;-70,736368;1;2024/05/01 00:00:00+00;1899/12/30 00:00:00+00;REGION METROPOLITANA;PAINE;COLISION FRONTAL;COLISION;RURAL;TRAMO DE VIA RECTA;IMPRUDENCIA DEL CONDUCTOR;CONDUCCION NO ATENTO CONDICIONES TRANSITO MOMENTO;EL ROMERO;JUAN PABLO II;EL ROMERO - JUAN PABLO II;0;;;BIDIRECCIONAL;ASFALTO;BUENO;SECO;DESPEJADO;0;0;0;0
-7857616,947;-3962593,661;6856;2024;1610104;-33,505494;-70,586174;1;2024/05/12 00:00:00+00;1899/12/30 00:00:00+00;REGION METROPOLITANA;PENALOLEN;CHOQUE FRONTAL;CHOQUE;URBANA;OTROS NO CONSIDERADOS;ALCOHOL EN CONDUCTOR;CONDUCCION BAJO LA INFLUENCIA DEL ALCOHOL;SAN LUIS DE MACUL;EL PARQUE;EL PARQUE - SAN LUIS DE MACUL;0;;;BIDIRECCIONAL;CONCRETO;BUENO;SECO;NUBLADO;0;1;0;0
-7857147,624;-3949519,461;6857;2024;1611157;-33,407507;-70,581958;1;2024/04/04 00:00:00+00;1899/12/30 00:00:00+00;REGION METROPOLITANA;LAS CONDES;COLISION;COLISION;URBANA;TRAMO DE VIA RECTA;IMPRUDENCIA DEL CONDUCTOR;VIRAJES INDEBIDOS;PDTE RIESCO;;- PDTE RIESCO;4780;;;BIDIRECCIONAL;ASFALTO;BUENO;SECO;DESPEJADO;0;1;0;0
-7864147,059;-3955801,805;6858;2024;1614380;-33,454605;-70,644835;1;2024/05/27 00:00:00+00;1899/12/30 00:00:00+00;REGION METROPOLITANA;SANTIAGO;COLISION LATERAL;COLISION;URBANA;OTROS NO CONSIDERADOS;IMPRUDENCIA DEL CONDUCTOR;CONDUCCION NO ATENTO CONDICIONES TRANSITO MOMENTO;COPIAPO;TUPPER;COPIAPO - TUPPER;0;;;UNIDIRECCIONAL;CONCRETO;BUENO;SECO;DESPEJADO;0;0;0;0
-7852849,912;-3954207,22;6859;2024;1613081;-33,442653;-70,543351;1;2024/05/17 00:00:00+00;1899/12/30 00:00:00+00;REGION METROPOLITANA;LA REINA;COLISION LATERAL;COLISION;URBANA;CRUCE CON SENAL CEDA EL PASO;IMPRUDENCIA DEL CONDUCTOR;CONDUCCION NO ATENTO CONDICIONES TRANSITO MOMENTO;JOSE ZAPIOLA CORTEZ;CARLOS OSSANDON;CARLOS OSSANDON - JOSE ZAPIOLA CORTEZ;0;;;BIDIRECCIONAL;CONCRETO;BUENO;SECO;DESPEJADO;0;0;0;1
-7874864,343;-3959010,987;6860;2024;1610110;-33,478654;-70,74111;1;2024/05/10 00:00:00+00;1899/12/30 00:00:00+00;REGION METROPOLITANA;MAIPU;COLISION POR ALCANCE;COLISION;URBANA;TRAMO DE VIA RECTA;IMPRUDENCIA DEL CONDUCTOR;CONDUCCION NO ATENTO CONDICIONES TRANSITO MOMENTO;STA ROSA;ERNEST HEMINGWAY;ERNEST HEMINGWAY - STA ROSA;0;;;BIDIRECCIONAL;ASFALTO;BUENO;SECO;DESPEJADO;0;0;0;0
-7858113,098;-3963201,785;6861;2024;1611158;-33,510049;-70,590631;1;2024/04/05 00:00:00+00;1899/12/30 00:00:00+00;REGION METROPOLITANA;LA FLORIDA;COLISION POR ALCANCE;COLISION;URBANA;TRAMO DE VIA RECTA;IMPRUDENCIA DEL CONDUCTOR;CONDUCCION NO ATENTO CONDICIONES TRANSITO MOMENTO;DEPARTAMENTAL;AMERICO VESPUCIO;AMERICO VESPUCIO - DEPARTAMENTAL;0;;;UNIDIRECCIONAL;ASFALTO;BUENO;SECO;DESPEJADO;0;0;0;0
-7866264,022;-3950928,817;6862;2024;1614385;-33,418075;-70,663852;1;2024/05/28 00:00:00+00;1899/12/30 00:00:00+00;REGION METROPOLITANA;INDEPENDENCIA;COLISION POR ALCANCE;COLISION;URBANA;TRAMO DE VIA RECTA;IMPRUDENCIA DEL CONDUCTOR;CONDUCCION NO ATENTO CONDICIONES TRANSITO MOMENTO;FERMIN VIVACETA;;- FERMIN VIVACETA;1108;;;BIDIRECCIONAL;ASFALTO;BUENO;SECO;NUBLADO;0;0;0;0
-7868860,438;-3952877,9;6863;2024;1610112;-33,432688;-70,687176;1;2024/05/05 00:00:00+00;1899/12/30 00:00:00+00;REGION METROPOLITANA;QUINTA NORMAL;COLISION LATERAL;COLISION;URBANA;CRUCE CON SEMAFORO FUNCIONANDO;DESOBEDIENCIA A SENALIZACION;SENALIZACION DESOBEDECER LUZ ROJA DE SEMAFORO;MAPOCHO;LOURDES;LOURDES - MAPOCHO;0;;;UNIDIRECCIONAL;CONCRETO;REGULAR;SECO;DESPEJADO;0;0;1;0
-7859709,642;-3955744,966;6864;2024;1613084;-33,454179;-70,604973;1;2024/05/22 00:00:00+00;1899/12/30 00:00:00+00;REGION METROPOLITANA;NUNOA;COLISION;COLISION;URBANA;CRUCE CON SEMAFORO FUNCIONANDO;IMPRUDENCIA DEL CONDUCTOR;CONDUCCION NO ATENTO CONDICIONES TRANSITO MOMENTO;IRARRAZAVAL;PEDRO DE VALDIVIA;IRARRAZAVAL - PEDRO DE VALDIVIA;0;;;BIDIRECCIONAL CON BANDEJON;CONCRETO;BUENO;SECO;NUBLADO;0;0;0;0