ï»¿X;Y;FID;AÃ±o;IdAccident;Latitud;longitud;ClaseAccid;Fecha;Hora;RegiÃ³n;Comuna;Tipo_Accid;Tipo__CONA;Zona;UbicaciÃ³n;Causa__CON;Causa_Acci;Calle_Uno;Calle_Dos;Intersecci;NÃºmero;Ruta;Ubicaci_1;Calzada;Tipo_Calza;Estado_Cal;CondiciÃ³n;Estado_Atm;Fallecidos;Graves;Menos_Grav;Leves
-7873162,936;-3940188,272;6915;2024;1614426;-33,337505;-70,725826;1;2024/05/09 00:00:00+00;1899/12/30 00:00:00+00;REGION METROPOLITANA;QUILICURA;COLISION POR ALCANCE;COLISION;URBANA;TRAMO DE VIA RECTA;IMPRUDENCIA DEL CONDUCTOR;CONDUCCION NO ATENTO CONDICIONES TRANSITO MOMENTO;LIBER BERNARDO O'HIGGINS;SAN IGNACIO;LIBER BERNARDO O'HIGGINS - SAN IGNACIO;0;;;UNIDIRECCIONAL;ASFALTO;REGULAR;SECO;DESPEJADO;0;0;0;0
-7858965,916;-3955843,567;6916;2024;1613128;-33,454918;-70,598292;1;2024/05/26 00:00:00+00;1899/12/30 00:00:00+00;REGION METROPOLITANA;NUNOA;CHOQUE FRONTAL;CHOQUE;URBANA;TRAMO DE VIA RECTA;IMPRUDENCIA DEL CONDUCTOR;CONDUCCION NO ATENTO CONDICIONES TRANSITO MOMENTO;CAP IGNACIO CARRERA PINTO;QUIVOLGO;CAP IGNACIO CARRERA PINTO - QUIVOLGO;0;;;BIDIRECCIONAL CON BANDEJON;CONCRETO;BUENO;HUMEDO;NUBLADO;0;0;0;0
-7862561,536;-3962809,004;6917;2024;1611207;-33,507107;-70,630592;1;2024/05/13 00:00:00+00;1899/12/30 00:00:00+00;REGION METROPOLITANA;SAN JOAQUIN;COLISION LATERAL;COLISION;URBANA;TRAMO DE VIA RECTA;IMPRUDENCIA DEL CONDUCTOR;CONDUCCION NO ATENTO CONDICIONES TRANSITO MOMENTO;DEPARTAMENTAL;BOTICELLI;BOTICELLI - DEPARTAMENTAL;0;;;BIDIRECCIONAL CON BANDEJON;ASFALTO;BUENO;SECO;DESPEJADO;0;0;0;0
-7869673,961;-3947577,611;6918;2024;1610187;-33,392944;-70,694484;1;2024/05/02 00:00:00+00;1899/12/30 00:00:00+00;REGION METROPOLITANA;RENCA;COLISION;COLISION;URBANA;TRAMO DE VIA RECTA;IMPRUDENCIA DEL CONDUCTOR;CONDUCCION NO ATENTO CONDICIONES TRANSITO MOMENTO;FRESIA;RIO DE LA PLATA;FRESIA - RIO DE LA PLATA;0;;;UNIDIRECCIONAL;ASFALTO;REGULAR;SECO;DESPEJADO;0;0;0;0
-7864864,068;-3967173,067;6919;2024;1614431;-33,539789;-70,651276;1;2024/05/28 00:00:00+00;1899/12/30 00:00:00+00;REGION METROPOLITANA;SAN RAMON;COLISION POR ALCANCE;COLISION;URBANA;TRAMO DE VIA RECTA;IMPRUDENCIA DEL CONDUCTOR;CONDUCCION SIN MANTENER DISTANCIA RAZONABLE NI PRUDENTE;AMERICO VESPUCIO;LA GRANJA;AMERICO VESPUCIO - LA GRANJA;0;;;BIDIRECCIONAL;ASFALTO;BUENO;SECO;DESPEJADO;0;0;0;1
-7874176,055;-4003036,362;6920;2024;1613138;-33,807897;-70,734927;1;2024/05/07 00:00:00+00;1899/12/30 00:00:00+00;REGION METROPOLITANA;PAINE;ATROPELLO;ATROPELLO;URBANA;TRAMO DE VIA RECTA;IMPRUDENCIA DEL CONDUCTOR;CONDUCCION NO ATENTO CONDICIONES TRANSITO MOMENTO;18 DE SEPTIEMBRE;BUIN;18 DE SEPTIEMBRE - BUIN;0;;;BIDIRECCIONAL;ASFALTO;BUENO;SECO;DESPEJADO;0;0;0;1
-7873839,202;-3997902,581;6921;2024;1610191;-33,769569;-70,731901;1;2024/04/26 00:00:00+00;1899/12/30 00:00:00+00;REGION METROPOLITANA;BUIN;CHOQUE FRONTAL;CHOQUE;URBANA;TRAMO DE VIA RECTA;ALCOHOL EN CONDUCTOR;CONDUCCION EN ESTADO DE EBRIEDAD;CAMINO EL CERRILLO;;- CAMINO EL CERRILLO;22;;;BIDIRECCIONAL;ASFALTO;BUENO;SECO;DESPEJADO;0;0;0;1
-7871945,658;-3952251,645;6922;2024;1614432;-33,427993;-70,714891;1;2024/05/29 00:00:00+00;1899/12/30 00:00:00+00;REGION METROPOLITANA;QUINTA NORMAL;ATROPELLO;ATROPELLO;URBANA;CRUCE CON SENAL CEDA EL PASO;DESOBEDIENCIA A SENALIZACION;SENALIZACION DESOBEDECER OTRA;SAMUEL IZQUIERDO;CDTE CHACON;CDTE CHACON - SAMUEL IZQUIERDO;0;;;BIDIRECCIONAL;ASFALTO;BUENO;SECO;DESPEJADO;0;1;0;0
-7858971,705;-3957120,385;6923;2024;1611211;-33,464487;-70,598344;1;2024/05/15 00:00:00+00;1899/12/30 00:00:00+00;REGION METROPOLITANA;NUNOA;CHOQUE FRENTE/POSTERIOR;CHOQUE;URBANA;CRUCE CON SEMAFORO FUNCIONANDO;IMPRUDENCIA DEL CONDUCTOR;CONDUCCION NO ATENTO CONDICIONES TRANSITO MOMENTO;JOSE PEDRO ALESSANDRI;GRECIA;GRECIA - JOSE PEDRO ALESSANDRI;0;;;BIDIRECCIONAL CON BANDEJON;ASFALTO;BUENO;SECO;DESPEJADO;0;0;0;0
-7859492,569;-3972709,636;6924;2024;1613142;-33,581234;-70,603023;1;2024/05/18 00:00:00+00;1899/12/30 00:00:00+00;REGION METROPOLITANA;PUENTE ALTO;CHOQUE FRENTE/POSTERIOR;CHOQUE;URBANA;TRAMO DE VIA RECTA;IMPRUDENCIA DEL CONDUCTOR;CONDUCCION NO ATENTO CONDICIONES TRANSITO MOMENTO;CRETA;AMERICA;AMERICA - CRETA;0;;;BIDIRECCIONAL;CONCRETO;BUENO;SECO;DESPEJADO;0;0;0;0
-7877018,821;-3946706,33;6925;2024;1610193;-33,386409;-70,760464;1;2024/04/30 00:00:00+00;1899/12/30 00:00:00+00;REGION METROPOLITANA;RENCA;CHOQUE;CHOQUE;URBANA;TRAMO DE VIA RECTA;IMPRUDENCIA DEL CONDUCTOR;CONDUCCION CONTRA SENTIDO DEL TRANSITO;CAMINO LO BOZA;AMERICO VESPUCIO;AMERICO VESPUCIO - CAMINO LO BOZA;0;;;UNIDIRECCIONAL;ASFALTO;REGULAR;SECO;DESPEJADO;0;0;0;0
-7860285,052;-3956789,859;6926;2024;1614436;-33,46201;-70,610142;1;2024/05/20 00:00:00+00;1899/12/30 00:00:00+00;REGION METROPOLITANA;NUNOA;CHOQUE FRENTE/POSTERIOR;CHOQUE;URBANA;CRUCE CON SEMAFORO FUNCIONANDO;IMPRUDENCIA DEL CONDUCTOR;CONDUCCION NO ATENTO CONDICIONES TRANSITO MOMENTO;GRECIA;CAMPOS DE DEPORTES;CAMPOS DE DEPORTES - GRECIA;0;;;BIDIRECCIONAL CON BANDEJON;ASFALTO;BUENO;MOJADO;LLUVIA;0;0;1;5
-7866232,355;-3950953,079;6927;2024;1611218;-33,418257;-70,663568;1;2024/05/10 00:00:00+00;1899/12/30 00:00:00+00;REGION METROPOLITANA;INDEPENDENCIA;COLISION PERPENDICULAR;COLISION;URBANA;CRUCE CON SEMAFORO FUNCIONANDO;IMPRUDENCIA DEL CONDUCTOR;CONDUCCION NO ATENTO CONDICIONES TRANSITO MOMENTO;EL MOLINO;FERMIN VIVACETA;EL MOLINO - FERMIN VIVACETA;0;;;UNIDIRECCIONAL;ASFALTO;BUENO;SECO;DESPEJADO;0;0;0;1
-7874907,313;-3991694,429;6928;2024;1610195;-33,723197;-70,741496;1;2024/04/27 00:00:00+00;1899/12/30 00:00:00+00;REGION METROPOLITANA;BUIN;COLISION POR ALCANCE;COLISION;URBANA;CRUCE CON SEMAFORO FUNCIONANDO;IMPRUDENCIA DEL CONDUCTOR;CONDUCCION SIN MANTENER DISTANCIA RAZONABLE NI PRUDENTE;MANUEL RODRIGUEZ;PRESIDENTE FEDERICO ERRAZURIZ;MANUEL RODRIGUEZ - PRESIDENTE FEDERICO ERRAZURIZ;0;;;BIDIRECCIONAL CON BANDEJON;ASFALTO;BUENO;SECO;DESPEJADO;0;0;0;0
-7852082,476;-3946029,75;6929;2024;1613151;-33,381334;-70,536457;1;2024/05/08 00:00:00+00;1899/12/30 00:00:00+00;REGION METROPOLITANA;VITACURA;ATROPELLO;ATROPELLO;URBANA;CRUCE CON SEMAFORO FUNCIONANDO;IMPRUDENCIA DEL CONDUCTOR;CONDUCCION NO ATENTO CONDICIONES TRANSITO MOMENTO;TABANCURA;LAS HUALTATAS;LAS HUALTATAS - TABANCURA;0;;;BIDIRECCIONAL;ASFALTO;BUENO;SECO;NUBLADO;0;0;0;1
-7869339,334;-3946257,983;6930;2024;1614441;-33,383046;-70,691478;1;2024/05/08 00:00:00+00;1899/12/30 00:00:00+00;REGION METROPOLITANA;CONCHALI;CHOQUE FRENTE/POSTERIOR;CHOQUE;URBANA;CRUCE CON SENAL CEDA EL PASO;DESOBEDIENCIA A SENALIZACION;SENALIZACION DESOBEDECER SENAL CEDA EL PASO;PDTE EDUARDO FREI MONTALVA;EL TRABAJO;EL TRABAJO - PDTE EDUARDO FREI MONTALVA;0;;;UNIDIRECCIONAL;ASFALTO;BUENO;SECO;DESPEJADO;0;0;0;0
-7870344,215;-3956106,285;6931;2024;1611221;-33,456887;-70,700505;1;2024/05/09 00:00:00+00;1899/12/30 00:00:00+00;REGION METROPOLITANA;ESTACION CENTRAL;COLISION POR ALCANCE;COLISION;URBANA;TRAMO DE VIA RECTA;IMPRUDENCIA DEL CONDUCTOR;CONDUCCION NO ATENTO CONDICIONES TRANSITO MOMENTO;LIBER BERNARDO O'HIGGINS;;- LIBER BERNARDO O'HIGGINS;4848;;;BIDIRECCIONAL CON BANDEJON;ASFALTO;BUENO;SECO;DESPEJADO;0;0;0;0
-7879118,863;-3992949,257;6932;2024;1610199;-33,732572;-70,779329;1;2024/04/27 00:00:00+00;1899/12/30 00:00:00+00;REGION METROPOLITANA;BUIN;COLISION LATERAL;COLISION;URBANA;CRUCE CON SENAL PARE;IMPRUDENCIA DEL CONDUCTOR;ADELANTAMIENTO SIN EL ESPACIO O TIEMPO SUFICIENTE;CLEMENTE DIAZ;FELIPE DE NERY;CLEMENTE DIAZ - FELIPE DE NERY;0;;;BIDIRECCIONAL;ASFALTO;BUENO;SECO;DESPEJADO;0;0;0;2
-7850877,887;-3945364,14;6933;2024;1613159;-33,376341;-70,525636;1;2024/05/08 00:00:00+00;1899/12/30 00:00:00+00;REGION METROPOLITANA;VITACURA;COLISION POR ALCANCE;COLISION;URBANA;TRAMO DE VIA RECTA;IMPRUDENCIA DEL CONDUCTOR;CONDUCCION SIN MANTENER DISTANCIA RAZONABLE NI PRUDENTE;LAS CONDES;SAN DAMIAN;LAS CONDES - SAN DAMIAN;0;;;BIDIRECCIONAL CON BANDEJON;ASFALTO;BUENO;SECO;DESPEJADO;0;0;0;2
-7890074,371;-3933284,887;6934;2024;1611224;-33,28568;-70,877744;1;2024/05/16 00:00:00+00;1899/12/30 00:00:00+00;REGION METROPOLITANA;LAMPA;COLISION POR ALCANCE;COLISION;URBANA;TRAMO DE VIA RECTA;IMPRUDENCIA DEL CONDUCTOR;CONDUCCION NO ATENTO CONDICIONES TRANSITO MOMENTO;ARTURO PRAT;IGNACIO SERRANO;ARTURO PRAT - IGNACIO SERRANO;0;;;BIDIRECCIONAL;ASFALTO;BUENO;SECO;DESPEJADO;0;0;0;0
-7859709,642;-3955744,966;6935;2024;1614446;-33,454179;-70,604973;1;2024/05/22 00:00:00+00;1899/12/30 00:00:00+00;REGION METROPOLITANA;NUNOA;CHOQUE LADO/POSTERIOR;CHOQUE;URBANA;CRUCE CON SEMAFORO FUNCIONANDO;IMPRUDENCIA DEL CONDUCTOR;CONDUCCION NO ATENTO CONDICIONES TRANSITO MOMENTO;IRARRAZAVAL;PEDRO DE VALDIVIA;IRARRAZAVAL - PEDRO DE VALDIVIA;0;;;BIDIRECCIONAL CON BANDEJON;ASFALTO;BUENO;MOJADO;LLUVIA;0;0;0;0
-7869631,771;-3949675,085;6936;2024;1610200;-33,408674;-70,694105;1;2024/05/05 00:00:00+00;1899/12/30 00:00:00+00;REGION METROPOLITANA;RENCA;COLISION;COLISION;URBANA;TRAMO DE VIA RECTA;IMPRUDENCIA DEL CONDUCTOR;CONDUCCION NO ATENTO CONDICIONES TRANSITO MOMENTO;DOMINGO SANTA MARIA;APOSTOL SANTIAGO;APOSTOL SANTIAGO - DOMINGO SANTA MARIA;0;;;UNIDIRECCIONAL;ASFALTO;REGULAR;SECO;DESPEJADO;0;0;0;0
-7875044,57;-4003831,789;6937;2024;1613160;-33,813834;-70,742729;1;2024/05/12 00:00:00+00;1899/12/30 00:00:00+00;REGION METROPOLITANA;PAINE;COLISION POR ALCANCE;COLISION;URBANA;TRAMO DE VIA RECTA;IMPRUDENCIA DEL CONDUCTOR;CONDUCCION NO ATENTO CONDICIONES TRANSITO MOMENTO;GENERAL BAQUEDANO;PRESIDENTE PRIETO;GENERAL BAQUEDANO - PRESIDENTE PRIETO;0;;;BIDIRECCIONAL;ASFALTO;BUENO;SECO;DESPEJADO;0;0;0;0
-7858573,96;-3950662,216;6938;2024;1611226;-33,416076;-70,594771;1;2024/04/12 00:00:00+00;1899/12/30 00:00:00+00;REGION METROPOLITANA;LAS CONDES;COLISION POR ALCANCE;COLISION;URBANA;TRAMO DE VIA RECTA;IMPRUDENCIA DEL CONDUCTOR;CONDUCCION CAMBIAR SORPRESIVAMENTE PISTA CIRCULACION;APOQUINDO;;- APOQUINDO;3400;;;BIDIRECCIONAL;CONCRETO;BUENO;SECO;DESPEJADO;0;0;0;0
-7860936,939;-3955336,295;6939;2024;1614449;-33,451116;-70,615998;1;2024/05/22 00:00:00+00;1899/12/30 00:00:00+00;REGION METROPOLITANA;NUNOA;ATROPELLO;ATROPELLO;URBANA;PASO PARA PEATONES;IMPRUDENCIA DEL CONDUCTOR;NO RESPETAR DERECHO PREFERENTE DE PASO A PEATON;SUCRE;JOSE MIGUEL CLARO;JOSE MIGUEL CLARO - SUCRE;0;;;UNIDIRECCIONAL;ASFALTO;BUENO;MOJADO;LLUVIA;0;0;0;1
-7869420,709;-3955729,756;6940;2024;1610204;-33,454065;-70,692209;1;2024/04/30 00:00:00+00;1899/12/30 00:00:00+00;REGION METROPOLITANA;ESTACION CENTRAL;COLISION POR ALCANCE;COLISION;URBANA;TRAMO DE VIA RECTA;IMPRUDENCIA DEL CONDUCTOR;CONDUCCION NO ATENTO CONDICIONES TRANSITO MOMENTO;LIBER BERNARDO O'HIGGINS;TORO MAZOTTE;LIBER BERNARDO O'HIGGINS - TORO MAZOTTE;0;;;BIDIRECCIONAL CON BANDEJON;ASFALTO;BUENO;SECO;DESPEJADO;0;0;0;0
-7855702,919;-3946826,319;6941;2024;1613162;-33,387309;-70,56898;1;2024/05/08 00:00:00+00;1899/12/30 00:00:00+00;REGION METROPOLITANA;VITACURA;ATROPELLO;ATROPELLO;URBANA;OTROS NO CONSIDERADOS;IMPRUDENCIA DEL CONDUCTOR;NO RESPETAR DERECHO PREFERENTE DE PASO A PEATON;BUENAVENTURA;;- BUENAVENTURA;1770;;;UNIDIRECCIONAL;ASFALTO;BUENO;SECO;DESPEJADO;0;1;0;0
-7866807,15;-3942219,774;6942;2024;1614450;-33,35275;-70,668731;1;2024/05/16 00:00:00+00;1899/12/30 00:00:00+00;REGION METROPOLITANA;HUECHURABA;ATROPELLO;ATROPELLO;URBANA;OTROS NO CONSIDERADOS;IMPRUDENCIA DEL PEATON;PEATON CRUZA CALZADA FUERA PASO PEATONES;GUANACO NORTE;;- GUANACO NORTE;1322;;;UNIDIRECCIONAL;ASFALTO;REGULAR;SECO;DESPEJADO;0;0;0;1
-7889805,757;-3933322,173;6943;2024;1611228;-33,28596;-70,875331;1;2024/05/07 00:00:00+00;1899/12/30 00:00:00+00;REGION METROPOLITANA;LAMPA;COLISION LATERAL;COLISION;URBANA;TRAMO DE VIA RECTA;IMPRUDENCIA DEL CONDUCTOR;CONDUCCION NO ATENTO CONDICIONES TRANSITO MOMENTO;ARTURO PRAT;;- ARTURO PRAT;832;;;UNIDIRECCIONAL;ASFALTO;BUENO;SECO;DESPEJADO;0;0;0;0
-7870123,692;-3964888,278;6944;2024;1610205;-33,52268;-70,698524;1;2024/05/12 00:00:00+00;1899/12/30 00:00:00+00;REGION METROPOLITANA;LO ESPEJO;ATROPELLO;ATROPELLO;URBANA;TRAMO DE VIA RECTA;IMPRUDENCIA DEL CONDUCTOR;CONDUCCION NO ATENTO CONDICIONES TRANSITO MOMENTO;PDTE JORGE ALESSANDRI RODRIGUEZ;LO ESPEJO;LO ESPEJO - PDTE JORGE ALESSANDRI RODRIGUEZ;0;;;BIDIRECCIONAL CON BANDEJON;ASFALTO;BUENO;SECO;DESPEJADO;1;0;0;0
-7874336,466;-4003066,774;6945;2024;1613166;-33,808124;-70,736368;1;2024/05/14 00:00:00+00;1899/12/30 00:00:00+00;REGION METROPOLITANA;PAINE;COLISION FRONTAL;COLISION;URBANA;TRAMO DE VIA RECTA;IMPRUDENCIA DEL CONDUCTOR;CONDUCCION NO ATENTO CONDICIONES TRANSITO MOMENTO;GRAN AVENIDA;ACCESO 2;ACCESO 2 - GRAN AVENIDA;0;;;BIDIRECCIONAL;ASFALTO;BUENO;SECO;DESPEJADO;0;0;0;0
-7854966,448;-3950759,286;6946;2024;1611230;-33,416804;-70,562364;1;2024/04/12 00:00:00+00;1899/12/30 00:00:00+00;REGION METROPOLITANA;LAS CONDES;COLISION LATERAL;COLISION;URBANA;CRUCE CON SEMAFORO FUNCIONANDO;IMPRUDENCIA DEL CONDUCTOR;VIRAJES INDEBIDOS;CRISTOBAL COLON;BELLO HORIZONTE;BELLO HORIZONTE - CRISTOBAL COLON;0;;;UNIDIRECCIONAL;ASFALTO;BUENO;SECO;DESPEJADO;0;0;0;0
-7860398,264;-3955653,437;6947;2024;1614452;-33,453493;-70,611159;1;2024/05/23 00:00:00+00;1899/12/30 00:00:00+00;REGION METROPOLITANA;NUNOA;ATROPELLO;ATROPELLO;URBANA;CRUCE CON SEMAFORO FUNCIONANDO;IMPRUDENCIA DEL CONDUCTOR;NO RESPETAR DERECHO PREFERENTE DE PASO A PEATON;IRARRAZAVAL;CARMEN COVARRUBIAS;CARMEN COVARRUBIAS - IRARRAZAVAL;0;;;UNIDIRECCIONAL;ASFALTO;BUENO;SECO;DESPEJADO;0;0;0;1
-7855551,97;-3964847,418;6948;2024;1610208;-33,522374;-70,567624;1;2024/04/30 00:00:00+00;1899/12/30 00:00:00+00;REGION METROPOLITANA;LA FLORIDA;COLISION LATERAL;COLISION;URBANA;CRUCE CON SEMAFORO FUNCIONANDO;IMPRUDENCIA DEL CONDUCTOR;CONDUCCION NO ATENTO CONDICIONES TRANSITO MOMENTO;WALKER MARTINEZ;ARAUCANIA;ARAUCANIA - WALKER MARTINEZ;0;;;BIDIRECCIONAL;ASFALTO;BUENO;SECO;DESPEJADO;0;3;0;0
-7855770,268;-3945507,711;6949;2024;1613169;-33,377418;-70,569585;1;2024/05/10 00:00:00+00;1899/12/30 00:00:00+00;REGION METROPOLITANA;VITACURA;OTRO TIPO;OTRO TIPO;URBANA;PUENTE;OTRAS CAUSAS;OTRAS CAUSAS;LO CURRO;LO CURRO NORTE;LO CURRO - LO CURRO NORTE;0;;;BIDIRECCIONAL CON BANDEJON;ASFALTO;BUENO;SECO;DESPEJADO;0;0;0;2
-7854827,058;-3949983,938;6950;2024;1611234;-33,41099;-70,561112;1;2024/03/27 00:00:00+00;1899/12/30 00:00:00+00;REGION METROPOLITANA;LAS CONDES;CHOQUE LADO/POSTERIOR;CHOQUE;URBANA;TRAMO DE VIA RECTA;IMPRUDENCIA DEL CONDUCTOR;CONDUCCION CAMBIAR SORPRESIVAMENTE PISTA CIRCULACION;VIRGILIO FIGUEROA;;- VIRGILIO FIGUEROA;6641;;;BIDIRECCIONAL;CONCRETO;BUENO;SECO;DESPEJADO;0;0;0;0
-7858919,941;-3956247,052;6951;2024;1614454;-33,457942;-70,597879;1;2024/05/12 00:00:00+00;1899/12/30 00:00:00+00;REGION METROPOLITANA;NUNOA;COLISION;COLISION;URBANA;CRUCE CON SEMAFORO FUNCIONANDO;DESOBEDIENCIA A SENALIZACION;SENALIZACION DESOBEDECER LUZ ROJA DE SEMAFORO;JOSE DOMINGO CANAS;JOSE PEDRO ALESSANDRI;JOSE DOMINGO CANAS - JOSE PEDRO ALESSANDRI;0;;;BIDIRECCIONAL CON BANDEJON;ASFALTO;BUENO;SECO;DESPEJADO;0;0;0;0
-7869099,33;-3992920,612;6952;2024;1610210;-33,732358;-70,689322;1;2024/04/27 00:00:00+00;1899/12/30 00:00:00+00;REGION METROPOLITANA;BUIN;COLISION POR ALCANCE;COLISION;URBANA;TRAMO DE VIA RECTA;IMPRUDENCIA DEL CONDUCTOR;CONDUCCION SIN MANTENER DISTANCIA RAZONABLE NI PRUDENTE;CAMINO EL ARPA;;- CAMINO EL ARPA;381;;;BIDIRECCIONAL;ASFALTO;BUENO;SECO;DESPEJADO;0;0;0;0
-7855037,674;-3947396,283;6953;2024;1613170;-33,391584;-70,563004;1;2024/05/10 00:00:00+00;1899/12/30 00:00:00+00;REGION METROPOLITANA;VITACURA;COLISION POR ALCANCE;COLISION;URBANA;CRUCE CON SEMAFORO FUNCIONANDO;IMPRUDENCIA DEL CONDUCTOR;CONDUCCION SIN MANTENER DISTANCIA RAZONABLE NI PRUDENTE;GERONIMO DE ALDERETE;LAS HUALTATAS;GERONIMO DE ALDERETE - LAS HUALTATAS;0;;;BIDIRECCIONAL;ASFALTO;BUENO;SECO;DESPEJADO;0;0;0;0
-7861451,124;-3955740,296;6954;2024;1614457;-33,454144;-70,620617;1;2024/05/24 00:00:00+00;1899/12/30 00:00:00+00;REGION METROPOLITANA;NUNOA;COLISION;COLISION;URBANA;CRUCE CON SEMAFORO FUNCIONANDO;DESOBEDIENCIA A SENALIZACION;SENALIZACION DESOBEDECER LUZ ROJA DE SEMAFORO;DUBLE ALMEYDA;SALVADOR;DUBLE ALMEYDA - SALVADOR;0;;;BIDIRECCIONAL;ASFALTO;BUENO;SECO;DESPEJADO;0;0;0;1
-7861918,332;-3945549,702;6955;2024;1611235;-33,377733;-70,624814;1;2024/04/29 00:00:00+00;1899/12/30 00:00:00+00;REGION METROPOLITANA;HUECHURABA;COLISION;COLISION;URBANA;TRAMO DE VIA RECTA;IMPRUDENCIA DEL CONDUCTOR;CONDUCCION NO ATENTO CONDICIONES TRANSITO MOMENTO;CAMINO AL BOSQUE DE SANTIAGO;LAS SALVIAS;CAMINO AL BOSQUE DE SANTIAGO - LAS SALVIAS;0;;;BIDIRECCIONAL;ASFALTO;BUENO;SECO;DESPEJADO;0;0;0;0
-7873398,043;-3949378,375;6956;2024;1610211;-33,406449;-70,727938;1;2024/05/05 00:00:00+00;1899/12/30 00:00:00+00;REGION METROPOLITANA;RENCA;COLISION;COLISION;URBANA;TRAMO DE VIA RECTA;IMPRUDENCIA DEL CONDUCTOR;VIRAJES INDEBIDOS;COST NORTE;DORSAL;COST NORTE - DORSAL;0;;;UNIDIRECCIONAL;ASFALTO;REGULAR;SECO;DESPEJADO;0;0;0;0
-7858830,107;-3947972,142;6957;2024;1613174;-33,395903;-70,597072;1;2024/05/10 00:00:00+00;1899/12/30 00:00:00+00;REGION METROPOLITANA;VITACURA;COLISION LATERAL;COLISION;URBANA;TRAMO DE VIA RECTA;ALCOHOL EN CONDUCTOR;CONDUCCION EN ESTADO DE EBRIEDAD;NVA COSTANERA;;- NVA COSTANERA;4055;;;BIDIRECCIONAL;ASFALTO;BUENO;SECO;DESPEJADO;0;0;0;0
-7862217,559;-3963306,057;6958;2024;1611236;-33,51083;-70,627502;1;2024/05/02 00:00:00+00;1899/12/30 00:00:00+00;REGION METROPOLITANA;SAN JOAQUIN;CHOQUE FRENTE/POSTERIOR;CHOQUE;URBANA;TRAMO DE VIA RECTA;IMPRUDENCIA DEL CONDUCTOR;CONDUCCION NO ATENTO CONDICIONES TRANSITO MOMENTO;BENOZZO GOZZOLI;;- BENOZZO GOZZOLI;5760;;;BIDIRECCIONAL;ASFALTO;BUENO;SECO;DESPEJADO;0;0;0;0
-7860844,321;-3956874,725;6959;2024;1614462;-33,462646;-70,615166;1;2024/05/25 00:00:00+00;1899/12/30 00:00:00+00;REGION METROPOLITANA;NUNOA;CHOQUE FRENTE/POSTERIOR;CHOQUE;URBANA;TRAMO DE VIA RECTA;IMPRUDENCIA DEL CONDUCTOR;CONDUCCION NO ATENTO CONDICIONES TRANSITO MOMENTO;MARATHON;PERICLES;MARATHON - PERICLES;0;;;BIDIRECCIONAL CON BANDEJON;ASFALTO;BUENO;SECO;DESPEJADO;0;0;0;0
-7859012,893;-3964889,346;6960;2024;1610213;-33,522688;-70,598714;1;2024/04/30 00:00:00+00;1899/12/30 00:00:00+00;REGION METROPOLITANA;LA FLORIDA;CHOQUE POSTERIOR/FRENTE;CHOQUE;URBANA;CRUCE CON SEMAFORO FUNCIONANDO;FALLAS MECANICAS;FALLAS MECANICAS FRENOS;MEXICO;ROJAS MAGALLANES;MEXICO - ROJAS MAGALLANES;0;;;BIDIRECCIONAL;ASFALTO;BUENO;SECO;DESPEJADO;0;0;0;2
-7858358,223;-3947536,412;6961;2024;1613175;-33,392635;-70,592833;1;2024/05/10 00:00:00+00;1899/12/30 00:00:00+00;REGION METROPOLITANA;VITACURA;COLISION POR ALCANCE;COLISION;URBANA;CRUCE CON SEMAFORO FUNCIONANDO;IMPRUDENCIA DEL CONDUCTOR;CONDUCCION NO ATENTO CONDICIONES TRANSITO MOMENTO;AMERICO VESPUCIO NORTE;FRANCISCO DE AGUIRRE;AMERICO VESPUCIO NORTE - FRANCISCO DE AGUIRRE;0;;;BIDIRECCIONAL CON BANDEJON;ASFALTO;BUENO;SECO;DESPEJADO;0;0;0;1
-7862506,433;-3961322,646;6962;2024;1611238;-33,495973;-70,630097;1;2024/05/03 00:00:00+00;1899/12/30 00:00:00+00;REGION METROPOLITANA;SAN JOAQUIN;CHOQUE FRENTE/POSTERIOR;CHOQUE;URBANA;TRAMO DE VIA RECTA;IMPRUDENCIA DEL CONDUCTOR;CONDUCCION NO ATENTO CONDICIONES TRANSITO MOMENTO;STA ROSA;ALVAREZ DE TOLEDO;ALVAREZ DE TOLEDO - STA ROSA;0;;;BIDIRECCIONAL CON BANDEJON;ASFALTO;BUENO;SECO;DESPEJADO;0;0;0;0
-7854940,604;-3971119,262;6963;2024;1610215;-33,569331;-70,562132;1;2024/05/08 00:00:00+00;1899/12/30 00:00:00+00;REGION METROPOLITANA;PUENTE ALTO;CHOQUE FRENTE/POSTERIOR;CHOQUE;URBANA;TRAMO DE VIA RECTA;IMPRUDENCIA DEL CONDUCTOR;CONDUCCION NO ATENTO CONDICIONES TRANSITO MOMENTO;LAS NIEVES ORIENTE;PTO MONTT;LAS NIEVES ORIENTE - PTO MONTT;0;;;BIDIRECCIONAL;CONCRETO;BUENO;SECO;DESPEJADO;0;0;0;0
-7882051,686;-3962880,163;6964;2024;1614465;-33,50764;-70,805675;1;2024/05/22 00:00:00+00;1899/12/30 00:00:00+00;REGION METROPOLITANA;MAIPU;CHOQUE LATERAL;CHOQUE;URBANA;TRAMO DE VIA RECTA;IMPRUDENCIA DEL CONDUCTOR;CONDUCCION NO ATENTO CONDICIONES TRANSITO MOMENTO;AUTOPISTA EL SOL;CAMINO A RINCONADA;AUTOPISTA EL SOL - CAMINO A RINCONADA;0;;;UNIDIRECCIONAL;CONCRETO;BUENO;MOJADO;LLUVIA;0;0;0;0