ï»¿X;Y;FID;AÃ±o;IdAccident;Latitud;longitud;ClaseAccid;Fecha;Hora;RegiÃ³n;Comuna;Tipo_Accid;Tipo__CONA;Zona;UbicaciÃ³n;Causa__CON;Causa_Acci;Calle_Uno;Calle_Dos;Intersecci;NÃºmero;Ruta;Ubicaci_1;Calzada;Tipo_Calza;Estado_Cal;CondiciÃ³n;Estado_Atm;Fallecidos;Graves;Menos_Grav;Leves
-7869763,907;-3950632,075;7319;2024;1613552;-33,41585;-70,695292;1;2024/05/16 00:00:00+00;1899/12/30 00:00:00+00;REGION METROPOLITANA;QUINTA NORMAL;COLISION PERPENDICULAR;COLISION;URBANA;CRUCE CON SENAL PARE;IMPRUDENCIA DEL CONDUCTOR;CONDUCCION NO ATENTO CONDICIONES TRANSITO MOMENTO;COST SUR;DR LORENZO URCARAY;COST SUR - DR LORENZO URCARAY;0;;;UNIDIRECCIONAL;ASFALTO;BUENO;SECO;DESPEJADO;0;0;0;0
-7865755,181;-3964338,682;7320;2024;1610542;-33,518564;-70,659281;1;2024/05/11 00:00:00+00;1899/12/30 00:00:00+00;REGION METROPOLITANA;LA CISTERNA;CHOQUE LADO/LADO;CHOQUE;URBANA;CRUCE CON SENAL PARE;IMPRUDENCIA DEL CONDUCTOR;CONDUCCION NO ATENTO CONDICIONES TRANSITO MOMENTO;GRAN AVDA JOSE MIGUEL CARRERA;LOCARNO;GRAN AVDA JOSE MIGUEL CARRERA - LOCARNO;0;;;BIDIRECCIONAL CON BANDEJON;CONCRETO;BUENO;SECO;DESPEJADO;0;0;0;0
-7865121,105;-3950734,634;7321;2024;1611540;-33,416619;-70,653585;1;2024/05/15 00:00:00+00;1899/12/30 00:00:00+00;REGION METROPOLITANA;INDEPENDENCIA;COLISION LATERAL;COLISION;URBANA;TRAMO DE VIA RECTA;IMPRUDENCIA DEL CONDUCTOR;ADELANTAMIENTO SIN EL ESPACIO O TIEMPO SUFICIENTE;SAN JOSE;;- SAN JOSE;1196;;;BIDIRECCIONAL;ASFALTO;BUENO;SECO;DESPEJADO;0;0;0;0
-7852975,258;-3947217,625;7322;2024;1614599;-33,390244;-70,544477;1;2024/05/22 00:00:00+00;1899/12/30 00:00:00+00;REGION METROPOLITANA;LAS CONDES;OTRO TIPO;OTRO TIPO;URBANA;TRAMO DE VIA RECTA;CAUSAS NO DETERMINADAS;CAUSAS NO DETERMINADAS;GILBERTO FUENZALIDA;;- GILBERTO FUENZALIDA;201;;;BIDIRECCIONAL;CONCRETO;BUENO;MOJADO;LLUVIA;0;0;0;0
-7865028,264;-3956939,442;7323;2024;1613588;-33,463131;-70,652751;1;2024/05/22 00:00:00+00;1899/12/30 00:00:00+00;REGION METROPOLITANA;SANTIAGO;COLISION POR ALCANCE;COLISION;URBANA;VIA EXCLUSIVA;IMPRUDENCIA DEL CONDUCTOR;CONDUCCION NO ATENTO CONDICIONES TRANSITO MOMENTO;LORD COCHRANE;;- LORD COCHRANE;1340;;;UNIDIRECCIONAL;ASFALTO;BUENO;SECO;DESPEJADO;0;0;0;0
-7865912,141;-3965087,64;7324;2024;1610543;-33,524173;-70,660691;1;2024/05/12 00:00:00+00;1899/12/30 00:00:00+00;REGION METROPOLITANA;LA CISTERNA;COLISION POR ALCANCE;COLISION;URBANA;TRAMO DE VIA RECTA;IMPRUDENCIA DEL CONDUCTOR;CONDUCCION SIN MANTENER DISTANCIA RAZONABLE NI PRUDENTE;MARIA;;- MARIA;6415;;;BIDIRECCIONAL;CONCRETO;BUENO;SECO;DESPEJADO;0;0;0;0
-7863068,374;-3965939,473;7325;2024;1611543;-33,530552;-70,635145;1;2024/05/10 00:00:00+00;1899/12/30 00:00:00+00;REGION METROPOLITANA;LA GRANJA;CHOQUE FRENTE/POSTERIOR;CHOQUE;URBANA;CRUCE CON SEMAFORO FUNCIONANDO;IMPRUDENCIA DEL CONDUCTOR;CONDUCCION NO ATENTO CONDICIONES TRANSITO MOMENTO;COMBARBALA;STA ROSA;COMBARBALA - STA ROSA;0;;;BIDIRECCIONAL CON BANDEJON;ASFALTO;BUENO;SECO;NUBLADO;0;0;0;0
-7854856,891;-3951054,985;7326;2024;1614600;-33,419021;-70,56138;1;2024/05/22 00:00:00+00;1899/12/30 00:00:00+00;REGION METROPOLITANA;LAS CONDES;COLISION LATERAL;COLISION;URBANA;CRUCE CON SEMAFORO FUNCIONANDO;IMPRUDENCIA DEL CONDUCTOR;CONDUCCION NO ATENTO CONDICIONES TRANSITO MOMENTO;HERNANDO DE MAGALLANES;SEBASTIAN PINERA ECHENIQUE;HERNANDO DE MAGALLANES - SEBASTIAN PINERA ECHENIQUE;0;;;BIDIRECCIONAL;CONCRETO;BUENO;MOJADO;LLUVIA;0;1;0;1
-7870842,259;-3957117,717;7327;2024;1613590;-33,464467;-70,704979;1;2024/05/17 00:00:00+00;1899/12/30 00:00:00+00;REGION METROPOLITANA;ESTACION CENTRAL;COLISION LATERAL;COLISION;URBANA;CRUCE CON SENAL PARE;IMPRUDENCIA DEL CONDUCTOR;CONDUCCION NO ATENTO CONDICIONES TRANSITO MOMENTO;LIBER BERNARDO O'HIGGINS;AEROPUERTO;AEROPUERTO - LIBER BERNARDO O'HIGGINS;0;;;BIDIRECCIONAL CON BANDEJON;ASFALTO;BUENO;SECO;DESPEJADO;0;0;0;0
-7865912,141;-3965087,64;7328;2024;1610544;-33,524173;-70,660691;1;2024/05/12 00:00:00+00;1899/12/30 00:00:00+00;REGION METROPOLITANA;LA CISTERNA;COLISION POR ALCANCE;COLISION;URBANA;TRAMO DE VIA RECTA;IMPRUDENCIA DEL CONDUCTOR;CONDUCCION SIN MANTENER DISTANCIA RAZONABLE NI PRUDENTE;MARIA;;- MARIA;6415;;;BIDIRECCIONAL;CONCRETO;BUENO;SECO;DESPEJADO;0;0;0;0
-7855894,166;-3955667,313;7329;2024;1614601;-33,453597;-70,570698;1;2024/05/23 00:00:00+00;1899/12/30 00:00:00+00;REGION METROPOLITANA;LA REINA;COLISION POR ALCANCE;COLISION;URBANA;CRUCE CON SEMAFORO FUNCIONANDO;IMPRUDENCIA DEL CONDUCTOR;CONDUCCION SIN MANTENER DISTANCIA RAZONABLE NI PRUDENTE;AMERICO VESPUCIO;LARRAIN;AMERICO VESPUCIO - LARRAIN;0;;;BIDIRECCIONAL CON BANDEJON;CONCRETO;BUENO;MOJADO;LLUVIA;0;0;0;0
-7863993,105;-3953378,528;7330;2024;1613596;-33,436441;-70,643452;1;2024/05/17 00:00:00+00;1899/12/30 00:00:00+00;REGION METROPOLITANA;SANTIAGO;COLISION LATERAL;COLISION;URBANA;TRAMO DE VIA RECTA;IMPRUDENCIA DEL CONDUCTOR;CONDUCCION CAMBIAR SORPRESIVAMENTE PISTA CIRCULACION;MONJITAS;JOSE MIGUEL DE LA BARRA;JOSE MIGUEL DE LA BARRA - MONJITAS;0;;;UNIDIRECCIONAL;ASFALTO;BUENO;SECO;DESPEJADO;0;0;0;0
-7866249,773;-3966569,809;7331;2024;1610545;-33,535272;-70,663724;1;2024/05/13 00:00:00+00;1899/12/30 00:00:00+00;REGION METROPOLITANA;LA CISTERNA;COLISION POR ALCANCE;COLISION;URBANA;CRUCE CON SEMAFORO FUNCIONANDO;IMPRUDENCIA DEL CONDUCTOR;CONDUCCION SIN MANTENER DISTANCIA RAZONABLE NI PRUDENTE;GRAN AVDA JOSE MIGUEL CARRERA;PEDRO AGUIRRE CERDA;GRAN AVDA JOSE MIGUEL CARRERA - PEDRO AGUIRRE CERDA;0;;;BIDIRECCIONAL CON BANDEJON;CONCRETO;BUENO;SECO;DESPEJADO;0;0;0;0
-7850532,352;-3942271,882;7332;2024;1613606;-33,353141;-70,522532;1;2024/05/25 00:00:00+00;1899/12/30 00:00:00+00;REGION METROPOLITANA;LO BARNECHEA;COLISION LATERAL;COLISION;URBANA;CRUCE CON SEMAFORO FUNCIONANDO;DESOBEDIENCIA A SENALIZACION;SENALIZACION DESOBEDECER LUZ ROJA DE SEMAFORO;JOSE ALCALDE DELANO;;- JOSE ALCALDE DELANO;12540;;;BIDIRECCIONAL CON BANDEJON;CONCRETO;BUENO;SECO;DESPEJADO;0;0;0;0
-7855541,061;-3950939,753;7333;2024;1614602;-33,418157;-70,567526;1;2024/05/23 00:00:00+00;1899/12/30 00:00:00+00;REGION METROPOLITANA;LAS CONDES;COLISION POR ALCANCE;COLISION;URBANA;TRAMO DE VIA RECTA;IMPRUDENCIA DEL CONDUCTOR;CONDUCCION NO ATENTO CONDICIONES TRANSITO MOMENTO;DOMINGO BONDI;;- DOMINGO BONDI;1100;;;UNIDIRECCIONAL;CONCRETO;BUENO;MOJADO;LLUVIA;0;0;0;0
-7861754,358;-3968099,851;7334;2024;1611545;-33,546728;-70,623341;1;2024/05/11 00:00:00+00;1899/12/30 00:00:00+00;REGION METROPOLITANA;LA GRANJA;COLISION LATERAL;COLISION;URBANA;CRUCE SIN SENALIZACION;IMPRUDENCIA DEL CONDUCTOR;CONDUCCION NO ATENTO CONDICIONES TRANSITO MOMENTO;VICUNA MACKENNA;ANCUD;ANCUD - VICUNA MACKENNA;0;;;BIDIRECCIONAL;ASFALTO;BUENO;SECO;DESPEJADO;0;0;0;0
-7870842,259;-3957117,717;7335;2024;1610546;-33,464467;-70,704979;1;2024/04/26 00:00:00+00;1899/12/30 00:00:00+00;REGION METROPOLITANA;ESTACION CENTRAL;CHOQUE POSTERIOR;CHOQUE;URBANA;TRAMO DE VIA RECTA;IMPRUDENCIA DEL CONDUCTOR;CONDUCCION NO ATENTO CONDICIONES TRANSITO MOMENTO;TITAN;;- TITAN;4688;;;UNIDIRECCIONAL;ASFALTO;BUENO;SECO;DESPEJADO;0;0;0;0
-7855894,166;-3955667,313;7336;2024;1613607;-33,453597;-70,570698;1;2024/05/22 00:00:00+00;1899/12/30 00:00:00+00;REGION METROPOLITANA;LA REINA;CHOQUE FRONTAL;CHOQUE;URBANA;CRUCE CON SEMAFORO FUNCIONANDO;IMPRUDENCIA DEL CONDUCTOR;CONDUCCION NO ATENTO CONDICIONES TRANSITO MOMENTO;LARRAIN;OSSA;LARRAIN - OSSA;0;;;UNIDIRECCIONAL;CONCRETO;BUENO;MOJADO;LLUVIA;0;0;0;0
-7855789,192;-3948821,115;7337;2024;1614604;-33,40227;-70,569755;1;2024/05/04 00:00:00+00;1899/12/30 00:00:00+00;REGION METROPOLITANA;LAS CONDES;COLISION POR ALCANCE;COLISION;URBANA;TRAMO DE VIA RECTA;IMPRUDENCIA DEL CONDUCTOR;CONDUCCION NO ATENTO CONDICIONES TRANSITO MOMENTO;MANQUEHUE NORTE;PDTE RIESCO;MANQUEHUE NORTE - PDTE RIESCO;0;;;BIDIRECCIONAL CON BANDEJON;ASFALTO;BUENO;SECO;NUBLADO;0;0;0;0
-7863068,374;-3965939,473;7338;2024;1611551;-33,530552;-70,635145;1;2024/05/11 00:00:00+00;1899/12/30 00:00:00+00;REGION METROPOLITANA;LA GRANJA;COLISION LATERAL;COLISION;URBANA;CRUCE CON SEMAFORO FUNCIONANDO;IMPRUDENCIA DEL CONDUCTOR;CONDUCCION NO ATENTO CONDICIONES TRANSITO MOMENTO;COMBARBALA;STA ROSA;COMBARBALA - STA ROSA;0;;;BIDIRECCIONAL CON BANDEJON;ASFALTO;BUENO;SECO;DESPEJADO;0;0;0;0
-7857710,121;-3955858,777;7339;2024;1610549;-33,455032;-70,587011;1;2024/04/25 00:00:00+00;1899/12/30 00:00:00+00;REGION METROPOLITANA;NUNOA;COLISION;COLISION;URBANA;TRAMO DE VIA RECTA;IMPRUDENCIA DEL CONDUCTOR;CONDUCCION NO ATENTO CONDICIONES TRANSITO MOMENTO;ANGEL CRUCHAGA SANTA MARIA;;- ANGEL CRUCHAGA SANTA MARIA;55;;;BIDIRECCIONAL;CONCRETO;BUENO;SECO;DESPEJADO;0;0;0;0
-7857136,047;-3951768,271;7340;2024;1614605;-33,424369;-70,581854;1;2024/05/23 00:00:00+00;1899/12/30 00:00:00+00;REGION METROPOLITANA;LAS CONDES;COLISION POR ALCANCE;COLISION;URBANA;TRAMO DE VIA RECTA;IMPRUDENCIA DEL CONDUCTOR;CONDUCCION SIN MANTENER DISTANCIA RAZONABLE NI PRUDENTE;CRISTOBAL COLON;;- CRISTOBAL COLON;4169;;;UNIDIRECCIONAL;ASFALTO;BUENO;MOJADO;LLUVIA;0;0;0;0
-7860832,41;-3969950,304;7341;2024;1611554;-33,560581;-70,615059;1;2024/05/12 00:00:00+00;1899/12/30 00:00:00+00;REGION METROPOLITANA;LA PINTANA;CHOQUE FRENTE/POSTERIOR;CHOQUE;URBANA;CRUCE CON SEMAFORO FUNCIONANDO;IMPRUDENCIA DEL CONDUCTOR;CONDUCCION NO ATENTO CONDICIONES TRANSITO MOMENTO;LA SERENA;GRAL ARRIAGADA;GRAL ARRIAGADA - LA SERENA;0;;;BIDIRECCIONAL;ASFALTO;BUENO;SECO;DESPEJADO;0;0;0;0
-7873530,958;-3942894,533;7342;2024;1610551;-33,357813;-70,729132;1;2024/05/08 00:00:00+00;1899/12/30 00:00:00+00;REGION METROPOLITANA;QUILICURA;COLISION POR ALCANCE;COLISION;URBANA;TRAMO DE VIA RECTA;IMPRUDENCIA DEL CONDUCTOR;ADELANTAMIENTO SIN EFECTUAR LA SENAL RESPECTIVA;LIBER BERNARDO O'HIGGINS;;- LIBER BERNARDO O'HIGGINS;314;;;UNIDIRECCIONAL;ASFALTO;BUENO;HUMEDO;DESPEJADO;0;0;0;0
-7858840,125;-3964481,153;7343;2024;1611555;-33,519631;-70,597162;1;2024/05/08 00:00:00+00;1899/12/30 00:00:00+00;REGION METROPOLITANA;LA FLORIDA;COLISION LATERAL;COLISION;URBANA;CRUCE CON SENAL PARE;DESOBEDIENCIA A SENALIZACION;SENALIZACION DESOBEDECER SENAL PARE;SERAFIN ZAMORA;;- SERAFIN ZAMORA;153;;;BIDIRECCIONAL;ASFALTO;REGULAR;SECO;DESPEJADO;0;0;0;2
-7856089,866;-3950165,306;7344;2024;1614606;-33,41235;-70,572456;1;2024/05/25 00:00:00+00;1899/12/30 00:00:00+00;REGION METROPOLITANA;LAS CONDES;OTRO TIPO;OTRO TIPO;URBANA;TRAMO DE VIA RECTA;FALLAS MECANICAS;FALLAS MECANICAS CARROCERIA;LUIS ZEGERS;;- LUIS ZEGERS;224;;;UNIDIRECCIONAL;CONCRETO;BUENO;SECO;NUBLADO;0;0;0;0
-7855231,37;-3975812,185;7345;2024;1613608;-33,60445;-70,564744;1;2024/05/27 00:00:00+00;1899/12/30 00:00:00+00;REGION METROPOLITANA;PUENTE ALTO;ATROPELLO;ATROPELLO;URBANA;PASO PARA PEATONES;IMPRUDENCIA DEL CONDUCTOR;CONDUCCION NO ATENTO CONDICIONES TRANSITO MOMENTO;EDUARDO CORDERO;NONATO COO;EDUARDO CORDERO - NONATO COO;0;;;BIDIRECCIONAL CON BANDEJON;ASFALTO;BUENO;SECO;NUBLADO;0;0;0;1
-7872225,515;-3940444,105;7346;2024;1610554;-33,339425;-70,717405;1;2024/05/09 00:00:00+00;1899/12/30 00:00:00+00;REGION METROPOLITANA;QUILICURA;CHOQUE FRONTAL;CHOQUE;URBANA;TRAMO DE VIA RECTA;ALCOHOL EN CONDUCTOR;CONDUCCION EN ESTADO DE EBRIEDAD;CERRO SAN CRISTOBAL;;- CERRO SAN CRISTOBAL;9581;;;BIDIRECCIONAL;ASFALTO;BUENO;SECO;DESPEJADO;0;0;0;1
-7861468,156;-3966903,153;7347;2024;1611558;-33,537768;-70,62077;1;2024/05/12 00:00:00+00;1899/12/30 00:00:00+00;REGION METROPOLITANA;LA GRANJA;COLISION LATERAL;COLISION;URBANA;TRAMO DE VIA RECTA;IMPRUDENCIA DEL CONDUCTOR;CONDUCCION NO ATENTO CONDICIONES TRANSITO MOMENTO;VICUNA;RIO ACONCAGUA;RIO ACONCAGUA - VICUNA;0;;;BIDIRECCIONAL;ASFALTO;BUENO;SECO;DESPEJADO;0;0;0;0
-7855103,019;-3972528,582;7348;2024;1614607;-33,579879;-70,563591;1;2024/05/25 00:00:00+00;1899/12/30 00:00:00+00;REGION METROPOLITANA;PUENTE ALTO;COLISION LATERAL;COLISION;URBANA;CRUCE CON SEMAFORO FUNCIONANDO;IMPRUDENCIA DEL CONDUCTOR;VIRAJES INDEBIDOS;EL PENON;MEXICO;EL PENON - MEXICO;0;;;BIDIRECCIONAL CON BANDEJON;ASFALTO;BUENO;SECO;NUBLADO;0;0;0;0
-7895064,823;-3986118,494;7349;2024;1613616;-33,681526;-70,922574;1;2024/05/27 00:00:00+00;1899/12/30 00:00:00+00;REGION METROPOLITANA;TALAGANTE;COLISION LATERAL;COLISION;URBANA;CRUCE CON SENAL PARE;OTRAS CAUSAS;HECHO DELICTUAL;SENADOR JAIME GUZMAN;CARAMPANGUE;CARAMPANGUE - SENADOR JAIME GUZMAN;0;;;BIDIRECCIONAL;ASFALTO;REGULAR;SECO;NUBLADO;0;0;0;1
-7872865,379;-3954411,867;7350;2024;1610556;-33,444187;-70,723153;1;2024/05/02 00:00:00+00;1899/12/30 00:00:00+00;REGION METROPOLITANA;LO PRADO;COLISION LATERAL;COLISION;URBANA;TRAMO DE VIA RECTA;IMPRUDENCIA DEL CONDUCTOR;CONDUCCION NO ATENTO CONDICIONES TRANSITO MOMENTO;SAN PABLO;NEPTUNO;NEPTUNO - SAN PABLO;0;;;BIDIRECCIONAL;CONCRETO;REGULAR;SECO;DESPEJADO;0;0;0;0
-7859889,311;-3963583,364;7351;2024;1611563;-33,512907;-70,606587;1;2024/05/11 00:00:00+00;1899/12/30 00:00:00+00;REGION METROPOLITANA;LA FLORIDA;CHOQUE FRENTE/POSTERIOR;CHOQUE;URBANA;CRUCE CON SEMAFORO FUNCIONANDO;IMPRUDENCIA DEL CONDUCTOR;CONDUCCION NO ATENTO CONDICIONES TRANSITO MOMENTO;MIRADOR AZUL;VICUNA MACKENNA;MIRADOR AZUL - VICUNA MACKENNA;0;;;BIDIRECCIONAL CON BANDEJON;ASFALTO;BUENO;SECO;DESPEJADO;0;0;0;0
-7853326,248;-3956932,503;7352;2024;1613619;-33,463079;-70,54763;1;2024/05/22 00:00:00+00;1899/12/30 00:00:00+00;REGION METROPOLITANA;LA REINA;COLISION POR ALCANCE;COLISION;URBANA;OTROS NO CONSIDERADOS;IMPRUDENCIA DEL CONDUCTOR;CONDUCCION SIN MANTENER DISTANCIA RAZONABLE NI PRUDENTE;JOSE ARRIETA;MARIANO SANCHEZ FONTECILLA;JOSE ARRIETA - MARIANO SANCHEZ FONTECILLA;0;;;BIDIRECCIONAL;CONCRETO;BUENO;SECO;DESPEJADO;0;0;0;0
-7870566,075;-3957154,146;7353;2024;1610558;-33,46474;-70,702498;1;2024/05/03 00:00:00+00;1899/12/30 00:00:00+00;REGION METROPOLITANA;ESTACION CENTRAL;COLISION LATERAL;COLISION;URBANA;ACERA O BERMA;IMPRUDENCIA DEL CONDUCTOR;CONDUCCION NO ATENTO CONDICIONES TRANSITO MOMENTO;LEON XIII;;- LEON XIII;1885;;;BIDIRECCIONAL;ASFALTO;BUENO;SECO;DESPEJADO;0;0;0;0
-7869896,6;-3956322,04;7354;2024;1611564;-33,458504;-70,696484;1;2024/05/12 00:00:00+00;1899/12/30 00:00:00+00;REGION METROPOLITANA;ESTACION CENTRAL;COLISION LATERAL;COLISION;URBANA;CRUCE CON SEMAFORO FUNCIONANDO;IMPRUDENCIA DEL CONDUCTOR;CONDUCCION NO ATENTO CONDICIONES TRANSITO MOMENTO;GRAL AMENGUAL;LIBER BERNARDO O'HIGGINS;GRAL AMENGUAL - LIBER BERNARDO O'HIGGINS;0;;;BIDIRECCIONAL CON BANDEJON;ASFALTO;BUENO;SECO;DESPEJADO;0;0;1;0
-7856302,931;-3952692,621;7355;2024;1613624;-33,431299;-70,57437;1;2024/05/23 00:00:00+00;1899/12/30 00:00:00+00;REGION METROPOLITANA;LA REINA;OTRO TIPO;OTRO TIPO;URBANA;OTROS NO CONSIDERADOS;OTRAS CAUSAS;OTRAS CAUSAS;OSSA;FRANCISCO BILBAO;FRANCISCO BILBAO - OSSA;0;;;BIDIRECCIONAL;CONCRETO;BUENO;SECO;NUBLADO;0;0;0;0
-7876103,329;-3945860,445;7356;2024;1610560;-33,380064;-70,75224;1;2024/05/08 00:00:00+00;1899/12/30 00:00:00+00;REGION METROPOLITANA;QUILICURA;COLISION POR ALCANCE;COLISION;URBANA;TRAMO DE VIA RECTA;IMPRUDENCIA DEL CONDUCTOR;ADELANTAMIENTO SIN EL ESPACIO O TIEMPO SUFICIENTE;AMERICO VESPUCIO;CENTRAL;AMERICO VESPUCIO - CENTRAL;0;;;UNIDIRECCIONAL;ASFALTO;BUENO;SECO;DESPEJADO;0;0;0;0
-7869467,101;-3959773,854;7357;2024;1611565;-33,48437;-70,692626;1;2024/05/14 00:00:00+00;1899/12/30 00:00:00+00;REGION METROPOLITANA;CERRILLOS;CHOQUE FRONTAL;CHOQUE;URBANA;TRAMO DE VIA RECTA;ALCOHOL EN CONDUCTOR;CONDUCCION EN ESTADO DE EBRIEDAD;DEPARTAMENTAL;SAN ANDRES;DEPARTAMENTAL - SAN ANDRES;0;;;BIDIRECCIONAL;ASFALTO;BUENO;HUMEDO;NUBLADO;0;0;0;1
-7854426,864;-3948377,886;7358;2024;1614609;-33,398946;-70,557517;1;2024/05/27 00:00:00+00;1899/12/30 00:00:00+00;REGION METROPOLITANA;LAS CONDES;COLISION LATERAL;COLISION;URBANA;CRUCE CON SENAL CEDA EL PASO;IMPRUDENCIA DEL CONDUCTOR;CONDUCCION NO ATENTO CONDICIONES TRANSITO MOMENTO;PERSEO;GARCIA PICA;GARCIA PICA - PERSEO;0;;;BIDIRECCIONAL;CONCRETO;BUENO;SECO;NUBLADO;0;0;0;0
-7868371,411;-3966504,103;7359;2024;1613629;-33,53478;-70,682783;1;2024/05/28 00:00:00+00;1899/12/30 00:00:00+00;REGION METROPOLITANA;LA CISTERNA;COLISION POR ALCANCE;COLISION;URBANA;TRAMO DE VIA RECTA;IMPRUDENCIA DEL CONDUCTOR;ADELANTAMIENTO SIN EL ESPACIO O TIEMPO SUFICIENTE;JOSE JOAQUIN PRIETO VIAL;GOYCOLEA;GOYCOLEA - JOSE JOAQUIN PRIETO VIAL;0;;;UNIDIRECCIONAL;ASFALTO;BUENO;SECO;DESPEJADO;0;0;0;0
-7864594,23;-3955385,66;7360;2024;1610564;-33,451486;-70,648852;1;2024/04/26 00:00:00+00;1899/12/30 00:00:00+00;REGION METROPOLITANA;SANTIAGO;COLISION;COLISION;URBANA;CRUCE CON SEMAFORO FUNCIONANDO;IMPRUDENCIA DEL CONDUCTOR;CONDUCCION NO ATENTO CONDICIONES TRANSITO MOMENTO;STA ISABEL;ARTURO PRAT;ARTURO PRAT - STA ISABEL;0;;;UNIDIRECCIONAL;CONCRETO;BUENO;SECO;DESPEJADO;0;0;0;0
-7873725,879;-3993038,004;7361;2024;1611568;-33,733235;-70,730883;1;2024/05/10 00:00:00+00;1899/12/30 00:00:00+00;REGION METROPOLITANA;BUIN;COLISION LATERAL;COLISION;URBANA;CRUCE CON SEMAFORO FUNCIONANDO;IMPRUDENCIA DEL CONDUCTOR;VIRAJES INDEBIDOS;BERNARDINO BRAVO;LATERAL PONIENTE;BERNARDINO BRAVO - LATERAL PONIENTE;0;;;UNIDIRECCIONAL;ASFALTO;BUENO;SECO;DESPEJADO;0;0;0;0
-7853859,916;-3950234,781;7362;2024;1614610;-33,412871;-70,552424;1;2024/05/27 00:00:00+00;1899/12/30 00:00:00+00;REGION METROPOLITANA;LAS CONDES;COLISION POR ALCANCE;COLISION;URBANA;TRAMO DE VIA RECTA;OTRAS CAUSAS;HECHO DELICTUAL;TOMAS MORO;IMPERIAL;IMPERIAL - TOMAS MORO;0;;;BIDIRECCIONAL;ASFALTO;BUENO;SECO;NUBLADO;0;0;0;0
-7853618,796;-3953173,632;7363;2024;1613634;-33,434905;-70,550258;1;2024/05/27 00:00:00+00;1899/12/30 00:00:00+00;REGION METROPOLITANA;LA REINA;OTRO TIPO;OTRO TIPO;URBANA;OTROS NO CONSIDERADOS;OTRAS CAUSAS;HECHO DELICTUAL;VALENZUELA PUELMA;VICENTE PEREZ ROSALES;VALENZUELA PUELMA - VICENTE PEREZ ROSALES;0;;;BIDIRECCIONAL;CONCRETO;BUENO;SECO;DESPEJADO;0;0;0;0
-7874402,924;-3993461,801;7364;2024;1611570;-33,736401;-70,736965;1;2024/05/10 00:00:00+00;1899/12/30 00:00:00+00;REGION METROPOLITANA;BUIN;CHOQUE LADO/FRENTE;CHOQUE;URBANA;TRAMO DE VIA RECTA;IMPRUDENCIA DEL CONDUCTOR;CONDUCCION NO ATENTO CONDICIONES TRANSITO MOMENTO;SAN MARTIN;;- SAN MARTIN;555;;;BIDIRECCIONAL;ASFALTO;BUENO;SECO;DESPEJADO;0;0;0;0
-7853983,256;-3950727,165;7365;2024;1614612;-33,416563;-70,553532;1;2024/05/27 00:00:00+00;1899/12/30 00:00:00+00;REGION METROPOLITANA;LAS CONDES;COLISION POR ALCANCE;COLISION;URBANA;TRAMO DE VIA RECTA;IMPRUDENCIA DEL CONDUCTOR;CONDUCCION NO ATENTO CONDICIONES TRANSITO MOMENTO;TOMAS MORO;;- TOMAS MORO;895;;;BIDIRECCIONAL;ASFALTO;BUENO;SECO;NUBLADO;0;1;0;0
-7863465,561;-3952977,01;7366;2024;1613646;-33,433431;-70,638713;1;2024/05/11 00:00:00+00;1899/12/30 00:00:00+00;REGION METROPOLITANA;RECOLETA;CHOQUE FRONTAL;CHOQUE;URBANA;CRUCE CON SENAL PARE;ALCOHOL EN CONDUCTOR;CONDUCCION EN ESTADO DE EBRIEDAD;PURISIMA;DARDIGNAC;DARDIGNAC - PURISIMA;0;;;UNIDIRECCIONAL;ASFALTO;BUENO;SECO;DESPEJADO;0;0;0;1
-7859012,893;-3964889,346;7367;2024;1610566;-33,522688;-70,598714;1;2024/05/01 00:00:00+00;1899/12/30 00:00:00+00;REGION METROPOLITANA;LA FLORIDA;CHOQUE FRONTAL;CHOQUE;URBANA;CRUCE CON SEMAFORO FUNCIONANDO;ALCOHOL EN CONDUCTOR;CONDUCCION BAJO LA INFLUENCIA DEL ALCOHOL;TRINIDAD;EL PELICANO;EL PELICANO - TRINIDAD;0;;;BIDIRECCIONAL CON BANDEJON;ASFALTO;BUENO;SECO;DESPEJADO;0;0;0;1
-7855251,251;-3948991,951;7368;2024;1614613;-33,403551;-70,564923;1;2024/05/28 00:00:00+00;1899/12/30 00:00:00+00;REGION METROPOLITANA;LAS CONDES;COLISION LATERAL;COLISION;URBANA;CRUCE CON SENAL CEDA EL PASO;IMPRUDENCIA DEL CONDUCTOR;CONDUCCION NO ATENTO CONDICIONES TRANSITO MOMENTO;JUTLANDIA;LOS MILITARES;JUTLANDIA - LOS MILITARES;0;;;BIDIRECCIONAL;ASFALTO;BUENO;SECO;NUBLADO;0;0;0;0
-7874580,033;-3993000,39;7369;2024;1611571;-33,732954;-70,738556;1;2024/05/10 00:00:00+00;1899/12/30 00:00:00+00;REGION METROPOLITANA;BUIN;CHOQUE FRENTE/POSTERIOR;CHOQUE;URBANA;CRUCE CON SENAL CEDA EL PASO;IMPRUDENCIA DEL CONDUCTOR;CONDUCCION NO ATENTO CONDICIONES TRANSITO MOMENTO;JOSE MANUEL BALMACEDA;ANIBAL PINTO;ANIBAL PINTO - JOSE MANUEL BALMACEDA;0;;;UNIDIRECCIONAL;ASFALTO;BUENO;SECO;DESPEJADO;0;0;0;1
-7863092,975;-3976664,008;7370;2024;1613651;-33,610823;-70,635366;1;2024/05/28 00:00:00+00;1899/12/30 00:00:00+00;REGION METROPOLITANA;LA PINTANA;COLISION LATERAL;COLISION;URBANA;CRUCE CON SENAL PARE;DESOBEDIENCIA A SENALIZACION;SENALIZACION DESOBEDECER SENAL PARE;EL PARQUE;LAS HIGUERAS;EL PARQUE - LAS HIGUERAS;0;;;BIDIRECCIONAL;CONCRETO;BUENO;SECO;DESPEJADO;0;0;0;0