ï»¿X;Y;FID;AÃ±o;IdAccident;Latitud;longitud;ClaseAccid;Fecha;Hora;RegiÃ³n;Comuna;Tipo_Accid;Tipo__CONA;Zona;UbicaciÃ³n;Causa__CON;Causa_Acci;Calle_Uno;Calle_Dos;Intersecci;NÃºmero;Ruta;Ubicaci_1;Calzada;Tipo_Calza;Estado_Cal;CondiciÃ³n;Estado_Atm;Fallecidos;Graves;Menos_Grav;Leves
-7859201,023;-3954843,72;7524;2024;1611754;-33,447424;-70,600404;1;2024/05/17 00:00:00+00;1899/12/30 00:00:00+00;REGION METROPOLITANA;NUNOA;COLISION;COLISION;URBANA;TRAMO DE VIA RECTA;IMPRUDENCIA DEL CONDUCTOR;CONDUCCION NO ATENTO CONDICIONES TRANSITO MOMENTO;SUECIA;;- SUECIA;2990;;;UNIDIRECCIONAL;CONCRETO;BUENO;SECO;DESPEJADO;0;0;0;0
-7890141,274;-3976660,266;7525;2024;1613843;-33,610795;-70,878345;1;2024/05/16 00:00:00+00;1899/12/30 00:00:00+00;REGION METROPOLITANA;PENAFLOR;CHOQUE LADO/POSTERIOR;CHOQUE;URBANA;OTROS NO CONSIDERADOS;IMPRUDENCIA DEL CONDUCTOR;CONDUCCION NO ATENTO CONDICIONES TRANSITO MOMENTO;VICUNA MACKENNA;;- VICUNA MACKENNA;1805;;;BIDIRECCIONAL;ASFALTO;BUENO;SECO;DESPEJADO;0;0;0;0
-7871664,799;-3951554,467;7526;2024;1610654;-33,422766;-70,712368;1;2024/05/11 00:00:00+00;1899/12/30 00:00:00+00;REGION METROPOLITANA;QUINTA NORMAL;COLISION POR ALCANCE;COLISION;URBANA;OTROS NO CONSIDERADOS;IMPRUDENCIA DEL CONDUCTOR;CONDUCCION SIN MANTENER DISTANCIA RAZONABLE NI PRUDENTE;SALVADOR GUTIERREZ;LA RIOJA;LA RIOJA - SALVADOR GUTIERREZ;0;;;UNIDIRECCIONAL;ASFALTO;REGULAR;SECO;DESPEJADO;0;0;0;0
-7852820,524;-3956500,439;7527;2024;1614838;-33,459841;-70,543087;1;2024/05/25 00:00:00+00;1899/12/30 00:00:00+00;REGION ARAUCANIA;PADRE LAS CASAS;CHOQUE FRENTE/POSTERIOR;CHOQUE;URBANA;TRAMO DE VIA RECTA;VELOCIDAD IMPRUDENTE;VELOCIDAD NO RAZONABLE NI PRUDENTE;LONGITUDINAL SUR;;- LONGITUDINAL SUR;1;;;BIDIRECCIONAL CON BANDEJON;CONCRETO;BUENO;SECO;DESPEJADO;0;0;0;0
-7861311,641;-3958469,544;7528;2024;1611757;-33,474597;-70,619364;1;2024/05/17 00:00:00+00;1899/12/30 00:00:00+00;REGION METROPOLITANA;NUNOA;COLISION;COLISION;URBANA;TRAMO DE VIA RECTA;IMPRUDENCIA DEL CONDUCTOR;CONDUCCION NO ATENTO CONDICIONES TRANSITO MOMENTO;RODRIGO DE ARAYA;;- RODRIGO DE ARAYA;3265;;;BIDIRECCIONAL CON BANDEJON;CONCRETO;BUENO;SECO;DESPEJADO;0;0;0;0
-7869142,744;-3992971,611;7529;2024;1613851;-33,732739;-70,689712;1;2024/05/22 00:00:00+00;1899/12/30 00:00:00+00;REGION METROPOLITANA;BUIN;CHOQUE FRENTE/POSTERIOR;CHOQUE;URBANA;TRAMO DE VIA RECTA;ALCOHOL EN CONDUCTOR;CONDUCCION EN ESTADO DE EBRIEDAD;CAMINO EL ARPA;;- CAMINO EL ARPA;360;;;BIDIRECCIONAL;CONCRETO;BUENO;SECO;LLUVIA;0;0;0;0
-7870842,259;-3957117,717;7530;2024;1614842;-33,464467;-70,704979;1;2024/05/31 00:00:00+00;1899/12/30 00:00:00+00;REGION METROPOLITANA;ESTACION CENTRAL;COLISION LATERAL;COLISION;URBANA;TRAMO DE VIA RECTA;IMPRUDENCIA DEL CONDUCTOR;CONDUCCION NO ATENTO CONDICIONES TRANSITO MOMENTO;LOS ALERCES;LIBER BERNARDO O'HIGGINS;LIBER BERNARDO O'HIGGINS - LOS ALERCES;0;;;BIDIRECCIONAL;ASFALTO;BUENO;SECO;DESPEJADO;0;0;0;0
-7857582,549;-3955918,419;7531;2024;1611758;-33,455479;-70,585865;1;2024/05/18 00:00:00+00;1899/12/30 00:00:00+00;REGION METROPOLITANA;NUNOA;COLISION;COLISION;URBANA;CRUCE CON SEMAFORO FUNCIONANDO;IMPRUDENCIA DEL CONDUCTOR;ADELANTAMIENTO SIN EL ESPACIO O TIEMPO SUFICIENTE;IRARRAZAVAL;JUAN MOYA MORALES;IRARRAZAVAL - JUAN MOYA MORALES;0;;;BIDIRECCIONAL CON BANDEJON;CONCRETO;BUENO;SECO;DESPEJADO;0;0;0;0
-7874439,659;-3992356,426;7532;2024;1613853;-33,728143;-70,737295;1;2024/05/23 00:00:00+00;1899/12/30 00:00:00+00;REGION METROPOLITANA;BUIN;CHOQUE FRENTE/POSTERIOR;CHOQUE;URBANA;TRAMO DE VIA RECTA;FALLAS MECANICAS;FALLAS MECANICAS FRENOS;BAJOS DE MATTE;;- BAJOS DE MATTE;44;;;BIDIRECCIONAL;CONCRETO;BUENO;SECO;NUBLADO;0;0;0;0
-7875191,845;-3992914,454;7533;2024;1611759;-33,732312;-70,744052;1;2024/05/15 00:00:00+00;1899/12/30 00:00:00+00;REGION DE LOS RIOS;LOS LAGOS;COLISION;COLISION;URBANA;OTROS NO CONSIDERADOS;IMPRUDENCIA DEL CONDUCTOR;CONDUCCION NO ATENTO CONDICIONES TRANSITO MOMENTO;BALMACEDA;MANUEL BULNES;BALMACEDA - MANUEL BULNES;0;;;BIDIRECCIONAL;ASFALTO;BUENO;SECO;DESPEJADO;0;0;0;0
-7856806,096;-3954460,828;7534;2024;1610656;-33,444554;-70,57889;1;2024/05/06 00:00:00+00;1899/12/30 00:00:00+00;REGION METROPOLITANA;NUNOA;COLISION;COLISION;URBANA;CRUCE CON SENAL PARE;DESOBEDIENCIA A SENALIZACION;SENALIZACION DESOBEDECER SENAL PARE;PUCARA;BREMEN;BREMEN - PUCARA;0;;;BIDIRECCIONAL;CONCRETO;BUENO;SECO;DESPEJADO;0;0;0;0
-7858418,447;-3954232,834;7535;2024;1614848;-33,442845;-70,593374;1;2024/05/31 00:00:00+00;1899/12/30 00:00:00+00;REGION METROPOLITANA;PROVIDENCIA;CHOQUE LADO/LADO;CHOQUE;URBANA;TRAMO DE VIA RECTA;IMPRUDENCIA DEL CONDUCTOR;CONDUCCION NO ATENTO CONDICIONES TRANSITO MOMENTO;CHILE ESPANA;ECHENIQUE;CHILE ESPANA - ECHENIQUE;0;;;UNIDIRECCIONAL;ASFALTO;REGULAR;HUMEDO;NUBLADO;0;0;0;0
-7861071,413;-3960339,277;7536;2024;1613858;-33,488606;-70,617206;1;2024/05/27 00:00:00+00;1899/12/30 00:00:00+00;REGION METROPOLITANA;MACUL;COLISION POR ALCANCE;COLISION;URBANA;CRUCE CON SEMAFORO FUNCIONANDO;IMPRUDENCIA DEL CONDUCTOR;CONDUCCION NO ATENTO CONDICIONES TRANSITO MOMENTO;VICUNA MACKENNA;;- VICUNA MACKENNA;3860;;;BIDIRECCIONAL;ASFALTO;BUENO;SECO;DESPEJADO;0;0;0;0
-7858411,768;-3973375,352;7537;2024;1611761;-33,586216;-70,593314;1;2024/04/23 00:00:00+00;1899/12/30 00:00:00+00;REGION METROPOLITANA;PUENTE ALTO;CHOQUE FRENTE/LADO;CHOQUE;URBANA;TRAMO DE VIA RECTA;IMPRUDENCIA DEL CONDUCTOR;CONDUCCION NO ATENTO CONDICIONES TRANSITO MOMENTO;PIGUCHEN;TIUQUILEMU;PIGUCHEN - TIUQUILEMU;0;;;BIDIRECCIONAL;CONCRETO;BUENO;SECO;DESPEJADO;0;0;0;0
-7851870,746;-3954101,429;7538;2024;1610676;-33,44186;-70,534555;1;2024/05/11 00:00:00+00;1899/12/30 00:00:00+00;REGION METROPOLITANA;LA REINA;COLISION LATERAL;COLISION;URBANA;TRAMO DE VIA RECTA;IMPRUDENCIA DEL CONDUCTOR;CONDUCCION NO ATENTO CONDICIONES TRANSITO MOMENTO;OSSA;;- OSSA;0;;;BIDIRECCIONAL CON BANDEJON;CONCRETO;BUENO;SECO;DESPEJADO;0;0;0;0
-7857875,431;-3953177,1;7539;2024;1614849;-33,434931;-70,588496;1;2024/05/28 00:00:00+00;1899/12/30 00:00:00+00;REGION METROPOLITANA;PROVIDENCIA;COLISION LATERAL;COLISION;URBANA;TRAMO DE VIA RECTA;IMPRUDENCIA DEL CONDUCTOR;CONDUCCION NO ATENTO CONDICIONES TRANSITO MOMENTO;FRANCISCO BILBAO;LAS AMAPOLAS;FRANCISCO BILBAO - LAS AMAPOLAS;0;;;BIDIRECCIONAL;ASFALTO;REGULAR;HUMEDO;DESPEJADO;0;0;0;0
-7860795,341;-3962376,053;7540;2024;1613869;-33,503864;-70,614726;1;2024/05/28 00:00:00+00;1899/12/30 00:00:00+00;REGION METROPOLITANA;MACUL;COLISION LATERAL;COLISION;URBANA;CRUCE CON SEMAFORO FUNCIONANDO;IMPRUDENCIA DEL CONDUCTOR;CONDUCCION NO ATENTO CONDICIONES TRANSITO MOMENTO;VICUNA MACKENNA;ESTADIO COLO COLO;ESTADIO COLO COLO - VICUNA MACKENNA;0;;;BIDIRECCIONAL CON BANDEJON;CONCRETO;BUENO;SECO;DESPEJADO;0;1;0;0
-7870518,096;-3933255,99;7541;2024;1611771;-33,285463;-70,702067;1;2024/05/09 00:00:00+00;1899/12/30 00:00:00+00;REGION METROPOLITANA;COLINA;COLISION POR ALCANCE;COLISION;URBANA;ROTONDA;IMPRUDENCIA DEL CONDUCTOR;ADELANTAMIENTO SIN EL ESPACIO O TIEMPO SUFICIENTE;CHICUREO;;- CHICUREO;0;;;UNIDIRECCIONAL;ASFALTO;BUENO;SECO;DESPEJADO;0;0;0;0
-7858419,004;-3972070,948;7542;2024;1611774;-33,576454;-70,593379;1;2024/05/12 00:00:00+00;1899/12/30 00:00:00+00;REGION METROPOLITANA;PUENTE ALTO;CHOQUE FRENTE/LADO;CHOQUE;URBANA;TRAMO DE VIA RECTA;IMPRUDENCIA DEL CONDUCTOR;CONDUCCION NO ATENTO CONDICIONES TRANSITO MOMENTO;JUAN DE DIOS MALEBRAN;;- JUAN DE DIOS MALEBRAN;3665;;;BIDIRECCIONAL;CONCRETO;BUENO;SECO;DESPEJADO;0;0;0;0
-7859780,998;-3950933,618;7543;2024;1614850;-33,418111;-70,605614;1;2024/06/01 00:00:00+00;1899/12/30 00:00:00+00;REGION METROPOLITANA;PROVIDENCIA;CHOQUE LADO/POSTERIOR;CHOQUE;URBANA;TRAMO DE VIA RECTA;IMPRUDENCIA DEL CONDUCTOR;CONDUCCION NO ATENTO CONDICIONES TRANSITO MOMENTO;VITACURA;;- VITACURA;130;;;BIDIRECCIONAL;ASFALTO;REGULAR;HUMEDO;NUBLADO;0;0;0;0
-7867566,905;-3955204,343;7544;2024;1613876;-33,450127;-70,675556;1;2024/05/10 00:00:00+00;1899/12/30 00:00:00+00;REGION METROPOLITANA;SANTIAGO;COLISION PERPENDICULAR;COLISION;URBANA;TRAMO DE VIA RECTA;IMPRUDENCIA DEL CONDUCTOR;CONDUCCION NO ATENTO CONDICIONES TRANSITO MOMENTO;LIBER BERNARDO O'HIGGINS;BASCUNAN GUERRERO;BASCUNAN GUERRERO - LIBER BERNARDO O'HIGGINS;0;;;UNIDIRECCIONAL;CONCRETO;BUENO;SECO;DESPEJADO;0;0;0;0
-7859366,11;-3950930,551;7545;2024;1614851;-33,418088;-70,601887;1;2024/06/01 00:00:00+00;1899/12/30 00:00:00+00;REGION METROPOLITANA;PROVIDENCIA;CHOQUE POSTERIOR/POSTERIOR;CHOQUE;URBANA;CRUCE CON SEMAFORO FUNCIONANDO;ALCOHOL EN CONDUCTOR;CONDUCCION BAJO LA INFLUENCIA DEL ALCOHOL;TOBALABA;VITACURA;TOBALABA - VITACURA;0;;;BIDIRECCIONAL;ASFALTO;REGULAR;SECO;DESPEJADO;0;0;0;0
-7868313,637;-3958481,822;7546;2024;1610682;-33,474689;-70,682264;1;2024/05/03 00:00:00+00;1899/12/30 00:00:00+00;REGION METROPOLITANA;ESTACION CENTRAL;COLISION LATERAL;COLISION;URBANA;OTROS NO CONSIDERADOS;IMPRUDENCIA DEL CONDUCTOR;CONDUCCION NO ATENTO CONDICIONES TRANSITO MOMENTO;BUZETA;;- BUZETA;3558;;;BIDIRECCIONAL;ASFALTO;BUENO;SECO;DESPEJADO;0;0;0;0
-7865918,511;-3953146,141;7547;2024;1613882;-33,434699;-70,660748;1;2024/05/11 00:00:00+00;1899/12/30 00:00:00+00;REGION METROPOLITANA;SANTIAGO;COLISION PERPENDICULAR;COLISION;URBANA;TRAMO DE VIA RECTA;IMPRUDENCIA DEL CONDUCTOR;CONDUCCION NO ATENTO CONDICIONES TRANSITO MOMENTO;SAN PABLO;MANUEL RODRIGUEZ;MANUEL RODRIGUEZ - SAN PABLO;0;;;UNIDIRECCIONAL;CONCRETO;BUENO;SECO;DESPEJADO;0;0;0;0
-7860370,546;-3953088,793;7548;2024;1614852;-33,434269;-70,61091;1;2024/05/30 00:00:00+00;1899/12/30 00:00:00+00;REGION METROPOLITANA;PROVIDENCIA;COLISION FRONTAL;COLISION;URBANA;TRAMO DE VIA RECTA;IMPRUDENCIA DEL CONDUCTOR;CONDUCIR VEHICULO EN RETROCESO;BIARRITZ;MARCHANT PEREIRA;BIARRITZ - MARCHANT PEREIRA;0;;;UNIDIRECCIONAL;ASFALTO;MALO;HUMEDO;NUBLADO;0;0;0;0
-7866411,409;-3924392,924;7549;2024;1611776;-33,218881;-70,665176;1;2024/05/10 00:00:00+00;1899/12/30 00:00:00+00;REGION METROPOLITANA;COLINA;COLISION PERPENDICULAR;COLISION;URBANA;TRAMO DE VIA RECTA;IMPRUDENCIA DEL CONDUCTOR;CONDUCCION NO ATENTO CONDICIONES TRANSITO MOMENTO;STA FILOMENA;;- STA FILOMENA;13101;;;BIDIRECCIONAL;ASFALTO;BUENO;SECO;DESPEJADO;0;0;0;0
-7928562,973;-3986340,698;7550;2024;1610685;-33,683187;-71,223493;1;2024/05/12 00:00:00+00;1899/12/30 00:00:00+00;REGION METROPOLITANA;MELIPILLA;CHOQUE FRENTE/FRENTE;CHOQUE;URBANA;TRAMO DE VIA RECTA;IMPRUDENCIA DEL CONDUCTOR;CONDUCCION NO ATENTO CONDICIONES TRANSITO MOMENTO;CHILE;;- CHILE;695;;;BIDIRECCIONAL;ASFALTO;BUENO;SECO;DESPEJADO;0;0;0;0
-7870185,474;-3973327,246;7551;2024;1613883;-33,585856;-70,699079;1;2024/05/07 00:00:00+00;1899/12/30 00:00:00+00;REGION METROPOLITANA;SAN BERNARDO;COLISION POR ALCANCE;COLISION;URBANA;TRAMO DE VIA RECTA;IMPRUDENCIA DEL CONDUCTOR;CONDUCCION NO ATENTO CONDICIONES TRANSITO MOMENTO;PORTALES;PAULO FREIRE;PAULO FREIRE - PORTALES;0;;;BIDIRECCIONAL;ASFALTO;BUENO;SECO;DESPEJADO;0;0;0;0
-7860056,847;-3953352,915;7552;2024;1614853;-33,436249;-70,608092;1;2024/05/30 00:00:00+00;1899/12/30 00:00:00+00;REGION METROPOLITANA;PROVIDENCIA;CHOQUE POSTERIOR/POSTERIOR;CHOQUE;URBANA;CRUCE CON SEMAFORO FUNCIONANDO;IMPRUDENCIA DEL CONDUCTOR;CONDUCCION NO ATENTO CONDICIONES TRANSITO MOMENTO;POCURO;PEDRO DE VALDIVIA;PEDRO DE VALDIVIA - POCURO;0;;;BIDIRECCIONAL;ASFALTO;REGULAR;HUMEDO;DESPEJADO;0;0;0;0
-7862952,935;-3967486,394;7553;2024;1611780;-33,542135;-70,634108;1;2024/05/12 00:00:00+00;1899/12/30 00:00:00+00;REGION METROPOLITANA;LA GRANJA;COLISION LATERAL;COLISION;URBANA;TRAMO DE VIA RECTA;IMPRUDENCIA DEL CONDUCTOR;CONDUCCION NO ATENTO CONDICIONES TRANSITO MOMENTO;STA ROSA;AMERICO VESPUCIO;AMERICO VESPUCIO - STA ROSA;0;;;BIDIRECCIONAL;CONCRETO;BUENO;SECO;DESPEJADO;0;0;0;0
-7871649,436;-3973860,165;7554;2024;1613887;-33,589844;-70,71223;1;2024/05/07 00:00:00+00;1899/12/30 00:00:00+00;REGION METROPOLITANA;SAN BERNARDO;COLISION LATERAL;COLISION;URBANA;CRUCE CON SENAL CEDA EL PASO;DESOBEDIENCIA A SENALIZACION;SENALIZACION DESOBEDECER SENAL CEDA EL PASO;BUENOS AIRES;O'HIGGINS;BUENOS AIRES - O'HIGGINS;0;;;UNIDIRECCIONAL;ASFALTO;REGULAR;MOJADO;LLUVIA;0;0;0;1
-7859822,965;-3953597,834;7555;2024;1614854;-33,438085;-70,605991;1;2024/05/23 00:00:00+00;1899/12/30 00:00:00+00;REGION METROPOLITANA;PROVIDENCIA;COLISION LATERAL;COLISION;URBANA;TRAMO DE VIA RECTA;IMPRUDENCIA DEL CONDUCTOR;CONDUCCION NO ATENTO CONDICIONES TRANSITO MOMENTO;FRANCISCO BILBAO;ANDACOLLO;ANDACOLLO - FRANCISCO BILBAO;0;;;BIDIRECCIONAL;ASFALTO;REGULAR;MOJADO;DESPEJADO;0;0;0;0
-7862278,896;-3932502,562;7556;2024;1611781;-33,279805;-70,628053;1;2024/05/11 00:00:00+00;1899/12/30 00:00:00+00;REGION METROPOLITANA;COLINA;COLISION PERPENDICULAR;COLISION;URBANA;CRUCE SIN SENALIZACION;VELOCIDAD IMPRUDENTE;VELOCIDAD NO RAZONABLE NI PRUDENTE;CHICUREO;PADRE SERGIO CORREA;CHICUREO - PADRE SERGIO CORREA;0;;;BIDIRECCIONAL;ASFALTO;BUENO;SECO;DESPEJADO;0;0;0;0
-7856148,865;-3953942,677;7557;2024;1610690;-33,44067;-70,572986;1;2024/05/06 00:00:00+00;1899/12/30 00:00:00+00;REGION METROPOLITANA;NUNOA;COLISION;COLISION;URBANA;TRAMO DE VIA RECTA;IMPRUDENCIA DEL CONDUCTOR;CONDUCCION CAMBIAR SORPRESIVAMENTE PISTA CIRCULACION;OSSA;ARTURO MEDINA;ARTURO MEDINA - OSSA;0;;;BIDIRECCIONAL CON BANDEJON;CONCRETO;BUENO;SECO;DESPEJADO;0;0;0;2
-7867489,984;-3921915,662;7558;2024;1611783;-33,200262;-70,674865;1;2024/05/11 00:00:00+00;1899/12/30 00:00:00+00;REGION METROPOLITANA;COLINA;ATROPELLO;ATROPELLO;URBANA;TRAMO DE VIA RECTA;IMPRUDENCIA DEL PEATON;PEATON CRUZA CALZADA FORMA SORPRESIVA O DESCUIDADA;FONTT;;- FONTT;361;;;BIDIRECCIONAL;ASFALTO;REGULAR;SECO;DESPEJADO;0;0;0;1
-7875537,158;-3947649,743;7559;2024;1614855;-33,393485;-70,747154;1;2024/05/15 00:00:00+00;1899/12/30 00:00:00+00;REGION METROPOLITANA;RENCA;COLISION;COLISION;URBANA;TRAMO DE VIA RECTA;IMPRUDENCIA DEL CONDUCTOR;CONDUCCION NO ATENTO CONDICIONES TRANSITO MOMENTO;CAMINO LO BOZA;;- CAMINO LO BOZA;7665;;;UNIDIRECCIONAL;ASFALTO;BUENO;SECO;DESPEJADO;0;0;0;0
-7871271,841;-3977201,092;7560;2024;1613890;-33,614841;-70,708838;1;2024/05/06 00:00:00+00;1899/12/30 00:00:00+00;REGION METROPOLITANA;SAN BERNARDO;CAIDA;CAIDA;URBANA;OTROS NO CONSIDERADOS;IMPRUDENCIA DEL PASAJERO;IMPRUDENCIA DEL PASAJERO;GRAL URRUTIA;COLBUN;COLBUN - GRAL URRUTIA;0;;;UNIDIRECCIONAL;ASFALTO;BUENO;SECO;DESPEJADO;0;0;0;1
-7866432,337;-3922728,94;7561;2024;1611799;-33,206375;-70,665364;1;2024/05/14 00:00:00+00;1899/12/30 00:00:00+00;REGION METROPOLITANA;COLINA;COLISION LATERAL;COLISION;RURAL;ROTONDA;IMPRUDENCIA DEL CONDUCTOR;ADELANTAMIENTO SIN EL ESPACIO O TIEMPO SUFICIENTE;SAN LUIS;;- SAN LUIS;0;;;BIDIRECCIONAL;ASFALTO;BUENO;SECO;DESPEJADO;0;0;0;2
-7858981,612;-3957751,842;7562;2024;1610693;-33,469219;-70,598433;1;2024/05/07 00:00:00+00;1899/12/30 00:00:00+00;REGION METROPOLITANA;NUNOA;ATROPELLO;ATROPELLO;URBANA;CRUCE CON SEMAFORO FUNCIONANDO;IMPRUDENCIA DEL CONDUCTOR;NO RESPETAR DERECHO PREFERENTE DE PASO A PEATON;LAS ENCINAS;JOSE PEDRO ALESSANDRI;JOSE PEDRO ALESSANDRI - LAS ENCINAS;0;;;BIDIRECCIONAL CON BANDEJON;CONCRETO;BUENO;SECO;DESPEJADO;0;0;0;1
-7860097,479;-3951469,374;7563;2024;1614856;-33,422128;-70,608457;1;2024/05/27 00:00:00+00;1899/12/30 00:00:00+00;REGION METROPOLITANA;PROVIDENCIA;CHOQUE POSTERIOR/POSTERIOR;CHOQUE;URBANA;CRUCE CON SEMAFORO FUNCIONANDO;IMPRUDENCIA DEL CONDUCTOR;CONDUCCION NO ATENTO CONDICIONES TRANSITO MOMENTO;LOS LEONES;;- LOS LEONES;2161;;;UNIDIRECCIONAL;ASFALTO;REGULAR;HUMEDO;DESPEJADO;0;0;0;0
-7870108,218;-3974044,046;7564;2024;1613892;-33,59122;-70,698385;1;2024/05/08 00:00:00+00;1899/12/30 00:00:00+00;REGION METROPOLITANA;SAN BERNARDO;COLISION FRONTAL;COLISION;URBANA;TRAMO DE VIA RECTA;IMPRUDENCIA DEL CONDUCTOR;ADELANTAMIENTO SIN EL ESPACIO O TIEMPO SUFICIENTE;FREIRE;COLON SUR;COLON SUR - FREIRE;0;;;UNIDIRECCIONAL;ASFALTO;BUENO;SECO;DESPEJADO;0;0;0;0
-7871913,82;-3955406,74;7565;2024;1611806;-33,451644;-70,714605;1;2024/05/16 00:00:00+00;1899/12/30 00:00:00+00;REGION METROPOLITANA;LO PRADO;COLISION PERPENDICULAR;COLISION;URBANA;CRUCE CON SENAL PARE;DESOBEDIENCIA A SENALIZACION;SENALIZACION DESOBEDECER SENAL PARE;DR DIEGO ARACENA;STA MARTA;DR DIEGO ARACENA - STA MARTA;0;;;UNIDIRECCIONAL;ASFALTO;BUENO;SECO;DESPEJADO;0;0;1;0
-7861762,373;-3952969,406;7566;2024;1614857;-33,433374;-70,623413;1;2024/05/31 00:00:00+00;1899/12/30 00:00:00+00;REGION METROPOLITANA;PROVIDENCIA;COLISION LATERAL;COLISION;URBANA;TRAMO DE VIA RECTA;IMPRUDENCIA DEL CONDUCTOR;CONDUCCION NO ATENTO CONDICIONES TRANSITO MOMENTO;JOSE MANUEL INFANTE;ELIODORO YANEZ;ELIODORO YANEZ - JOSE MANUEL INFANTE;0;;;UNIDIRECCIONAL;ASFALTO;REGULAR;MOJADO;DESPEJADO;0;0;0;0
-7870112,448;-3974893,066;7567;2024;1613898;-33,597573;-70,698423;1;2024/05/04 00:00:00+00;1899/12/30 00:00:00+00;REGION METROPOLITANA;SAN BERNARDO;COLISION LATERAL;COLISION;URBANA;CRUCE CON SEMAFORO FUNCIONANDO;IMPRUDENCIA DEL CONDUCTOR;CONDUCCION NO ATENTO CONDICIONES TRANSITO MOMENTO;SAN JOSE;URMENETA;SAN JOSE - URMENETA;0;;;UNIDIRECCIONAL;ASFALTO;BUENO;SECO;DESPEJADO;0;0;0;0
-7872865,379;-3954411,867;7568;2024;1611807;-33,444187;-70,723153;1;2024/05/17 00:00:00+00;1899/12/30 00:00:00+00;REGION METROPOLITANA;LO PRADO;ATROPELLO;ATROPELLO;URBANA;CRUCE CON SEMAFORO FUNCIONANDO;IMPRUDENCIA DEL CONDUCTOR;NO RESPETAR DERECHO PREFERENTE DE PASO A PEATON;SAN PABLO;NEPTUNO;NEPTUNO - SAN PABLO;0;;;BIDIRECCIONAL;ASFALTO;BUENO;SECO;DESPEJADO;0;0;0;1
-7876319,734;-3954831,579;7569;2024;1610696;-33,447333;-70,754184;1;2024/05/08 00:00:00+00;1899/12/30 00:00:00+00;REGION METROPOLITANA;PUDAHUEL;COLISION;COLISION;URBANA;CRUCE CON SEMAFORO FUNCIONANDO;DESOBEDIENCIA A SENALIZACION;SENALIZACION DESOBEDECER LUZ ROJA DE SEMAFORO;LA ESTRELLA;CORONA SUECA;CORONA SUECA - LA ESTRELLA;0;;;BIDIRECCIONAL;CONCRETO;BUENO;SECO;DESPEJADO;0;0;0;1
-7862912,638;-3965956,567;7570;2024;1613904;-33,53068;-70,633746;1;2024/05/23 00:00:00+00;1899/12/30 00:00:00+00;REGION METROPOLITANA;LA GRANJA;COLISION;COLISION;URBANA;CRUCE CON SEMAFORO FUNCIONANDO;IMPRUDENCIA DEL CONDUCTOR;CONDUCCION NO ATENTO CONDICIONES TRANSITO MOMENTO;HUASCO;COMBARBALA;COMBARBALA - HUASCO;0;;;BIDIRECCIONAL;ASFALTO;BUENO;SECO;DESPEJADO;0;0;0;1
-7872624,15;-3955086,269;7571;2024;1611810;-33,449242;-70,720986;1;2024/05/18 00:00:00+00;1899/12/30 00:00:00+00;REGION METROPOLITANA;LO PRADO;CHOQUE LADO/LADO;CHOQUE;URBANA;TRAMO DE VIA RECTA;VELOCIDAD IMPRUDENTE;VELOCIDAD NO RAZONABLE NI PRUDENTE;CAP ANDERSEN;;- CAP ANDERSEN;404;;;BIDIRECCIONAL;ASFALTO;BUENO;SECO;NUBLADO;0;0;0;0
-7862081,415;-3954582,765;7572;2024;1614858;-33,445468;-70,626279;1;2024/05/29 00:00:00+00;1899/12/30 00:00:00+00;REGION METROPOLITANA;PROVIDENCIA;COLISION LATERAL;COLISION;URBANA;TRAMO DE VIA RECTA;IMPRUDENCIA DEL CONDUCTOR;CONDUCCION NO ATENTO CONDICIONES TRANSITO MOMENTO;CONDELL;STA VICTORIA;CONDELL - STA VICTORIA;0;;;UNIDIRECCIONAL;ASFALTO;REGULAR;MOJADO;LLOVIZNA;0;0;0;0
-7883226,886;-3973602,923;7573;2024;1610698;-33,587919;-70,816232;1;2024/05/09 00:00:00+00;1899/12/30 00:00:00+00;REGION METROPOLITANA;PADRE HURTADO;CHOQUE POSTERIOR;CHOQUE;URBANA;CRUCE SIN SENALIZACION;ALCOHOL EN CONDUCTOR;CONDUCCION EN ESTADO DE EBRIEDAD;LOS CORRALES;LOS AROMOS;LOS AROMOS - LOS CORRALES;0;;;BIDIRECCIONAL;ASFALTO;BUENO;SECO;DESPEJADO;0;0;0;0
-7859660,884;-3976074,02;7574;2024;1613908;-33,606409;-70,604535;1;2024/05/09 00:00:00+00;1899/12/30 00:00:00+00;REGION METROPOLITANA;PUENTE ALTO;COLISION POR ALCANCE;COLISION;URBANA;CRUCE CON SENAL CEDA EL PASO;IMPRUDENCIA DEL CONDUCTOR;CONDUCCION NO ATENTO CONDICIONES TRANSITO MOMENTO;DOMINGO TOCORNAL;CALETERA ACCESO SUR;CALETERA ACCESO SUR - DOMINGO TOCORNAL;0;;;BIDIRECCIONAL;ASFALTO;BUENO;SECO;DESPEJADO;0;0;0;0
-7868692,568;-3959452,754;7575;2024;1611813;-33,481964;-70,685668;1;2024/05/07 00:00:00+00;1899/12/30 00:00:00+00;REGION METROPOLITANA;PEDRO AGUIRRE CERDA;CHOQUE FRENTE/POSTERIOR;CHOQUE;URBANA;TRAMO DE VIA RECTA;IMPRUDENCIA DEL CONDUCTOR;CONDUCCION NO ATENTO CONDICIONES TRANSITO MOMENTO;CERRILLOS;;- CERRILLOS;4030;;;BIDIRECCIONAL CON BANDEJON;ASFALTO;BUENO;SECO;NUBLADO;0;0;0;0