ï»¿X;Y;FID;AÃ±o;IdAccident;Latitud;longitud;ClaseAccid;Fecha;Hora;RegiÃ³n;Comuna;Tipo_Accid;Tipo__CONA;Zona;UbicaciÃ³n;Causa__CON;Causa_Acci;Calle_Uno;Calle_Dos;Intersecci;NÃºmero;Ruta;Ubicaci_1;Calzada;Tipo_Calza;Estado_Cal;CondiciÃ³n;Estado_Atm;Fallecidos;Graves;Menos_Grav;Leves
-7869731,624;-3980934,367;8837;2024;1617095;-33,642765;-70,695002;1;2024/06/09 00:00:00+00;1899/12/30 00:00:00+00;REGION METROPOLITANA;SAN BERNARDO;ATROPELLO;ATROPELLO;URBANA;TRAMO DE VIA RECTA;IMPRUDENCIA DEL PEATON;PEATON CRUZA CALZADA FORMA SORPRESIVA O DESCUIDADA;NVA LAS PARCELAS;;- NVA LAS PARCELAS;1145;;;BIDIRECCIONAL;CONCRETO;BUENO;SECO;DESPEJADO;0;1;0;0
-7864866,517;-3919470,716;8838;2024;1617102;-33,181882;-70,651298;1;2024/06/11 00:00:00+00;1899/12/30 00:00:00+00;REGION METROPOLITANA;COLINA;CHOQUE LADO/LADO;CHOQUE;URBANA;TRAMO DE VIA RECTA;IMPRUDENCIA DEL CONDUCTOR;CONDUCCION NO ATENTO CONDICIONES TRANSITO MOMENTO;ESMERALDA;;- ESMERALDA;493;;;BIDIRECCIONAL;CONCRETO;BUENO;SECO;NUBLADO;0;0;0;0
-7869417,703;-3972055,315;8839;2024;1617107;-33,576337;-70,692182;1;2024/06/08 00:00:00+00;1899/12/30 00:00:00+00;REGION METROPOLITANA;SAN BERNARDO;COLISION LATERAL;COLISION;URBANA;CRUCE CON SEMAFORO FUNCIONANDO;DESOBEDIENCIA A SENALIZACION;SENALIZACION DESOBEDECER LUZ ROJA DE SEMAFORO;LO BLANCO;GRAN AVDA JOSE MIGUEL CARRERA;GRAN AVDA JOSE MIGUEL CARRERA - LO BLANCO;0;;;BIDIRECCIONAL CON BANDEJON;CONCRETO;BUENO;SECO;DESPEJADO;0;0;0;1
-7868422,396;-3976248,046;8840;2024;1617110;-33,607711;-70,683241;1;2024/06/09 00:00:00+00;1899/12/30 00:00:00+00;REGION METROPOLITANA;SAN BERNARDO;COLISION POR ALCANCE;COLISION;URBANA;CRUCE CON SEMAFORO FUNCIONANDO;IMPRUDENCIA DEL CONDUCTOR;CONDUCCION NO ATENTO CONDICIONES TRANSITO MOMENTO;PADRE HURTADO;BAQUEDANO;BAQUEDANO - PADRE HURTADO;0;;;BIDIRECCIONAL;CONCRETO;BUENO;SECO;DESPEJADO;0;0;0;0
-7868863,444;-3972328,958;8841;2024;1617113;-33,578385;-70,687203;1;2024/06/09 00:00:00+00;1899/12/30 00:00:00+00;REGION METROPOLITANA;SAN BERNARDO;COLISION POR ALCANCE;COLISION;URBANA;CRUCE CON SENAL PARE;IMPRUDENCIA DEL CONDUCTOR;CONDUCCION SIN MANTENER DISTANCIA RAZONABLE NI PRUDENTE;LO BLANCO;PEDRO DE MENDOZA;LO BLANCO - PEDRO DE MENDOZA;0;;;BIDIRECCIONAL CON BANDEJON;ASFALTO;BUENO;SECO;DESPEJADO;0;0;0;0
-7869803,203;-3959631,468;8842;2024;1617116;-33,483303;-70,695645;1;2024/04/24 00:00:00+00;1899/12/30 00:00:00+00;REGION METROPOLITANA;CERRILLOS;CHOQUE FRENTE/POSTERIOR;CHOQUE;URBANA;CRUCE CON SEMAFORO FUNCIONANDO;IMPRUDENCIA DEL CONDUCTOR;CONDUCCION SIN MANTENER DISTANCIA RAZONABLE NI PRUDENTE;PEDRO AGUIRRE CERDA;DEPARTAMENTAL;DEPARTAMENTAL - PEDRO AGUIRRE CERDA;0;;;BIDIRECCIONAL CON BANDEJON;CONCRETO;BUENO;SECO;DESPEJADO;0;0;0;0
-7852366,34;-3939468,903;8843;2024;1617119;-33,332106;-70,539007;1;2024/06/08 00:00:00+00;1899/12/30 00:00:00+00;REGION METROPOLITANA;LO BARNECHEA;COLISION LATERAL;COLISION;URBANA;CRUCE CON SEMAFORO FUNCIONANDO;IMPRUDENCIA DEL CONDUCTOR;CONDUCCION NO ATENTO CONDICIONES TRANSITO MOMENTO;CAMINO LAS HUALTATAS;PEDRO LIRA URQUIETA;CAMINO LAS HUALTATAS - PEDRO LIRA URQUIETA;0;;;BIDIRECCIONAL;CONCRETO;BUENO;SECO;DESPEJADO;0;1;0;0
-7865989,731;-3965401,311;8844;2024;1617120;-33,526522;-70,661388;1;2024/06/10 00:00:00+00;1899/12/30 00:00:00+00;REGION METROPOLITANA;LA CISTERNA;CHOQUE FRENTE/POSTERIOR;CHOQUE;URBANA;CRUCE CON SEMAFORO FUNCIONANDO;IMPRUDENCIA DEL CONDUCTOR;CONDUCCION SIN MANTENER DISTANCIA RAZONABLE NI PRUDENTE;EL PARRON;GRAN AVDA JOSE MIGUEL CARRERA;EL PARRON - GRAN AVDA JOSE MIGUEL CARRERA;0;;;BIDIRECCIONAL CON BANDEJON;CONCRETO;BUENO;SECO;DESPEJADO;0;0;0;0
-7856728,16;-3949800,547;8845;2024;1617121;-33,409615;-70,57819;1;2024/06/04 00:00:00+00;1899/12/30 00:00:00+00;REGION METROPOLITANA;LAS CONDES;COLISION;COLISION;URBANA;TRAMO DE VIA RECTA;IMPRUDENCIA DEL CONDUCTOR;CONDUCCION NO ATENTO CONDICIONES TRANSITO MOMENTO;LOS MILITARES;LA CASTELLANA NORTE;LA CASTELLANA NORTE - LOS MILITARES;0;;;BIDIRECCIONAL;ASFALTO;BUENO;SECO;DESPEJADO;0;0;0;0
-7864364,578;-3961698,556;8846;2024;1617125;-33,498789;-70,646789;1;2024/06/10 00:00:00+00;1899/12/30 00:00:00+00;REGION METROPOLITANA;SAN MIGUEL;CHOQUE FRENTE/POSTERIOR;CHOQUE;URBANA;TRAMO DE VIA RECTA;IMPRUDENCIA DEL CONDUCTOR;CONDUCCION NO ATENTO CONDICIONES TRANSITO MOMENTO;URETA COX;;- URETA COX;855;;;BIDIRECCIONAL;CONCRETO;BUENO;SECO;DESPEJADO;0;0;0;1
-7866082,078;-3971660,333;8847;2024;1617156;-33,573381;-70,662218;1;2024/06/11 00:00:00+00;1899/12/30 00:00:00+00;REGION METROPOLITANA;EL BOSQUE;COLISION LATERAL;COLISION;URBANA;TRAMO DE VIA RECTA;IMPRUDENCIA DEL CONDUCTOR;NO RESPETAR DERECHO PREFERENTE DE PASO A VEHICULO;LO MARTINEZ;ANGELMO;ANGELMO - LO MARTINEZ;0;;;BIDIRECCIONAL;CONCRETO;BUENO;SECO;NUBLADO;1;0;1;0
-7866183,983;-3966305,785;8848;2024;1617158;-33,533295;-70,663133;1;2024/06/10 00:00:00+00;1899/12/30 00:00:00+00;REGION METROPOLITANA;LA CISTERNA;COLISION POR ALCANCE;COLISION;URBANA;CRUCE CON SEMAFORO FUNCIONANDO;IMPRUDENCIA DEL CONDUCTOR;CONDUCCION CAMBIAR SORPRESIVAMENTE PISTA CIRCULACION;GRAN AVDA JOSE MIGUEL CARRERA;BRISAS DEL MAIPO;BRISAS DEL MAIPO - GRAN AVDA JOSE MIGUEL CARRERA;0;;;BIDIRECCIONAL CON BANDEJON;CONCRETO;BUENO;SECO;DESPEJADO;0;0;0;0
-7865989,731;-3965401,311;8849;2024;1617159;-33,526522;-70,661388;1;2024/06/10 00:00:00+00;1899/12/30 00:00:00+00;REGION METROPOLITANA;LA CISTERNA;CHOQUE FRENTE/POSTERIOR;CHOQUE;URBANA;CRUCE CON SEMAFORO FUNCIONANDO;IMPRUDENCIA DEL CONDUCTOR;CONDUCCION NO ATENTO CONDICIONES TRANSITO MOMENTO;GRAN AVDA JOSE MIGUEL CARRERA;EL PARRON;EL PARRON - GRAN AVDA JOSE MIGUEL CARRERA;0;;;BIDIRECCIONAL CON BANDEJON;CONCRETO;BUENO;SECO;DESPEJADO;0;0;0;0
-7866833,087;-3967045,655;8850;2024;1617160;-33,538835;-70,668964;1;2024/06/11 00:00:00+00;1899/12/30 00:00:00+00;REGION METROPOLITANA;LA CISTERNA;COLISION PERPENDICULAR;COLISION;URBANA;CRUCE CON SENAL PARE;DESOBEDIENCIA A SENALIZACION;SENALIZACION DESOBEDECER SENAL PARE;GOYCOLEA;ROSARIO DE STA FE;GOYCOLEA - ROSARIO DE STA FE;0;;;BIDIRECCIONAL;CONCRETO;BUENO;SECO;DESPEJADO;0;0;0;0
-7864404,43;-3952472,13;8851;2024;1617184;-33,429646;-70,647147;1;2024/05/31 00:00:00+00;1899/12/30 00:00:00+00;REGION METROPOLITANA;RECOLETA;CHOQUE POSTERIOR/LADO;CHOQUE;URBANA;TRAMO DE VIA RECTA;IMPRUDENCIA DEL CONDUCTOR;CONDUCCION NO ATENTO CONDICIONES TRANSITO MOMENTO;RECOLETA;STA FILOMENA;RECOLETA - STA FILOMENA;0;;;BIDIRECCIONAL;CONCRETO;BUENO;SECO;DESPEJADO;0;0;0;0
-7867095,579;-3944682,973;8852;2024;1617186;-33,371231;-70,671322;1;2024/06/05 00:00:00+00;1899/12/30 00:00:00+00;REGION METROPOLITANA;CONCHALI;COLISION LATERAL;COLISION;URBANA;TRAMO DE VIA RECTA;IMPRUDENCIA DEL CONDUCTOR;CONDUCCION NO ATENTO CONDICIONES TRANSITO MOMENTO;AMERICO VESPUCIO;PEDRO FONTOVA;AMERICO VESPUCIO - PEDRO FONTOVA;0;;;BIDIRECCIONAL;CONCRETO;BUENO;SECO;DESPEJADO;0;0;0;0
-7857124,024;-3972255,068;8853;2024;1617187;-33,577832;-70,581746;1;2024/06/06 00:00:00+00;1899/12/30 00:00:00+00;REGION METROPOLITANA;PUENTE ALTO;COLISION LATERAL;COLISION;URBANA;TRAMO DE VIA RECTA;IMPRUDENCIA DEL CONDUCTOR;CONDUCCION NO ATENTO CONDICIONES TRANSITO MOMENTO;CONCHA Y TORO;;- CONCHA Y TORO;3459;;;BIDIRECCIONAL;CONCRETO;BUENO;SECO;DESPEJADO;0;0;0;0
-7867416,29;-3946163,863;8854;2024;1617188;-33,38234;-70,674203;1;2024/06/09 00:00:00+00;1899/12/30 00:00:00+00;REGION METROPOLITANA;CONCHALI;CHOQUE POSTERIOR/POSTERIOR;CHOQUE;URBANA;TRAMO DE VIA RECTA;IMPRUDENCIA DEL CONDUCTOR;CONDUCCION NO ATENTO CONDICIONES TRANSITO MOMENTO;LANIN;;- LANIN;1561;;;BIDIRECCIONAL;CONCRETO;BUENO;SECO;DESPEJADO;0;0;0;0
-7855991,905;-3975500,101;8855;2024;1617191;-33,602115;-70,571576;1;2024/06/06 00:00:00+00;1899/12/30 00:00:00+00;REGION METROPOLITANA;PUENTE ALTO;COLISION LATERAL;COLISION;URBANA;TRAMO DE VIA RECTA;IMPRUDENCIA DEL CONDUCTOR;CONDUCCION NO ATENTO CONDICIONES TRANSITO MOMENTO;DOMINGO TOCORNAL;NEMESIO VICUNA;DOMINGO TOCORNAL - NEMESIO VICUNA;0;;;BIDIRECCIONAL;CONCRETO;BUENO;SECO;DESPEJADO;0;0;0;4
-7854283,262;-3970129,18;8856;2024;1617203;-33,56192;-70,556227;1;2024/06/06 00:00:00+00;1899/12/30 00:00:00+00;REGION METROPOLITANA;PUENTE ALTO;COLISION LATERAL;COLISION;URBANA;TRAMO DE VIA RECTA;IMPRUDENCIA DEL CONDUCTOR;CONDUCCION NO ATENTO CONDICIONES TRANSITO MOMENTO;CAMILO HENRIQUEZ;LAS TORRES;CAMILO HENRIQUEZ - LAS TORRES;0;;;BIDIRECCIONAL;CONCRETO;BUENO;SECO;DESPEJADO;0;0;0;0
-7879602,324;-3974678,166;8857;2024;1617210;-33,595965;-70,783672;1;2024/05/29 00:00:00+00;1899/12/30 00:00:00+00;REGION METROPOLITANA;CALERA DE TANGO;COLISION LATERAL;COLISION;URBANA;TRAMO DE VIA RECTA;IMPRUDENCIA DEL CONDUCTOR;CONDUCCION CAMBIAR SORPRESIVAMENTE PISTA CIRCULACION;CAMINO A LONQUEN;EL ACACIO;CAMINO A LONQUEN - EL ACACIO;0;;;BIDIRECCIONAL;CONCRETO;BUENO;SECO;NUBLADO;0;1;0;0
-7883063,469;-3977193,472;8858;2024;1617212;-33,614784;-70,814764;1;2024/05/27 00:00:00+00;1899/12/30 00:00:00+00;REGION METROPOLITANA;CALERA DE TANGO;ATROPELLO;ATROPELLO;URBANA;TRAMO DE VIA RECTA;IMPRUDENCIA DEL PEATON;PEATON CRUZA CALZADA FORMA SORPRESIVA O DESCUIDADA;CALERA DE TANGO;LA PRIMAVERA;CALERA DE TANGO - LA PRIMAVERA;0;;;BIDIRECCIONAL;ASFALTO;BUENO;SECO;DESPEJADO;0;0;0;1
-7881294,157;-3978336,696;8859;2024;1617215;-33,623336;-70,79887;1;2024/05/17 00:00:00+00;1899/12/30 00:00:00+00;REGION METROPOLITANA;CALERA DE TANGO;COLISION POR ALCANCE;COLISION;URBANA;CRUCE CON SEMAFORO FUNCIONANDO;IMPRUDENCIA DEL CONDUCTOR;CONDUCCION SIN MANTENER DISTANCIA RAZONABLE NI PRUDENTE;CALERA DE TANGO;CAMINO A LONQUEN;CALERA DE TANGO - CAMINO A LONQUEN;0;;;BIDIRECCIONAL;ASFALTO;BUENO;SECO;DESPEJADO;0;0;0;0
-7876824,346;-3979354,623;8860;2024;1617217;-33,63095;-70,758717;1;2024/05/23 00:00:00+00;1899/12/30 00:00:00+00;REGION METROPOLITANA;CALERA DE TANGO;COLISION POR ALCANCE;COLISION;URBANA;TRAMO DE VIA RECTA;IMPRUDENCIA DEL CONDUCTOR;CONDUCCION SIN MANTENER DISTANCIA RAZONABLE NI PRUDENTE;ALFONSO RUIZ TAGLE;CALERA DE TANGO;ALFONSO RUIZ TAGLE - CALERA DE TANGO;0;;;BIDIRECCIONAL;ASFALTO;BUENO;HUMEDO;LLUVIA;0;0;0;0
-7878430,797;-3972361,56;8861;2024;1617220;-33,578629;-70,773148;1;2024/05/15 00:00:00+00;1899/12/30 00:00:00+00;REGION METROPOLITANA;CALERA DE TANGO;COLISION PERPENDICULAR;COLISION;URBANA;TRAMO DE VIA RECTA;IMPRUDENCIA DEL CONDUCTOR;VIRAJES INDEBIDOS;CAMINO A LONQUEN;EL TREBOL;CAMINO A LONQUEN - EL TREBOL;0;;;BIDIRECCIONAL;ASFALTO;BUENO;SECO;DESPEJADO;0;0;0;0
-7881294,157;-3978336,696;8862;2024;1617223;-33,623336;-70,79887;1;2024/05/16 00:00:00+00;1899/12/30 00:00:00+00;REGION METROPOLITANA;CALERA DE TANGO;COLISION PERPENDICULAR;COLISION;URBANA;CRUCE CON SEMAFORO FUNCIONANDO;IMPRUDENCIA DEL CONDUCTOR;CONDUCCION CAMBIAR SORPRESIVAMENTE PISTA CIRCULACION;CALERA DE TANGO;CAMINO A LONQUEN;CALERA DE TANGO - CAMINO A LONQUEN;0;;;BIDIRECCIONAL;ASFALTO;BUENO;SECO;DESPEJADO;0;0;0;0
-7878430,797;-3972361,56;8863;2024;1617228;-33,578629;-70,773148;1;2024/05/14 00:00:00+00;1899/12/30 00:00:00+00;REGION METROPOLITANA;CALERA DE TANGO;COLISION POR ALCANCE;COLISION;URBANA;TRAMO DE VIA RECTA;IMPRUDENCIA DEL CONDUCTOR;CONDUCCION SIN MANTENER DISTANCIA RAZONABLE NI PRUDENTE;CAMINO A LONQUEN;EL TREBOL;CAMINO A LONQUEN - EL TREBOL;0;;;BIDIRECCIONAL;ASFALTO;BUENO;SECO;DESPEJADO;0;0;0;0
-7853832,084;-3969821,525;8864;2024;1617231;-33,559617;-70,552174;1;2024/06/07 00:00:00+00;1899/12/30 00:00:00+00;REGION METROPOLITANA;PUENTE ALTO;CHOQUE FRENTE/POSTERIOR;CHOQUE;URBANA;TRAMO DE VIA RECTA;IMPRUDENCIA DEL CONDUCTOR;CONDUCCION NO ATENTO CONDICIONES TRANSITO MOMENTO;DIEGO PORTALES;;- DIEGO PORTALES;1547;;;UNIDIRECCIONAL;ASFALTO;REGULAR;HUMEDO;DESPEJADO;0;0;0;0
-7879602,324;-3974678,166;8865;2024;1617233;-33,595965;-70,783672;1;2024/05/10 00:00:00+00;1899/12/30 00:00:00+00;REGION METROPOLITANA;CALERA DE TANGO;COLISION POR ALCANCE;COLISION;URBANA;TRAMO DE VIA RECTA;IMPRUDENCIA DEL CONDUCTOR;CONDUCIR VEHICULO EN RETROCESO;CAMINO A LONQUEN;SAN JOSE;CAMINO A LONQUEN - SAN JOSE;0;;;BIDIRECCIONAL;ASFALTO;BUENO;SECO;DESPEJADO;0;0;0;0
-7881294,157;-3978336,696;8866;2024;1617237;-33,623336;-70,79887;1;2024/05/14 00:00:00+00;1899/12/30 00:00:00+00;REGION METROPOLITANA;CALERA DE TANGO;COLISION POR ALCANCE;COLISION;URBANA;TRAMO DE VIA RECTA;IMPRUDENCIA DEL CONDUCTOR;CONDUCCION NO ATENTO CONDICIONES TRANSITO MOMENTO;CALERA DE TANGO;CAMINO A LONQUEN;CALERA DE TANGO - CAMINO A LONQUEN;0;;;BIDIRECCIONAL;ASFALTO;BUENO;SECO;DESPEJADO;0;0;0;1
-7877747,184;-3979261,169;8867;2024;1617239;-33,630251;-70,767007;1;2024/05/09 00:00:00+00;1899/12/30 00:00:00+00;REGION METROPOLITANA;CALERA DE TANGO;COLISION LATERAL;COLISION;URBANA;TRAMO DE VIA RECTA;IMPRUDENCIA DEL CONDUCTOR;ADELANTAMIENTO SIN EL ESPACIO O TIEMPO SUFICIENTE;EL CARMEN;LOS PICUNCHES;EL CARMEN - LOS PICUNCHES;0;;;BIDIRECCIONAL;ASFALTO;BUENO;SECO;DESPEJADO;0;0;0;0
-7881294,157;-3978336,696;8868;2024;1617242;-33,623336;-70,79887;1;2024/05/08 00:00:00+00;1899/12/30 00:00:00+00;REGION METROPOLITANA;CALERA DE TANGO;COLISION POR ALCANCE;COLISION;URBANA;TRAMO DE VIA RECTA;IMPRUDENCIA DEL CONDUCTOR;CONDUCIR VEHICULO EN RETROCESO;CAMINO A LONQUEN;CALERA DE TANGO;CALERA DE TANGO - CAMINO A LONQUEN;0;;;BIDIRECCIONAL;ASFALTO;BUENO;SECO;DESPEJADO;0;0;0;0
-7880314,1;-3976066,135;8869;2024;1617244;-33,60635;-70,790066;1;2024/05/07 00:00:00+00;1899/12/30 00:00:00+00;REGION METROPOLITANA;CALERA DE TANGO;COLISION POR ALCANCE;COLISION;URBANA;TRAMO DE VIA RECTA;IMPRUDENCIA DEL CONDUCTOR;CONDUCCION NO ATENTO CONDICIONES TRANSITO MOMENTO;CAMINO A LONQUEN;SAN IGNACIO;CAMINO A LONQUEN - SAN IGNACIO;0;;;BIDIRECCIONAL;ASFALTO;BUENO;MOJADO;LLUVIA;0;1;1;0
-7876824,346;-3979354,623;8870;2024;1617248;-33,63095;-70,758717;1;2024/05/07 00:00:00+00;1899/12/30 00:00:00+00;REGION METROPOLITANA;CALERA DE TANGO;ATROPELLO;ATROPELLO;URBANA;CRUCE CON SENAL CEDA EL PASO;IMPRUDENCIA DEL CONDUCTOR;NO RESPETAR DERECHO PREFERENTE DE PASO A PEATON;CALERA DE TANGO;ALFONSO RUIZ TAGLE;ALFONSO RUIZ TAGLE - CALERA DE TANGO;0;;;BIDIRECCIONAL;ASFALTO;BUENO;SECO;DESPEJADO;0;0;0;1
-7877240,792;-3980733,26;8871;2024;1617249;-33,641261;-70,762458;1;2024/05/02 00:00:00+00;1899/12/30 00:00:00+00;REGION METROPOLITANA;CALERA DE TANGO;COLISION POR ALCANCE;COLISION;URBANA;TRAMO DE VIA RECTA;IMPRUDENCIA DEL CONDUCTOR;CONDUCCION NO ATENTO CONDICIONES TRANSITO MOMENTO;SANTA INES;ALFONSO RUIZ TAGLE;ALFONSO RUIZ TAGLE - SANTA INES;0;;;BIDIRECCIONAL;CONCRETO;BUENO;SECO;DESPEJADO;0;0;0;0
-7870772,128;-3975545,41;8872;2024;1617253;-33,602454;-70,704349;1;2024/05/16 00:00:00+00;1899/12/30 00:00:00+00;REGION METROPOLITANA;SAN BERNARDO;COLISION LATERAL;COLISION;URBANA;TRAMO DE VIA RECTA;IMPRUDENCIA DEL CONDUCTOR;ADELANTAMIENTO SIN EL ESPACIO O TIEMPO SUFICIENTE;BULNES;NOGALES;BULNES - NOGALES;0;;;UNIDIRECCIONAL;ASFALTO;BUENO;SECO;DESPEJADO;0;0;0;0
-7862113,698;-3976741,936;8873;2024;1617255;-33,611406;-70,626569;1;2024/05/17 00:00:00+00;1899/12/30 00:00:00+00;REGION METROPOLITANA;SAN BERNARDO;COLISION LATERAL;COLISION;URBANA;TRAMO DE VIA RECTA;DESOBEDIENCIA A SENALIZACION;SENALIZACION DESOBEDECER LUZ ROJA DE SEMAFORO;CAMINO EL MARISCAL;STA ROSA;CAMINO EL MARISCAL - STA ROSA;0;;;BIDIRECCIONAL;ASFALTO;BUENO;SECO;DESPEJADO;0;0;0;0
-7871166,199;-3967944,781;8874;2024;1617256;-33,545567;-70,707889;1;2024/05/18 00:00:00+00;1899/12/30 00:00:00+00;REGION METROPOLITANA;SAN BERNARDO;COLISION POR ALCANCE;COLISION;URBANA;TRAMO DE VIA RECTA;ALCOHOL EN CONDUCTOR;CONDUCCION EN ESTADO DE EBRIEDAD;GRAL VELASQUEZ;;- GRAL VELASQUEZ;0;;;BIDIRECCIONAL;ASFALTO;BUENO;SECO;DESPEJADO;0;0;0;0
-7876011,491;-3984449,625;8875;2024;1617258;-33,66905;-70,751415;1;2024/05/20 00:00:00+00;1899/12/30 00:00:00+00;REGION METROPOLITANA;SAN BERNARDO;COLISION LATERAL;COLISION;RURAL;CRUCE CON SENAL PARE;DESOBEDIENCIA A SENALIZACION;SENALIZACION DESOBEDECER SENAL PARE;ELIODORO YANEZ;LA ESTRELLA;ELIODORO YANEZ - LA ESTRELLA;0;;;BIDIRECCIONAL;ASFALTO;BUENO;SECO;DESPEJADO;0;0;0;0
-7870382,064;-3971612,932;8876;2024;1617260;-33,573026;-70,700845;1;2024/05/21 00:00:00+00;1899/12/30 00:00:00+00;REGION METROPOLITANA;SAN BERNARDO;COLISION FRONTAL;COLISION;RURAL;TRAMO DE VIA RECTA;IMPRUDENCIA DEL CONDUCTOR;VIRAJES INDEBIDOS;OCHAGAVIA;LO BLANCO;LO BLANCO - OCHAGAVIA;0;;;BIDIRECCIONAL;ASFALTO;BUENO;SECO;DESPEJADO;0;0;0;0
-7869489,282;-3976850,608;8877;2024;1617261;-33,612219;-70,692825;1;2024/05/22 00:00:00+00;1899/12/30 00:00:00+00;REGION METROPOLITANA;SAN BERNARDO;COLISION LATERAL;COLISION;URBANA;TRAMO DE VIA RECTA;IMPRUDENCIA DEL CONDUCTOR;ADELANTAMIENTO SIN EL ESPACIO O TIEMPO SUFICIENTE;ALMTE RIVEROS;;- ALMTE RIVEROS;1064;;;UNIDIRECCIONAL;ASFALTO;BUENO;SECO;DESPEJADO;0;0;0;0
-7870436,499;-3978381,614;8878;2024;1617262;-33,623672;-70,701334;1;2024/05/23 00:00:00+00;1899/12/30 00:00:00+00;REGION METROPOLITANA;SAN BERNARDO;COLISION LATERAL;COLISION;URBANA;CRUCE CON SEMAFORO FUNCIONANDO;DESOBEDIENCIA A SENALIZACION;SENALIZACION DESOBEDECER LUZ ROJA DE SEMAFORO;PORTALES;;- PORTALES;20040;;;BIDIRECCIONAL;ASFALTO;BUENO;SECO;DESPEJADO;0;0;0;0
-7874560,664;-3992927,572;8879;2024;1617263;-33,73241;-70,738382;1;2024/05/23 00:00:00+00;1899/12/30 00:00:00+00;REGION METROPOLITANA;SAN BERNARDO;COLISION POR ALCANCE;COLISION;URBANA;TRAMO DE VIA RECTA;IMPRUDENCIA DEL CONDUCTOR;CONDUCCION SIN MANTENER DISTANCIA RAZONABLE NI PRUDENTE;ANIBAL PINTO;;- ANIBAL PINTO;266;;;UNIDIRECCIONAL;ASFALTO;BUENO;SECO;DESPEJADO;0;0;0;1
-7870185,474;-3973327,246;8880;2024;1617264;-33,585856;-70,699079;1;2024/05/23 00:00:00+00;1899/12/30 00:00:00+00;REGION METROPOLITANA;SAN BERNARDO;COLISION POR ALCANCE;COLISION;URBANA;TRAMO DE VIA RECTA;IMPRUDENCIA DEL CONDUCTOR;CONDUCCION NO ATENTO CONDICIONES TRANSITO MOMENTO;RINCONADA;;- RINCONADA;38;;;UNIDIRECCIONAL;ASFALTO;BUENO;SECO;DESPEJADO;0;0;0;0
-7876662,264;-3963273,614;8881;2024;1617268;-33,510587;-70,757261;1;2024/06/10 00:00:00+00;1899/12/30 00:00:00+00;REGION METROPOLITANA;MAIPU;ATROPELLO;ATROPELLO;URBANA;OTROS NO CONSIDERADOS;IMPRUDENCIA DEL CONDUCTOR;CONDUCCION NO ATENTO CONDICIONES TRANSITO MOMENTO;LOS PAJARITOS;;- LOS PAJARITOS;3333;;;BIDIRECCIONAL CON BANDEJON;ASFALTO;BUENO;SECO;DESPEJADO;0;0;0;1
-7876661,374;-3963065,472;8882;2024;1617269;-33,509028;-70,757253;1;2024/06/10 00:00:00+00;1899/12/30 00:00:00+00;REGION METROPOLITANA;MAIPU;CAIDA;CAIDA;URBANA;CRUCE CON SEMAFORO FUNCIONANDO;IMPRUDENCIA DEL CONDUCTOR;CONDUCCION NO ATENTO CONDICIONES TRANSITO MOMENTO;LOS PAJARITOS;CHACABUCO;CHACABUCO - LOS PAJARITOS;0;;;BIDIRECCIONAL CON BANDEJON;ASFALTO;BUENO;SECO;DESPEJADO;0;0;0;1
-7867124,633;-3951942,064;8883;2024;1617270;-33,425672;-70,671583;1;2024/06/10 00:00:00+00;1899/12/30 00:00:00+00;REGION METROPOLITANA;RENCA;COLISION POR ALCANCE;COLISION;URBANA;TRAMO DE VIA RECTA;IMPRUDENCIA DEL CONDUCTOR;CONDUCCION SIN MANTENER DISTANCIA RAZONABLE NI PRUDENTE;PDTE EDUARDO FREI MONTALVA;GRAL BULNES;GRAL BULNES - PDTE EDUARDO FREI MONTALVA;0;;;BIDIRECCIONAL CON BANDEJON;ASFALTO;BUENO;SECO;DESPEJADO;0;0;0;0
-7878695,07;-3963221,278;8884;2024;1617271;-33,510195;-70,775522;1;2024/06/10 00:00:00+00;1899/12/30 00:00:00+00;REGION METROPOLITANA;MAIPU;VOLCADURA;VOLCADURA;URBANA;TRAMO DE VIA RECTA;IMPRUDENCIA DEL CONDUCTOR;CONDUCCION NO ATENTO CONDICIONES TRANSITO MOMENTO;EL OLIMPO;CRNEL RAMON FREIRE;CRNEL RAMON FREIRE - EL OLIMPO;0;;;BIDIRECCIONAL;ASFALTO;BUENO;SECO;DESPEJADO;0;1;0;0
-7875874,679;-3957357,111;8885;2024;1617272;-33,466261;-70,750186;1;2024/06/10 00:00:00+00;1899/12/30 00:00:00+00;REGION METROPOLITANA;MAIPU;COLISION LATERAL;COLISION;URBANA;TRAMO DE VIA RECTA;IMPRUDENCIA DEL CONDUCTOR;CONDUCCION NO ATENTO CONDICIONES TRANSITO MOMENTO;LA ESTRELLA;MARTA OSSA RUIZ;LA ESTRELLA - MARTA OSSA RUIZ;0;;;BIDIRECCIONAL;ASFALTO;BUENO;SECO;DESPEJADO;0;0;0;0
-7850247,708;-3944352,668;8886;2024;1617275;-33,368753;-70,519975;1;2024/06/09 00:00:00+00;1899/12/30 00:00:00+00;REGION METROPOLITANA;LO BARNECHEA;COLISION LATERAL;COLISION;URBANA;CRUCE CON SEMAFORO FUNCIONANDO;IMPRUDENCIA DEL CONDUCTOR;NO RESPETAR DERECHO PREFERENTE DE PASO A VEHICULO;RAUL LABBE;SAN FRANCISCO DE ASIS;RAUL LABBE - SAN FRANCISCO DE ASIS;0;;;BIDIRECCIONAL CON BANDEJON;CONCRETO;BUENO;SECO;DESPEJADO;0;0;0;0