ï»¿X;Y;FID;AÃ±o;IdAccident;Latitud;longitud;ClaseAccid;Fecha;Hora;RegiÃ³n;Comuna;Tipo_Accid;Tipo__CONA;Zona;UbicaciÃ³n;Causa__CON;Causa_Acci;Calle_Uno;Calle_Dos;Intersecci;NÃºmero;Ruta;Ubicaci_1;Calzada;Tipo_Calza;Estado_Cal;CondiciÃ³n;Estado_Atm;Fallecidos;Graves;Menos_Grav;Leves
-7860808,922;-3952680,482;9041;2024;1617902;-33,431208;-70,614848;1;2024/06/12 00:00:00+00;1899/12/30 00:00:00+00;REGION METROPOLITANA;PROVIDENCIA;CHOQUE POSTERIOR/FRENTE;CHOQUE;URBANA;TRAMO DE VIA RECTA;IMPRUDENCIA DEL CONDUCTOR;CONDUCCION SIN MANTENER DISTANCIA RAZONABLE NI PRUDENTE;GALVARINO GALLARDO;;- GALVARINO GALLARDO;1619;;;UNIDIRECCIONAL;ASFALTO;REGULAR;SECO;DESPEJADO;0;0;0;0
-7870744,075;-3976436,11;9042;2024;1617903;-33,609118;-70,704097;1;2024/06/06 00:00:00+00;1899/12/30 00:00:00+00;REGION METROPOLITANA;SAN BERNARDO;OTRO TIPO;OTRO TIPO;URBANA;TRAMO DE VIA RECTA;CAUSAS NO DETERMINADAS;CAUSAS NO DETERMINADAS;BARROS ARANA;;- BARROS ARANA;1533;;;BIDIRECCIONAL;ASFALTO;BUENO;SECO;DESPEJADO;0;0;0;2
-7864413,224;-3969320,585;9043;2024;1617908;-33,555867;-70,647226;1;2024/06/04 00:00:00+00;1899/12/30 00:00:00+00;REGION METROPOLITANA;SAN RAMON;CHOQUE;CHOQUE;URBANA;TRAMO DE VIA RECTA;IMPRUDENCIA DEL CONDUCTOR;CONDUCCION NO ATENTO CONDICIONES TRANSITO MOMENTO;LA BANDERA;;- LA BANDERA;10550;;;UNIDIRECCIONAL;ASFALTO;REGULAR;SECO;DESPEJADO;0;0;0;0
-7856302,931;-3952692,621;9044;2024;1617922;-33,431299;-70,57437;1;2024/06/08 00:00:00+00;1899/12/30 00:00:00+00;REGION METROPOLITANA;LAS CONDES;COLISION LATERAL;COLISION;URBANA;CRUCE CON SEMAFORO FUNCIONANDO;DESOBEDIENCIA A SENALIZACION;SENALIZACION DESOBEDECER LUZ ROJA DE SEMAFORO;AMERICO VESPUCIO;FRANCISCO BILBAO;AMERICO VESPUCIO - FRANCISCO BILBAO;0;;;BIDIRECCIONAL;ASFALTO;BUENO;SECO;DESPEJADO;0;0;0;0
-7859046,957;-3959480,782;9045;2024;1617924;-33,482174;-70,59902;1;2024/06/11 00:00:00+00;1899/12/30 00:00:00+00;REGION METROPOLITANA;MACUL;COLISION LATERAL;COLISION;URBANA;CRUCE CON SEMAFORO FUNCIONANDO;DESOBEDIENCIA A SENALIZACION;SENALIZACION DESOBEDECER LUZ ROJA DE SEMAFORO;BROWN SUR;LOS PLATANOS;BROWN SUR - LOS PLATANOS;0;;;BIDIRECCIONAL;CONCRETO;BUENO;SECO;DESPEJADO;0;0;0;0
-7892646,296;-3976739,931;9046;2024;1617925;-33,611391;-70,900848;1;2024/06/06 00:00:00+00;1899/12/30 00:00:00+00;REGION METROPOLITANA;PENAFLOR;COLISION LATERAL;COLISION;URBANA;TRAMO DE VIA RECTA;IMPRUDENCIA DEL CONDUCTOR;CONDUCCION NO ATENTO CONDICIONES TRANSITO MOMENTO;VICUNA MACKENNA;CALLE UNO;CALLE UNO - VICUNA MACKENNA;0;;;BIDIRECCIONAL;ASFALTO;BUENO;SECO;DESPEJADO;0;1;0;0
-7860058,851;-3961274,724;9047;2024;1617926;-33,495614;-70,60811;1;2024/06/11 00:00:00+00;1899/12/30 00:00:00+00;REGION METROPOLITANA;MACUL;COLISION LATERAL;COLISION;URBANA;CRUCE CON SEMAFORO FUNCIONANDO;DESOBEDIENCIA A SENALIZACION;SENALIZACION DESOBEDECER LUZ ROJA DE SEMAFORO;MONS CARLOS CASANUEVA;LA AGUADA;LA AGUADA - MONS CARLOS CASANUEVA;0;;;BIDIRECCIONAL;CONCRETO;BUENO;SECO;DESPEJADO;0;0;0;0
-7870372,713;-3973582,878;9048;2024;1617928;-33,587769;-70,700761;1;2024/06/06 00:00:00+00;1899/12/30 00:00:00+00;REGION METROPOLITANA;SAN BERNARDO;COLISION POR ALCANCE;COLISION;URBANA;TRAMO DE VIA RECTA;IMPRUDENCIA DEL CONDUCTOR;CONDUCCION SIN MANTENER DISTANCIA RAZONABLE NI PRUDENTE;PINTO;12 DE FEBRERO;12 DE FEBRERO - PINTO;0;;;BIDIRECCIONAL;ASFALTO;BUENO;SECO;DESPEJADO;0;0;0;0
-7858370,023;-3959274,577;9049;2024;1617930;-33,480629;-70,592939;1;2024/06/12 00:00:00+00;1899/12/30 00:00:00+00;REGION METROPOLITANA;MACUL;COLISION FRONTAL;COLISION;URBANA;TRAMO DE VIA RECTA;IMPRUDENCIA DEL CONDUCTOR;CONDUCCION NO ATENTO CONDICIONES TRANSITO MOMENTO;STA JULIA;LOS LIMONEROS;LOS LIMONEROS - STA JULIA;0;;;BIDIRECCIONAL;CONCRETO;BUENO;SECO;NUBLADO;0;0;0;0
-7864896,907;-3919660,52;9050;2024;1617933;-33,183309;-70,651571;1;2024/06/12 00:00:00+00;1899/12/30 00:00:00+00;REGION METROPOLITANA;COLINA;COLISION PERPENDICULAR;COLISION;URBANA;TRAMO DE VIA RECTA;IMPRUDENCIA DEL CONDUCTOR;NO RESPETAR DERECHO PREFERENTE DE PASO A VEHICULO;CALETERA GRAL SAN MARTIN;;- CALETERA GRAL SAN MARTIN;60;;;BIDIRECCIONAL;ASFALTO;BUENO;SECO;NUBLADO;0;0;0;1
-7861292,605;-3959898,276;9051;2024;1617938;-33,485302;-70,619193;1;2024/06/12 00:00:00+00;1899/12/30 00:00:00+00;REGION METROPOLITANA;MACUL;COLISION LATERAL;COLISION;URBANA;TRAMO DE VIA RECTA;IMPRUDENCIA DEL CONDUCTOR;CONDUCCION NO ATENTO CONDICIONES TRANSITO MOMENTO;VICUNA MACKENNA;;- VICUNA MACKENNA;3600;;;BIDIRECCIONAL;ASFALTO;BUENO;SECO;DESPEJADO;0;0;0;0
-7858132,356;-3961263,644;9052;2024;1617940;-33,495531;-70,590804;1;2024/06/16 00:00:00+00;1899/12/30 00:00:00+00;REGION METROPOLITANA;MACUL;CHOQUE FRONTAL;CHOQUE;URBANA;TRAMO DE VIA CURVA HORIZONTAL;IMPRUDENCIA DEL CONDUCTOR;CONDUCCION NO ATENTO CONDICIONES TRANSITO MOMENTO;CAMPO LINDO;;- CAMPO LINDO;4105;;;BIDIRECCIONAL;ASFALTO;BUENO;SECO;DESPEJADO;0;0;0;0
-7862872,34;-3954288,331;9053;2024;1617942;-33,443261;-70,633384;1;2024/06/09 00:00:00+00;1899/12/30 00:00:00+00;REGION METROPOLITANA;PENAFLOR;ATROPELLO;ATROPELLO;URBANA;TRAMO DE VIA RECTA;IMPRUDENCIA DEL CONDUCTOR;CONDUCCION NO ATENTO CONDICIONES TRANSITO MOMENTO;FRANCISCO BILBAO;VICUNA MACKENNA;FRANCISCO BILBAO - VICUNA MACKENNA;0;;;BIDIRECCIONAL;ASFALTO;BUENO;SECO;LLOVIZNA;0;0;1;0
-7856644,237;-3958554,823;9054;2024;1617946;-33,475236;-70,577436;1;2024/06/14 00:00:00+00;1899/12/30 00:00:00+00;REGION METROPOLITANA;PENALOLEN;IMPACTO CON ANIMAL;OTRO TIPO;URBANA;CRUCE CON SENAL PARE;DEFICIENCIAS VIALES;ANIMALES SUELTOS VIA PUBLICA;EL VALLE;AMERICO VESPUCIO;AMERICO VESPUCIO - EL VALLE;0;;;BIDIRECCIONAL CON BANDEJON;CONCRETO;REGULAR;SECO;NUBLADO;0;0;0;0
-7886515,153;-3974807,667;9055;2024;1617949;-33,596934;-70,845771;1;2024/06/09 00:00:00+00;1899/12/30 00:00:00+00;REGION METROPOLITANA;PENAFLOR;COLISION FRONTAL;COLISION;URBANA;CRUCE CON SENAL PARE;DESOBEDIENCIA A SENALIZACION;SENALIZACION DESOBEDECER SENAL PARE;BALMACEDA;PAJARITOS;BALMACEDA - PAJARITOS;0;;;BIDIRECCIONAL;CONCRETO;BUENO;MOJADO;LLUVIA;0;0;0;0
-7870119,016;-3977466,167;9056;2024;1617951;-33,616824;-70,698482;1;2024/06/07 00:00:00+00;1899/12/30 00:00:00+00;REGION METROPOLITANA;SAN BERNARDO;COLISION LATERAL;COLISION;URBANA;CRUCE CON SENAL PARE;DESOBEDIENCIA A SENALIZACION;SENALIZACION DESOBEDECER SENAL PARE;PORTALES;;- PORTALES;3698;;;BIDIRECCIONAL;ASFALTO;BUENO;SECO;DESPEJADO;0;0;0;0
-7868118,827;-3952918,05;9057;2024;1617954;-33,432989;-70,680514;1;2024/06/07 00:00:00+00;1899/12/30 00:00:00+00;REGION METROPOLITANA;QUINTA NORMAL;CHOQUE POSTERIOR/LADO;CHOQUE;URBANA;CRUCE CON SEMAFORO FUNCIONANDO;IMPRUDENCIA DEL CONDUCTOR;CONDUCCION NO ATENTO CONDICIONES TRANSITO MOMENTO;MAPOCHO;MATUCANA;MAPOCHO - MATUCANA;0;;;UNIDIRECCIONAL;CONCRETO;BUENO;SECO;DESPEJADO;0;0;0;0
-7870733,277;-3952314,469;9058;2024;1617959;-33,428464;-70,704;1;2024/05/30 00:00:00+00;1899/12/30 00:00:00+00;REGION METROPOLITANA;QUINTA NORMAL;CHOQUE POSTERIOR/POSTERIOR;CHOQUE;URBANA;CRUCE CON SEMAFORO FUNCIONANDO;IMPRUDENCIA DEL CONDUCTOR;CONDUCCION NO ATENTO CONDICIONES TRANSITO MOMENTO;RADAL;MAPOCHO;MAPOCHO - RADAL;0;;;BIDIRECCIONAL;ASFALTO;BUENO;SECO;DESPEJADO;0;0;0;0
-7887085,776;-3975608,761;9059;2024;1617962;-33,602928;-70,850897;1;2024/06/09 00:00:00+00;1899/12/30 00:00:00+00;REGION METROPOLITANA;PENAFLOR;COLISION;COLISION;URBANA;CRUCE CON SEMAFORO FUNCIONANDO;IMPRUDENCIA DEL CONDUCTOR;CONDUCCION NO ATENTO CONDICIONES TRANSITO MOMENTO;BALMACEDA;MIRAFLORES;BALMACEDA - MIRAFLORES;0;;;BIDIRECCIONAL;ASFALTO;BUENO;HUMEDO;LLOVIZNA;0;0;0;0
-7857753,09;-3976897,793;9060;2024;1617963;-33,612572;-70,587397;1;2024/06/11 00:00:00+00;1899/12/30 00:00:00+00;REGION METROPOLITANA;PUENTE ALTO;COLISION LATERAL;COLISION;URBANA;TRAMO DE VIA RECTA;IMPRUDENCIA DEL CONDUCTOR;CONDUCCION SIN MANTENER DISTANCIA RAZONABLE NI PRUDENTE;ERNESTO ALVEAR;PIRANDELLO;ERNESTO ALVEAR - PIRANDELLO;0;;;BIDIRECCIONAL;ASFALTO;BUENO;SECO;DESPEJADO;0;0;0;0
-7858877,751;-3978510,087;9061;2024;1617965;-33,624633;-70,5975;1;2024/06/11 00:00:00+00;1899/12/30 00:00:00+00;REGION METROPOLITANA;PUENTE ALTO;CAIDA;CAIDA;URBANA;TRAMO DE VIA RECTA;IMPRUDENCIA DEL PASAJERO;IMPRUDENCIA DEL PASAJERO;4 ORIENTE;SAN PEDRO;4 ORIENTE - SAN PEDRO;0;;;BIDIRECCIONAL;CONCRETO;BUENO;MOJADO;LLOVIZNA;0;0;1;1
-7861881,262;-3977660,801;9062;2024;1617967;-33,61828;-70,624481;1;2024/06/14 00:00:00+00;1899/12/30 00:00:00+00;REGION METROPOLITANA;PUENTE ALTO;COLISION PERPENDICULAR;COLISION;URBANA;CRUCE CON SENAL CEDA EL PASO;DESOBEDIENCIA A SENALIZACION;SENALIZACION DESOBEDECER SENAL CEDA EL PASO;EYZAGUIRRE;LAS MARIPOSAS;EYZAGUIRRE - LAS MARIPOSAS;0;;;BIDIRECCIONAL;ASFALTO;BUENO;SECO;DESPEJADO;0;0;0;0
-7862018,074;-3978171,194;9063;2024;1617968;-33,622098;-70,62571;1;2024/06/15 00:00:00+00;1899/12/30 00:00:00+00;REGION METROPOLITANA;PUENTE ALTO;COLISION LATERAL;COLISION;URBANA;TRAMO DE VIA RECTA;IMPRUDENCIA DEL CONDUCTOR;CONDUCCION NO ATENTO CONDICIONES TRANSITO MOMENTO;APOSTOL TADEO;;- APOSTOL TADEO;527;;;BIDIRECCIONAL;CONCRETO;REGULAR;SECO;DESPEJADO;0;0;0;0
-7860000,186;-3978516,37;9064;2024;1617970;-33,62468;-70,607583;1;2024/06/15 00:00:00+00;1899/12/30 00:00:00+00;REGION METROPOLITANA;PUENTE ALTO;COLISION POR ALCANCE;COLISION;URBANA;TRAMO DE VIA RECTA;IMPRUDENCIA DEL CONDUCTOR;CONDUCCION SIN MANTENER DISTANCIA RAZONABLE NI PRUDENTE;SAN GUILLERMO;LA LECHERIA;LA LECHERIA - SAN GUILLERMO;0;;;BIDIRECCIONAL;ASFALTO;BUENO;SECO;DESPEJADO;0;0;0;0
-7890548,592;-3976695,286;9065;2024;1617971;-33,611057;-70,882004;1;2024/06/11 00:00:00+00;1899/12/30 00:00:00+00;REGION METROPOLITANA;PENAFLOR;COLISION LATERAL;COLISION;URBANA;TRAMO DE VIA RECTA;DESOBEDIENCIA A SENALIZACION;SENALIZACION DESOBEDECER SENAL PARE;VICUNA MACKENNA;;- VICUNA MACKENNA;2130;;;BIDIRECCIONAL;ASFALTO;BUENO;SECO;DESPEJADO;0;0;0;0
-7863727,162;-3956223,035;9066;2024;1617973;-33,457762;-70,641063;1;2024/05/28 00:00:00+00;1899/12/30 00:00:00+00;REGION METROPOLITANA;SANTIAGO;COLISION POR ALCANCE;COLISION;URBANA;CRUCE CON SENAL PARE;IMPRUDENCIA DEL CONDUCTOR;CONDUCCION NO ATENTO CONDICIONES TRANSITO MOMENTO;MANUEL ANTONIO MATTA;SAN ISIDRO;MANUEL ANTONIO MATTA - SAN ISIDRO;0;;;UNIDIRECCIONAL;ASFALTO;BUENO;SECO;NUBLADO;0;1;0;0
-7889435,842;-3976615,889;9067;2024;1617974;-33,610463;-70,872008;1;2024/06/12 00:00:00+00;1899/12/30 00:00:00+00;REGION METROPOLITANA;PENAFLOR;CHOQUE LADO/FRENTE;CHOQUE;URBANA;TRAMO DE VIA RECTA;IMPRUDENCIA DEL CONDUCTOR;CONDUCCION NO ATENTO CONDICIONES TRANSITO MOMENTO;RUBEN DARIO;VICUNA MACKENNA;RUBEN DARIO - VICUNA MACKENNA;0;;;BIDIRECCIONAL;CONCRETO;BUENO;HUMEDO;DESPEJADO;0;0;0;0
-7863795,067;-3954233,101;9068;2024;1617976;-33,442847;-70,641673;1;2024/05/30 00:00:00+00;1899/12/30 00:00:00+00;REGION METROPOLITANA;SANTIAGO;ATROPELLO;ATROPELLO;URBANA;CRUCE CON SEMAFORO FUNCIONANDO;IMPRUDENCIA DEL PEATON;IMPRUDENCIA DEL PEATON;MANUEL ANTONIO MATTA;MARCOLETA;MANUEL ANTONIO MATTA - MARCOLETA;0;;;UNIDIRECCIONAL;ASFALTO;BUENO;SECO;DESPEJADO;0;0;0;1
-7864907,149;-3956519,12;9069;2024;1617981;-33,459981;-70,651663;1;2024/05/31 00:00:00+00;1899/12/30 00:00:00+00;REGION METROPOLITANA;SANTIAGO;ATROPELLO;ATROPELLO;URBANA;CRUCE CON SEMAFORO FUNCIONANDO;IMPRUDENCIA DEL CONDUCTOR;CONDUCCION NO ATENTO CONDICIONES TRANSITO MOMENTO;MANUEL ANTONIO MATTA;NATANIEL COX;MANUEL ANTONIO MATTA - NATANIEL COX;0;;;UNIDIRECCIONAL;ASFALTO;BUENO;SECO;DESPEJADO;0;0;0;1
-7855327,884;-3962918,213;9070;2024;1617983;-33,507925;-70,565611;1;2024/06/15 00:00:00+00;1899/12/30 00:00:00+00;REGION METROPOLITANA;PENALOLEN;COLISION FRONTAL;COLISION;URBANA;CRUCE CON SENAL PARE;ALCOHOL EN CONDUCTOR;CONDUCCION EN ESTADO DE EBRIEDAD;SAN LUIS DE MACUL;CAUPOLICAN;CAUPOLICAN - SAN LUIS DE MACUL;0;;;BIDIRECCIONAL;CONCRETO;BUENO;SECO;NUBLADO;0;0;0;0
-7863715,919;-3955890,533;9071;2024;1617984;-33,45527;-70,640962;1;2024/05/27 00:00:00+00;1899/12/30 00:00:00+00;REGION METROPOLITANA;SANTIAGO;COLISION POR ALCANCE;COLISION;URBANA;CRUCE CON SENAL PARE;IMPRUDENCIA DEL CONDUCTOR;CONDUCCION NO ATENTO CONDICIONES TRANSITO MOMENTO;COQUIMBO;SAN RAFAEL;COQUIMBO - SAN RAFAEL;0;;;UNIDIRECCIONAL;ASFALTO;BUENO;SECO;NUBLADO;0;0;0;0
-7864393,409;-3954988,875;9072;2024;1617985;-33,448512;-70,647048;1;2024/05/29 00:00:00+00;1899/12/30 00:00:00+00;REGION METROPOLITANA;SANTIAGO;COLISION LATERAL;COLISION;URBANA;CRUCE CON SEMAFORO FUNCIONANDO;IMPRUDENCIA DEL CONDUCTOR;CONDUCCION CAMBIAR SORPRESIVAMENTE PISTA CIRCULACION;SAN FRANCISCO;ELEUTERIO RAMIREZ;ELEUTERIO RAMIREZ - SAN FRANCISCO;0;;;UNIDIRECCIONAL;ASFALTO;BUENO;SECO;DESPEJADO;0;0;0;0
-7851191,808;-3958030,483;9073;2024;1617991;-33,471307;-70,528456;1;2024/06/14 00:00:00+00;1899/12/30 00:00:00+00;REGION METROPOLITANA;PENALOLEN;VOLCADURA;VOLCADURA;URBANA;TRAMO DE VIA RECTA;VELOCIDAD IMPRUDENTE;VELOCIDAD NO RAZONABLE NI PRUDENTE;LAS TORRES;;- LAS TORRES;5940;;;BIDIRECCIONAL;CONCRETO;BUENO;HUMEDO;NUBLADO;0;0;1;0
-7864551,26;-3958453,129;9074;2024;1617992;-33,474474;-70,648466;1;2024/05/29 00:00:00+00;1899/12/30 00:00:00+00;REGION METROPOLITANA;SANTIAGO;COLISION POR ALCANCE;COLISION;URBANA;CRUCE CON SEMAFORO FUNCIONANDO;IMPRUDENCIA DEL CONDUCTOR;CONDUCCION SIN MANTENER DISTANCIA RAZONABLE NI PRUDENTE;SAN DIEGO;BIO BIO;BIO BIO - SAN DIEGO;0;;;UNIDIRECCIONAL;ASFALTO;BUENO;SECO;NUBLADO;0;0;0;0
-7890307,585;-3976400,956;9075;2024;1617993;-33,608855;-70,879839;1;2024/06/14 00:00:00+00;1899/12/30 00:00:00+00;REGION METROPOLITANA;PENAFLOR;ATROPELLO;ATROPELLO;URBANA;TRAMO DE VIA RECTA;IMPRUDENCIA DEL CONDUCTOR;CONDUCCION NO ATENTO CONDICIONES TRANSITO MOMENTO;PORVENIR;FRANCISCO BILBAO;FRANCISCO BILBAO - PORVENIR;0;;;BIDIRECCIONAL;ASFALTO;BUENO;HUMEDO;DESPEJADO;0;0;0;1
-7865231,311;-3957919,319;9076;2024;1617996;-33,470474;-70,654575;1;2024/05/29 00:00:00+00;1899/12/30 00:00:00+00;REGION METROPOLITANA;SANTIAGO;COLISION POR ALCANCE;COLISION;URBANA;CRUCE CON SEMAFORO FUNCIONANDO;IMPRUDENCIA DEL CONDUCTOR;CONDUCCION SIN MANTENER DISTANCIA RAZONABLE NI PRUDENTE;SAN IGNACIO DE LOYOLA;NUBLE;NUBLE - SAN IGNACIO DE LOYOLA;0;;;UNIDIRECCIONAL;ASFALTO;BUENO;SECO;NUBLADO;0;0;0;0
-7865466,418;-3957857,799;9077;2024;1618000;-33,470013;-70,656687;1;2024/05/29 00:00:00+00;1899/12/30 00:00:00+00;REGION METROPOLITANA;SANTIAGO;COLISION POR ALCANCE;COLISION;URBANA;CRUCE CON SEMAFORO FUNCIONANDO;IMPRUDENCIA DEL CONDUCTOR;CONDUCCION SIN MANTENER DISTANCIA RAZONABLE NI PRUDENTE;GRAL RONDIZZONI;VIEL;GRAL RONDIZZONI - VIEL;0;;;UNIDIRECCIONAL;ASFALTO;BUENO;SECO;NUBLADO;0;0;0;0
-7874047,258;-3954465,631;9078;2024;1618005;-33,44459;-70,73377;1;2024/06/11 00:00:00+00;1899/12/30 00:00:00+00;REGION METROPOLITANA;LO PRADO;COLISION PERPENDICULAR;COLISION;URBANA;CRUCE CON SENAL PARE;DESOBEDIENCIA A SENALIZACION;SENALIZACION DESOBEDECER SENAL PARE;SAN PABLO;LOS COPIHUES;LOS COPIHUES - SAN PABLO;0;;;BIDIRECCIONAL;ASFALTO;BUENO;SECO;NUBLADO;0;1;0;2
-7862525,58;-3970339,988;9079;2024;1618006;-33,563498;-70,630269;1;2024/06/14 00:00:00+00;1899/12/30 00:00:00+00;REGION METROPOLITANA;LA PINTANA;COLISION;COLISION;URBANA;CRUCE CON SEMAFORO FUNCIONANDO;DESOBEDIENCIA A SENALIZACION;SENALIZACION DESOBEDECER LUZ ROJA DE SEMAFORO;STA ROSA;GRAL ARRIAGADA;GRAL ARRIAGADA - STA ROSA;0;;;BIDIRECCIONAL CON BANDEJON;ASFALTO;BUENO;MOJADO;NUBLADO;1;0;0;0
-7888102,012;-3975456,531;9080;2024;1618007;-33,601789;-70,860026;1;2024/06/15 00:00:00+00;1899/12/30 00:00:00+00;REGION METROPOLITANA;PENAFLOR;COLISION;COLISION;URBANA;TRAMO DE VIA RECTA;IMPRUDENCIA DEL CONDUCTOR;CONDUCCION NO ATENTO CONDICIONES TRANSITO MOMENTO;MIRAFLORES;;- MIRAFLORES;840;;;BIDIRECCIONAL;ASFALTO;BUENO;SECO;DESPEJADO;0;0;0;0
-7859822,965;-3953597,834;9081;2024;1618013;-33,438085;-70,605991;1;2024/05/23 00:00:00+00;1899/12/30 00:00:00+00;REGION METROPOLITANA;PROVIDENCIA;COLISION POR ALCANCE;COLISION;URBANA;CRUCE CON SEMAFORO FUNCIONANDO;IMPRUDENCIA DEL CONDUCTOR;CONDUCCION NO ATENTO CONDICIONES TRANSITO MOMENTO;FRANCISCO BILBAO;ANDACOLLO;ANDACOLLO - FRANCISCO BILBAO;0;;;UNIDIRECCIONAL;ASFALTO;BUENO;SECO;DESPEJADO;0;0;0;0
-7859693,389;-3970282,944;9082;2024;1618016;-33,563071;-70,604827;1;2024/06/07 00:00:00+00;1899/12/30 00:00:00+00;REGION METROPOLITANA;LA FLORIDA;CAIDA;CAIDA;URBANA;OTROS NO CONSIDERADOS;IMPRUDENCIA DEL PASAJERO;IMPRUDENCIA DEL PASAJERO;MARIA ELENA;JULIO CESAR;JULIO CESAR - MARIA ELENA;0;;;BIDIRECCIONAL;ASFALTO;BUENO;SECO;DESPEJADO;0;0;0;1
-7864195,483;-3955964,451;9083;2024;1618017;-33,455824;-70,64527;1;2024/05/31 00:00:00+00;1899/12/30 00:00:00+00;REGION METROPOLITANA;SANTIAGO;COLISION POR ALCANCE;COLISION;URBANA;TRAMO DE VIA RECTA;IMPRUDENCIA DEL CONDUCTOR;CONDUCCION NO ATENTO CONDICIONES TRANSITO MOMENTO;COQUIMBO;;- COQUIMBO;765;;;UNIDIRECCIONAL;ASFALTO;BUENO;SECO;DESPEJADO;0;0;0;0
-7862757,792;-3954844,654;9084;2024;1618019;-33,447431;-70,632355;1;2024/05/31 00:00:00+00;1899/12/30 00:00:00+00;REGION METROPOLITANA;SANTIAGO;COLISION LATERAL;COLISION;URBANA;CRUCE CON SEMAFORO FUNCIONANDO;IMPRUDENCIA DEL CONDUCTOR;CONDUCCION SIN MANTENER DISTANCIA RAZONABLE NI PRUDENTE;STA ISABEL;VICUNA MACKENNA;STA ISABEL - VICUNA MACKENNA;0;;;UNIDIRECCIONAL;ASFALTO;BUENO;SECO;DESPEJADO;0;0;0;0
-7851495,822;-3958053,97;9085;2024;1618021;-33,471483;-70,531187;1;2024/06/15 00:00:00+00;1899/12/30 00:00:00+00;REGION METROPOLITANA;PENALOLEN;CHOQUE POSTERIOR/LADO;CHOQUE;URBANA;CRUCE CON SENAL CEDA EL PASO;IMPRUDENCIA DEL CONDUCTOR;CONDUCIR VEHICULO EN RETROCESO;LAS PERDICES;LAS PENAS;LAS PENAS - LAS PERDICES;0;;;BIDIRECCIONAL;CONCRETO;BUENO;SECO;DESPEJADO;0;0;0;0
-7851815,865;-3950666,617;9086;2024;1618025;-33,416109;-70,534062;1;2024/05/31 00:00:00+00;1899/12/30 00:00:00+00;REGION METROPOLITANA;LAS CONDES;COLISION POR ALCANCE;COLISION;URBANA;TRAMO DE VIA RECTA;IMPRUDENCIA DEL CONDUCTOR;CONDUCCION SIN MANTENER DISTANCIA RAZONABLE NI PRUDENTE;AUGUSTA;;- AUGUSTA;1577;;;UNIDIRECCIONAL;ASFALTO;BUENO;SECO;DESPEJADO;0;0;0;0
-7870697,766;-3978436,024;9087;2024;1618028;-33,624079;-70,703681;1;2024/06/07 00:00:00+00;1899/12/30 00:00:00+00;REGION METROPOLITANA;SAN BERNARDO;COLISION POR ALCANCE;COLISION;URBANA;TRAMO DE VIA RECTA;IMPRUDENCIA DEL CONDUCTOR;CONDUCCION NO ATENTO CONDICIONES TRANSITO MOMENTO;PORTALES;LAS PALMAS DE COCALAN;LAS PALMAS DE COCALAN - PORTALES;0;;;BIDIRECCIONAL;ASFALTO;BUENO;SECO;DESPEJADO;0;0;0;0
-7857029,736;-3961795,472;9088;2024;1618033;-33,499515;-70,580899;1;2024/06/16 00:00:00+00;1899/12/30 00:00:00+00;REGION METROPOLITANA;PENALOLEN;CHOQUE POSTERIOR/LADO;CHOQUE;URBANA;CRUCE SIN SENALIZACION;IMPRUDENCIA DEL CONDUCTOR;CONDUCCION NO ATENTO CONDICIONES TRANSITO MOMENTO;EL TORREON;MEDIEVAL NORTE;EL TORREON - MEDIEVAL NORTE;0;;;BIDIRECCIONAL;CONCRETO;BUENO;SECO;DESPEJADO;0;0;0;0
-7856530,246;-3955750,303;9089;2024;1618045;-33,454219;-70,576412;1;2024/06/14 00:00:00+00;1899/12/30 00:00:00+00;REGION METROPOLITANA;NUNOA;COLISION;COLISION;URBANA;TRAMO DE VIA RECTA;IMPRUDENCIA DEL CONDUCTOR;CONDUCCION NO ATENTO CONDICIONES TRANSITO MOMENTO;IRARRAZAVAL;CAUQUENES;CAUQUENES - IRARRAZAVAL;0;;;BIDIRECCIONAL CON BANDEJON;CONCRETO;BUENO;HUMEDO;DESPEJADO;0;0;0;0
-7856565,757;-3958102,013;9090;2024;1618047;-33,471843;-70,576731;1;2024/06/16 00:00:00+00;1899/12/30 00:00:00+00;REGION METROPOLITANA;PENALOLEN;COLISION FRONTAL;COLISION;URBANA;CRUCE CON SENAL PARE;ALCOHOL EN CONDUCTOR;CONDUCCION EN ESTADO DE EBRIEDAD;EL LAGO;AMERICO VESPUCIO;AMERICO VESPUCIO - EL LAGO;0;;;BIDIRECCIONAL;CONCRETO;BUENO;SECO;DESPEJADO;0;0;0;0
-7885384,147;-3967366,324;9091;2024;1618055;-33,541236;-70,835611;1;2024/06/01 00:00:00+00;1899/12/30 00:00:00+00;REGION METROPOLITANA;PADRE HURTADO;COLISION;COLISION;URBANA;ROTONDA;IMPRUDENCIA DEL CONDUCTOR;CONDUCCION NO ATENTO CONDICIONES TRANSITO MOMENTO;CAMINO ANTIGUO A VALPARAISO;EL TREBAL;CAMINO ANTIGUO A VALPARAISO - EL TREBAL;0;;;BIDIRECCIONAL;CONCRETO;BUENO;SECO;DESPEJADO;0;0;0;0