ï»¿X;Y;FID;AÃ±o;IdAccident;Latitud;longitud;ClaseAccid;Fecha;Hora;RegiÃ³n;Comuna;Tipo_Accid;Tipo__CONA;Zona;UbicaciÃ³n;Causa__CON;Causa_Acci;Calle_Uno;Calle_Dos;Intersecci;NÃºmero;Ruta;Ubicaci_1;Calzada;Tipo_Calza;Estado_Cal;CondiciÃ³n;Estado_Atm;Fallecidos;Graves;Menos_Grav;Leves
-7875219,007;-3984785,492;9092;2024;1618056;-33,671561;-70,744296;1;2024/06/07 00:00:00+00;1899/12/30 00:00:00+00;REGION METROPOLITANA;SAN BERNARDO;COLISION POR ALCANCE;COLISION;URBANA;TRAMO DE VIA RECTA;IMPRUDENCIA DEL CONDUCTOR;CONDUCCION NO ATENTO CONDICIONES TRANSITO MOMENTO;EL BARRANCON;VOLCAN LLULLAILLACO;EL BARRANCON - VOLCAN LLULLAILLACO;0;;;BIDIRECCIONAL;ASFALTO;BUENO;SECO;DESPEJADO;0;0;0;0
-7872066,773;-3956239,58;9093;2024;1618065;-33,457886;-70,715979;1;2024/06/13 00:00:00+00;1899/12/30 00:00:00+00;REGION METROPOLITANA;LO PRADO;CHOQUE FRENTE/POSTERIOR;CHOQUE;URBANA;TRAMO DE VIA RECTA;IMPRUDENCIA DEL CONDUCTOR;CONDUCCION NO ATENTO CONDICIONES TRANSITO MOMENTO;RUTA 68;;- RUTA 68;20;;;BIDIRECCIONAL CON BANDEJON;ASFALTO;BUENO;MOJADO;LLUVIA;0;1;0;0
-7864613,043;-3956540,202;9094;2024;1618070;-33,460139;-70,649021;1;2024/06/01 00:00:00+00;1899/12/30 00:00:00+00;REGION METROPOLITANA;SANTIAGO;COLISION POR ALCANCE;COLISION;URBANA;TRAMO DE VIA RECTA;IMPRUDENCIA DEL CONDUCTOR;CONDUCCION NO ATENTO CONDICIONES TRANSITO MOMENTO;SAN DIEGO;;- SAN DIEGO;630;;;UNIDIRECCIONAL;ASFALTO;BUENO;SECO;NUBLADO;0;0;0;0
-7881272,227;-3969368,006;9095;2024;1618072;-33,556222;-70,798673;1;2024/06/12 00:00:00+00;1899/12/30 00:00:00+00;REGION METROPOLITANA;PADRE HURTADO;COLISION;COLISION;URBANA;TRAMO DE VIA RECTA;IMPRUDENCIA DEL CONDUCTOR;CONDUCCION NO ATENTO CONDICIONES TRANSITO MOMENTO;CAMINO SAN ALBERTO HURTADO;PRIMERA AVENIDA;CAMINO SAN ALBERTO HURTADO - PRIMERA AVENIDA;0;;;BIDIRECCIONAL;CONCRETO;BUENO;SECO;DESPEJADO;0;0;0;0
-7871147,942;-3955506,006;9096;2024;1618073;-33,452388;-70,707725;1;2024/06/15 00:00:00+00;1899/12/30 00:00:00+00;REGION METROPOLITANA;LO PRADO;CHOQUE POSTERIOR;CHOQUE;URBANA;TRAMO DE VIA RECTA;VELOCIDAD IMPRUDENTE;VELOCIDAD NO RAZONABLE NI PRUDENTE;LAS PALMAS;;- LAS PALMAS;135;;;UNIDIRECCIONAL;ASFALTO;BUENO;SECO;NUBLADO;0;0;0;0
-7849745,212;-3942375,3;9097;2024;1618075;-33,353917;-70,515461;1;2024/06/11 00:00:00+00;1899/12/30 00:00:00+00;REGION METROPOLITANA;LO BARNECHEA;COLISION POR ALCANCE;COLISION;URBANA;TRAMO DE VIA RECTA;IMPRUDENCIA DEL CONDUCTOR;CONDUCCION NO ATENTO CONDICIONES TRANSITO MOMENTO;EL GABINO;EL ESPINO;EL ESPINO - EL GABINO;0;;;BIDIRECCIONAL;CONCRETO;BUENO;SECO;DESPEJADO;0;0;0;0
-7868162,242;-3972663,403;9098;2024;1618078;-33,580888;-70,680904;1;2024/06/07 00:00:00+00;1899/12/30 00:00:00+00;REGION METROPOLITANA;SAN BERNARDO;COLISION POR ALCANCE;COLISION;URBANA;TRAMO DE VIA RECTA;IMPRUDENCIA DEL CONDUCTOR;CONDUCCION SIN MANTENER DISTANCIA RAZONABLE NI PRUDENTE;LO BLANCO;DIEGO DE SEVILLA;DIEGO DE SEVILLA - LO BLANCO;0;;;BIDIRECCIONAL;ASFALTO;BUENO;SECO;DESPEJADO;0;0;0;0
-7872771,871;-3955420,216;9099;2024;1618080;-33,451745;-70,722313;1;2024/06/15 00:00:00+00;1899/12/30 00:00:00+00;REGION METROPOLITANA;LO PRADO;COLISION PERPENDICULAR;COLISION;URBANA;CRUCE CON SEMAFORO FUNCIONANDO;DESOBEDIENCIA A SENALIZACION;SENALIZACION DESOBEDECER LUZ ROJA DE SEMAFORO;DORSAL;NEPTUNO;DORSAL - NEPTUNO;0;;;BIDIRECCIONAL CON BANDEJON;ASFALTO;BUENO;SECO;DESPEJADO;0;0;0;1
-7874540,738;-3954830,512;9100;2024;1618082;-33,447325;-70,738203;1;2024/06/16 00:00:00+00;1899/12/30 00:00:00+00;REGION METROPOLITANA;LO PRADO;CHOQUE LADO/LADO;CHOQUE;URBANA;CRUCE SIN SENALIZACION;VELOCIDAD IMPRUDENTE;VELOCIDAD NO RAZONABLE NI PRUDENTE;BARTOLOME VIVAR;CDTE JORGE WOOD;BARTOLOME VIVAR - CDTE JORGE WOOD;0;;;UNIDIRECCIONAL;ASFALTO;BUENO;SECO;NUBLADO;0;0;0;0
-7857708,006;-3968565,342;9101;2024;1618084;-33,550213;-70,586992;1;2024/05/23 00:00:00+00;1899/12/30 00:00:00+00;REGION METROPOLITANA;LA FLORIDA;COLISION LATERAL;COLISION;URBANA;CRUCE CON SEMAFORO FUNCIONANDO;IMPRUDENCIA DEL CONDUCTOR;VIRAJES INDEBIDOS;VICUNA MACKENNA;JOSE MIGUEL CARRERA;JOSE MIGUEL CARRERA - VICUNA MACKENNA;0;;;BIDIRECCIONAL CON BANDEJON;CONCRETO;BUENO;SECO;DESPEJADO;0;0;0;5
-7879025,132;-3967479,583;9102;2024;1618087;-33,542084;-70,778487;1;2024/06/03 00:00:00+00;1899/12/30 00:00:00+00;REGION METROPOLITANA;MAIPU;ATROPELLO;ATROPELLO;URBANA;TRAMO DE VIA RECTA;IMPRUDENCIA DEL CONDUCTOR;CONDUCCION NO ATENTO CONDICIONES TRANSITO MOMENTO;CAMINO A MELIPILLA;EGIPTO;CAMINO A MELIPILLA - EGIPTO;0;;;BIDIRECCIONAL;CONCRETO;BUENO;SECO;DESPEJADO;0;0;0;0
-7874512,017;-3954883,878;9103;2024;1618090;-33,447725;-70,737945;1;2024/06/16 00:00:00+00;1899/12/30 00:00:00+00;REGION METROPOLITANA;LO PRADO;CHOQUE LADO/LADO;CHOQUE;URBANA;TRAMO DE VIA RECTA;VELOCIDAD IMPRUDENTE;VELOCIDAD NO RAZONABLE NI PRUDENTE;JOSE VILLAGRA;;- JOSE VILLAGRA;7981;;;UNIDIRECCIONAL;ASFALTO;BUENO;SECO;NUBLADO;0;0;0;0
-7848450,232;-3943356,211;9104;2024;1618093;-33,361277;-70,503828;1;2024/06/15 00:00:00+00;1899/12/30 00:00:00+00;REGION METROPOLITANA;LO BARNECHEA;CHOQUE LATERAL;CHOQUE;URBANA;OTROS NO CONSIDERADOS;IMPRUDENCIA DEL CONDUCTOR;CONDUCCION NO ATENTO CONDICIONES TRANSITO MOMENTO;RAUL LABBE;;- RAUL LABBE;13898;;;BIDIRECCIONAL;CONCRETO;BUENO;SECO;DESPEJADO;0;0;0;0
-7850098,985;-3942231,502;9105;2024;1618110;-33,352838;-70,518639;1;2024/06/15 00:00:00+00;1899/12/30 00:00:00+00;REGION METROPOLITANA;LO BARNECHEA;CHOQUE POSTERIOR;CHOQUE;URBANA;CRUCE CON SEMAFORO FUNCIONANDO;IMPRUDENCIA DEL CONDUCTOR;CONDUCCION NO ATENTO CONDICIONES TRANSITO MOMENTO;LA DEHESA;EL RODEO;EL RODEO - LA DEHESA;0;;;BIDIRECCIONAL;CONCRETO;BUENO;SECO;DESPEJADO;0;0;0;0
-7855919,547;-3949333,836;9106;2024;1618121;-33,406115;-70,570926;1;2024/06/03 00:00:00+00;1899/12/30 00:00:00+00;REGION METROPOLITANA;LAS CONDES;COLISION;COLISION;URBANA;TRAMO DE VIA RECTA;IMPRUDENCIA DEL CONDUCTOR;CONDUCCION NO ATENTO CONDICIONES TRANSITO MOMENTO;LOS MILITARES;;- LOS MILITARES;5781;;;BIDIRECCIONAL;ASFALTO;BUENO;SECO;DESPEJADO;0;0;0;0
-7872045,066;-3975979,256;9107;2024;1618130;-33,6057;-70,715784;1;2024/06/08 00:00:00+00;1899/12/30 00:00:00+00;REGION METROPOLITANA;SAN BERNARDO;COLISION POR ALCANCE;COLISION;URBANA;TRAMO DE VIA RECTA;FALLAS MECANICAS;FALLAS MECANICAS FRENOS;EYZAGUIRRE;;- EYZAGUIRRE;1578;;;BIDIRECCIONAL;CONCRETO;BUENO;SECO;DESPEJADO;0;0;0;0
-7866357,642;-3966866,693;9108;2024;1618133;-33,537495;-70,664693;1;2024/06/12 00:00:00+00;1899/12/30 00:00:00+00;REGION METROPOLITANA;LA CISTERNA;CHOQUE FRENTE/POSTERIOR;CHOQUE;URBANA;CRUCE CON SEMAFORO FUNCIONANDO;IMPRUDENCIA DEL CONDUCTOR;CONDUCCION CAMBIAR SORPRESIVAMENTE PISTA CIRCULACION;AMERICO VESPUCIO;GRAN AVDA JOSE MIGUEL CARRERA;AMERICO VESPUCIO - GRAN AVDA JOSE MIGUEL CARRERA;0;;;UNIDIRECCIONAL;CONCRETO;BUENO;SECO;DESPEJADO;0;0;0;0
-7867561,785;-3967327,325;9109;2024;1618135;-33,540944;-70,67551;1;2024/06/12 00:00:00+00;1899/12/30 00:00:00+00;REGION METROPOLITANA;LA CISTERNA;CHOQUE FRONTAL;CHOQUE;URBANA;TRAMO DE VIA RECTA;IMPRUDENCIA DEL CONDUCTOR;CONDUCCION NO ATENTO CONDICIONES TRANSITO MOMENTO;TRINIDAD RAMIREZ;MAMINA;MAMINA - TRINIDAD RAMIREZ;0;;;UNIDIRECCIONAL;CONCRETO;BUENO;SECO;DESPEJADO;0;0;0;0
-7865311,907;-3967043,384;9110;2024;1618136;-33,538818;-70,655299;1;2024/06/12 00:00:00+00;1899/12/30 00:00:00+00;REGION METROPOLITANA;LA CISTERNA;CHOQUE FRENTE/POSTERIOR;CHOQUE;URBANA;TRAMO DE VIA RECTA;IMPRUDENCIA DEL CONDUCTOR;CONDUCCION CAMBIAR SORPRESIVAMENTE PISTA CIRCULACION;AMERICO VESPUCIO;;- AMERICO VESPUCIO;760;;;UNIDIRECCIONAL;CONCRETO;BUENO;SECO;DESPEJADO;0;0;0;0
-7862827,812;-3958157,662;9111;2024;1618137;-33,47226;-70,632984;1;2024/06/03 00:00:00+00;1899/12/30 00:00:00+00;REGION METROPOLITANA;SANTIAGO;COLISION LATERAL;COLISION;URBANA;CRUCE CON SEMAFORO FUNCIONANDO;DESOBEDIENCIA A SENALIZACION;SENALIZACION DESOBEDECER LUZ ROJA DE SEMAFORO;FRANKLIN;SIERRA BELLA;FRANKLIN - SIERRA BELLA;0;;;UNIDIRECCIONAL;ASFALTO;BUENO;SECO;DESPEJADO;0;0;0;1
-7865647,312;-3963952,939;9112;2024;1618138;-33,515675;-70,658312;1;2024/06/12 00:00:00+00;1899/12/30 00:00:00+00;REGION METROPOLITANA;LA CISTERNA;COLISION LATERAL;COLISION;URBANA;CRUCE SIN SENALIZACION;IMPRUDENCIA DEL CONDUCTOR;VIRAJES INDEBIDOS;GRAN AVDA JOSE MIGUEL CARRERA;JORGE CACERES;GRAN AVDA JOSE MIGUEL CARRERA - JORGE CACERES;0;;;BIDIRECCIONAL CON BANDEJON;CONCRETO;BUENO;SECO;DESPEJADO;0;0;0;0
-7866451,262;-3966833,171;9113;2024;1618139;-33,537244;-70,665534;1;2024/06/14 00:00:00+00;1899/12/30 00:00:00+00;REGION METROPOLITANA;LA CISTERNA;CHOQUE FRENTE/POSTERIOR;CHOQUE;URBANA;CRUCE CON SENAL PARE;IMPRUDENCIA DEL CONDUCTOR;CONDUCCION CAMBIAR SORPRESIVAMENTE PISTA CIRCULACION;AMERICO VESPUCIO;LOS JUNCOS;AMERICO VESPUCIO - LOS JUNCOS;0;;;UNIDIRECCIONAL;CONCRETO;BUENO;SECO;DESPEJADO;0;0;0;0
-7866371,111;-3967043,651;9114;2024;1618140;-33,53882;-70,664814;1;2024/06/15 00:00:00+00;1899/12/30 00:00:00+00;REGION METROPOLITANA;LA CISTERNA;ATROPELLO;ATROPELLO;URBANA;CRUCE CON SEMAFORO FUNCIONANDO;DESOBEDIENCIA A SENALIZACION;SENALIZACION DESOBEDECER LUZ ROJA DE SEMAFORO;GRAN AVDA JOSE MIGUEL CARRERA;OSSA;GRAN AVDA JOSE MIGUEL CARRERA - OSSA;0;;;BIDIRECCIONAL CON BANDEJON;CONCRETO;BUENO;SECO;DESPEJADO;0;0;1;0
-7866316,565;-3963569,345;9115;2024;1618141;-33,512802;-70,664324;1;2024/06/15 00:00:00+00;1899/12/30 00:00:00+00;REGION METROPOLITANA;LA CISTERNA;COLISION POR ALCANCE;COLISION;URBANA;CRUCE CON SEMAFORO FUNCIONANDO;IMPRUDENCIA DEL CONDUCTOR;CONDUCCION CAMBIAR SORPRESIVAMENTE PISTA CIRCULACION;LO OVALLE;SAN LUIS;LO OVALLE - SAN LUIS;0;;;BIDIRECCIONAL;CONCRETO;BUENO;SECO;DESPEJADO;0;0;0;0
-7865064,666;-3965187,389;9116;2024;1618142;-33,52492;-70,653078;1;2024/06/15 00:00:00+00;1899/12/30 00:00:00+00;REGION METROPOLITANA;LA CISTERNA;CHOQUE LATERAL;CHOQUE;URBANA;CRUCE CON SENAL CEDA EL PASO;IMPRUDENCIA DEL CONDUCTOR;CONDUCCION NO ATENTO CONDICIONES TRANSITO MOMENTO;ELIAS FERNANDEZ ALBANO;JOSE ASENJO;ELIAS FERNANDEZ ALBANO - JOSE ASENJO;0;;;BIDIRECCIONAL CON BANDEJON;CONCRETO;BUENO;SECO;DESPEJADO;0;0;0;0
-7864395,636;-3957359,513;9117;2024;1618143;-33,466279;-70,647068;1;2024/06/05 00:00:00+00;1899/12/30 00:00:00+00;REGION METROPOLITANA;SANTIAGO;COLISION POR ALCANCE;COLISION;URBANA;TRAMO DE VIA RECTA;IMPRUDENCIA DEL CONDUCTOR;CONDUCCION SIN MANTENER DISTANCIA RAZONABLE NI PRUDENTE;ARTURO PRAT;;- ARTURO PRAT;1521;;;UNIDIRECCIONAL;ASFALTO;BUENO;SECO;DESPEJADO;0;0;0;0
-7866477,533;-3967539,017;9118;2024;1618144;-33,542529;-70,66577;1;2024/06/15 00:00:00+00;1899/12/30 00:00:00+00;REGION METROPOLITANA;LA CISTERNA;CHOQUE FRENTE/POSTERIOR;CHOQUE;URBANA;CRUCE CON SEMAFORO FUNCIONANDO;IMPRUDENCIA DEL CONDUCTOR;CONDUCCION CAMBIAR SORPRESIVAMENTE PISTA CIRCULACION;GRAN AVDA JOSE MIGUEL CARRERA;VICUNA MACKENNA;GRAN AVDA JOSE MIGUEL CARRERA - VICUNA MACKENNA;0;;;BIDIRECCIONAL CON BANDEJON;CONCRETO;BUENO;SECO;DESPEJADO;0;0;0;0
-7867002,85;-3963323,547;9119;2024;1618145;-33,510961;-70,670489;1;2024/06/15 00:00:00+00;1899/12/30 00:00:00+00;REGION METROPOLITANA;LA CISTERNA;CHOQUE FRENTE/POSTERIOR;CHOQUE;URBANA;CRUCE CON SENAL PARE;IMPRUDENCIA DEL CONDUCTOR;CONDUCCION NO ATENTO CONDICIONES TRANSITO MOMENTO;LO OVALLE;NVA 3;LO OVALLE - NVA 3;0;;;BIDIRECCIONAL;CONCRETO;BUENO;SECO;DESPEJADO;0;0;0;0
-7866634,493;-3966782,555;9120;2024;1618146;-33,536865;-70,66718;1;2024/06/16 00:00:00+00;1899/12/30 00:00:00+00;REGION METROPOLITANA;LA CISTERNA;COLISION POR ALCANCE;COLISION;URBANA;TRAMO DE VIA RECTA;IMPRUDENCIA DEL CONDUCTOR;CONDUCCION CAMBIAR SORPRESIVAMENTE PISTA CIRCULACION;AMERICO VESPUCIO;;- AMERICO VESPUCIO;200;;;UNIDIRECCIONAL;CONCRETO;BUENO;SECO;DESPEJADO;0;0;0;0
-7865113,647;-3955071,727;9121;2024;1618147;-33,449133;-70,653518;1;2024/06/06 00:00:00+00;1899/12/30 00:00:00+00;REGION METROPOLITANA;SANTIAGO;COLISION POR ALCANCE;COLISION;URBANA;TRAMO DE VIA RECTA;IMPRUDENCIA DEL CONDUCTOR;CONDUCCION SIN MANTENER DISTANCIA RAZONABLE NI PRUDENTE;NATANIEL COX;;- NATANIEL COX;223;;;UNIDIRECCIONAL;ASFALTO;BUENO;SECO;DESPEJADO;0;0;0;0
-7852757,072;-3941602,49;9122;2024;1618148;-33,348118;-70,542517;1;2024/06/16 00:00:00+00;1899/12/30 00:00:00+00;REGION METROPOLITANA;LO BARNECHEA;CHOQUE FRONTAL;CHOQUE;URBANA;CRUCE CON SEMAFORO FUNCIONANDO;ALCOHOL EN CONDUCTOR;CONDUCCION BAJO LA INFLUENCIA DEL ALCOHOL;CAMINO DEL ABAD INT;CAMINO LOS TRAPENSES;CAMINO DEL ABAD INT - CAMINO LOS TRAPENSES;0;;;BIDIRECCIONAL CON BANDEJON;CONCRETO;BUENO;SECO;DESPEJADO;0;0;0;0
-7863465,561;-3955225,157;9123;2024;1618149;-33,450283;-70,638713;1;2024/06/07 00:00:00+00;1899/12/30 00:00:00+00;REGION METROPOLITANA;SANTIAGO;COLISION POR ALCANCE;COLISION;URBANA;CRUCE CON SEMAFORO FUNCIONANDO;IMPRUDENCIA DEL CONDUCTOR;CONDUCCION SIN MANTENER DISTANCIA RAZONABLE NI PRUDENTE;ARGOMEDO;LIRA;ARGOMEDO - LIRA;0;;;UNIDIRECCIONAL;ASFALTO;BUENO;SECO;DESPEJADO;0;0;0;0
-7863942,454;-3955226,891;9124;2024;1618150;-33,450296;-70,642997;1;2024/05/05 00:00:00+00;1899/12/30 00:00:00+00;REGION METROPOLITANA;SANTIAGO;COLISION POR ALCANCE;COLISION;URBANA;CRUCE CON SEMAFORO FUNCIONANDO;IMPRUDENCIA DEL CONDUCTOR;CONDUCCION SIN MANTENER DISTANCIA RAZONABLE NI PRUDENTE;STA ISABEL;SAN ISIDRO;SAN ISIDRO - STA ISABEL;0;;;UNIDIRECCIONAL;ASFALTO;BUENO;SECO;NUBLADO;0;0;0;0
-7862055,7;-3953197,109;9125;2024;1618151;-33,435081;-70,626048;1;2024/06/11 00:00:00+00;1899/12/30 00:00:00+00;REGION METROPOLITANA;PROVIDENCIA;COLISION LATERAL;COLISION;URBANA;TRAMO DE VIA RECTA;IMPRUDENCIA DEL CONDUCTOR;ADELANTAMIENTO SIN EL ESPACIO O TIEMPO SUFICIENTE;SALVADOR;DR HERNAN ALESSANDRI;DR HERNAN ALESSANDRI - SALVADOR;0;;;BIDIRECCIONAL;ASFALTO;REGULAR;MOJADO;DESPEJADO;0;0;0;0
-7862981,099;-3953858,767;9126;2024;1618152;-33,440041;-70,634361;1;2024/06/10 00:00:00+00;1899/12/30 00:00:00+00;REGION METROPOLITANA;PROVIDENCIA;COLISION LATERAL;COLISION;URBANA;TRAMO DE VIA RECTA;IMPRUDENCIA DEL CONDUCTOR;CONDUCCION CAMBIAR SORPRESIVAMENTE PISTA CIRCULACION;VICUNA MACKENNA;EULOGIA SANCHEZ;EULOGIA SANCHEZ - VICUNA MACKENNA;0;;;BIDIRECCIONAL;ASFALTO;REGULAR;MOJADO;DESPEJADO;0;0;0;0
-7860208,576;-3952711,829;9127;2024;1618153;-33,431443;-70,609455;1;2024/05/23 00:00:00+00;1899/12/30 00:00:00+00;REGION METROPOLITANA;PROVIDENCIA;CHOQUE POSTERIOR/POSTERIOR;CHOQUE;URBANA;CRUCE CON SEMAFORO FUNCIONANDO;IMPRUDENCIA DEL CONDUCTOR;CONDUCCION NO ATENTO CONDICIONES TRANSITO MOMENTO;PROVIDENCIA;;- PROVIDENCIA;4412;;;UNIDIRECCIONAL;ASFALTO;REGULAR;HUMEDO;NUBLADO;0;0;0;0
-7861346,372;-3953015,693;9128;2024;1618156;-33,433721;-70,619676;1;2024/06/12 00:00:00+00;1899/12/30 00:00:00+00;REGION METROPOLITANA;PROVIDENCIA;COLISION LATERAL;COLISION;URBANA;TRAMO DE VIA RECTA;IMPRUDENCIA DEL CONDUCTOR;CONDUCCION CAMBIAR SORPRESIVAMENTE PISTA CIRCULACION;JOSE MIGUEL CLARO;ELIODORO YANEZ;ELIODORO YANEZ - JOSE MIGUEL CLARO;0;;;UNIDIRECCIONAL;ASFALTO;BUENO;MOJADO;DESPEJADO;0;0;0;0
-7861211,453;-3951494,848;9129;2024;1618158;-33,422319;-70,618464;1;2024/06/12 00:00:00+00;1899/12/30 00:00:00+00;REGION METROPOLITANA;PROVIDENCIA;COLISION POR ALCANCE;COLISION;URBANA;TUNEL;IMPRUDENCIA DEL CONDUCTOR;ADELANTAMIENTO SIN EL ESPACIO O TIEMPO SUFICIENTE;COST NORTE;LA CONCEPCION;COST NORTE - LA CONCEPCION;0;;;UNIDIRECCIONAL;ASFALTO;REGULAR;MOJADO;NUBLADO;0;0;0;0
-7865092,496;-3961623,667;9130;2024;1618159;-33,498228;-70,653328;1;2024/06/11 00:00:00+00;1899/12/30 00:00:00+00;REGION METROPOLITANA;SAN MIGUEL;COLISION LATERAL;COLISION;URBANA;CRUCE CON SEMAFORO FUNCIONANDO;IMPRUDENCIA DEL CONDUCTOR;CONDUCCION NO ATENTO CONDICIONES TRANSITO MOMENTO;GRAN AVDA JOSE MIGUEL CARRERA;LA MARINA;GRAN AVDA JOSE MIGUEL CARRERA - LA MARINA;0;;;UNIDIRECCIONAL;ASFALTO;BUENO;SECO;NUBLADO;0;0;0;0
-7860256,888;-3951426,56;9131;2024;1618163;-33,421807;-70,609889;1;2024/06/13 00:00:00+00;1899/12/30 00:00:00+00;REGION METROPOLITANA;PROVIDENCIA;CHOQUE POSTERIOR/POSTERIOR;CHOQUE;URBANA;CRUCE CON SEMAFORO FUNCIONANDO;IMPRUDENCIA DEL CONDUCTOR;CONDUCCION NO ATENTO CONDICIONES TRANSITO MOMENTO;RICARDO LYON;PROVIDENCIA;PROVIDENCIA - RICARDO LYON;0;;;UNIDIRECCIONAL;ASFALTO;REGULAR;MOJADO;NUBLADO;0;0;0;0
-7855699,914;-3964875,059;9132;2024;1618164;-33,522581;-70,568953;1;2024/05/31 00:00:00+00;1899/12/30 00:00:00+00;REGION METROPOLITANA;LA FLORIDA;CHOQUE LADO/LADO;CHOQUE;URBANA;TRAMO DE VIA RECTA;ALCOHOL EN CONDUCTOR;CONDUCCION BAJO LA INFLUENCIA DEL ALCOHOL;WALKER MARTINEZ;;- WALKER MARTINEZ;2295;;;BIDIRECCIONAL;ASFALTO;BUENO;SECO;DESPEJADO;0;0;0;0
-7860746,806;-3952666,076;9133;2024;1618166;-33,4311;-70,61429;1;2024/06/12 00:00:00+00;1899/12/30 00:00:00+00;REGION METROPOLITANA;PROVIDENCIA;COLISION FRONTAL;COLISION;URBANA;TRAMO DE VIA RECTA;IMPRUDENCIA DEL CONDUCTOR;CONDUCIR VEHICULO EN RETROCESO;GALVARINO GALLARDO;;- GALVARINO GALLARDO;1679;;;UNIDIRECCIONAL;ASFALTO;BUENO;MOJADO;NUBLADO;0;0;0;1
-7859788,011;-3952167,88;9134;2024;1618168;-33,427365;-70,605677;1;2024/06/13 00:00:00+00;1899/12/30 00:00:00+00;REGION METROPOLITANA;PROVIDENCIA;CHOQUE POSTERIOR/POSTERIOR;CHOQUE;URBANA;CRUCE CON SENAL CEDA EL PASO;IMPRUDENCIA DEL CONDUCTOR;CONDUCCION NO ATENTO CONDICIONES TRANSITO MOMENTO;CARLOS ANTUNEZ;;- CARLOS ANTUNEZ;2300;;;UNIDIRECCIONAL;ASFALTO;REGULAR;MOJADO;NUBLADO;0;0;0;0
-7866207,583;-3952649,536;9135;2024;1618169;-33,430976;-70,663345;1;2024/01/24 00:00:00+00;1899/12/30 00:00:00+00;REGION METROPOLITANA;SANTIAGO;COLISION POR ALCANCE;COLISION;URBANA;TRAMO DE VIA RECTA;IMPRUDENCIA DEL CONDUCTOR;CONDUCCION NO ATENTO CONDICIONES TRANSITO MOMENTO;PDTE BALMACEDA;;- PDTE BALMACEDA;0;;;BIDIRECCIONAL;ASFALTO;BUENO;SECO;DESPEJADO;0;0;0;0
-7858227,979;-3953252,335;9136;2024;1618171;-33,435495;-70,591663;1;2024/06/10 00:00:00+00;1899/12/30 00:00:00+00;REGION METROPOLITANA;PROVIDENCIA;CHOQUE POSTERIOR/POSTERIOR;CHOQUE;URBANA;CRUCE CON SEMAFORO FUNCIONANDO;IMPRUDENCIA DEL CONDUCTOR;CONDUCCION NO ATENTO CONDICIONES TRANSITO MOMENTO;FRANCISCO BILBAO;JORGE MATTE;FRANCISCO BILBAO - JORGE MATTE;0;;;BIDIRECCIONAL;ASFALTO;MALO;SECO;NUBLADO;0;0;0;0
-7859475,648;-3954000,041;9137;2024;1618173;-33,4411;-70,602871;1;2024/06/11 00:00:00+00;1899/12/30 00:00:00+00;REGION METROPOLITANA;PROVIDENCIA;COLISION LATERAL;COLISION;URBANA;TRAMO DE VIA RECTA;IMPRUDENCIA DEL CONDUCTOR;CONDUCCION NO ATENTO CONDICIONES TRANSITO MOMENTO;RICARDO LYON;;- RICARDO LYON;2212;;;BIDIRECCIONAL;ASFALTO;REGULAR;SECO;DESPEJADO;0;0;0;0
-7865440,814;-3956590,64;9138;2024;1618174;-33,460517;-70,656457;1;2024/06/12 00:00:00+00;1899/12/30 00:00:00+00;REGION METROPOLITANA;SANTIAGO;COLISION POR ALCANCE;COLISION;URBANA;CRUCE CON SEMAFORO FUNCIONANDO;IMPRUDENCIA DEL CONDUCTOR;CONDUCCION SIN MANTENER DISTANCIA RAZONABLE NI PRUDENTE;VIEL;MANUEL ANTONIO MATTA;MANUEL ANTONIO MATTA - VIEL;0;;;UNIDIRECCIONAL;ASFALTO;BUENO;SECO;NUBLADO;0;0;0;0
-7859318,799;-3950945,088;9139;2024;1618175;-33,418197;-70,601462;1;2024/06/10 00:00:00+00;1899/12/30 00:00:00+00;REGION METROPOLITANA;PROVIDENCIA;COLISION LATERAL;COLISION;URBANA;TRAMO DE VIA RECTA;IMPRUDENCIA DEL CONDUCTOR;CONDUCCION NO ATENTO CONDICIONES TRANSITO MOMENTO;PROVIDENCIA;TOBALABA;PROVIDENCIA - TOBALABA;0;;;UNIDIRECCIONAL;ASFALTO;REGULAR;MOJADO;NUBLADO;0;0;0;0
-7859318,799;-3950945,088;9140;2024;1618180;-33,418197;-70,601462;1;2024/06/13 00:00:00+00;1899/12/30 00:00:00+00;REGION METROPOLITANA;PROVIDENCIA;COLISION LATERAL;COLISION;URBANA;TRAMO DE VIA RECTA;IMPRUDENCIA DEL CONDUCTOR;CONDUCCION NO ATENTO CONDICIONES TRANSITO MOMENTO;PROVIDENCIA;TOBALABA;PROVIDENCIA - TOBALABA;0;;;UNIDIRECCIONAL;ASFALTO;REGULAR;MOJADO;NUBLADO;0;0;0;0
-7861097,573;-3952602,316;9141;2024;1618181;-33,430622;-70,617441;1;2024/06/01 00:00:00+00;1899/12/30 00:00:00+00;REGION METROPOLITANA;PROVIDENCIA;CHOQUE POSTERIOR/POSTERIOR;CHOQUE;URBANA;CRUCE CON SEMAFORO FUNCIONANDO;IMPRUDENCIA DEL CONDUCTOR;CONDUCCION NO ATENTO CONDICIONES TRANSITO MOMENTO;PROVIDENCIA;GRAL DEL CANTO;GRAL DEL CANTO - PROVIDENCIA;0;;;UNIDIRECCIONAL;ASFALTO;REGULAR;MOJADO;DESPEJADO;0;0;0;0
-7863118,245;-3958183,686;9142;2024;1618182;-33,472455;-70,635593;1;2024/06/11 00:00:00+00;1899/12/30 00:00:00+00;REGION METROPOLITANA;SANTIAGO;COLISION LATERAL;COLISION;URBANA;CRUCE CON SEMAFORO FUNCIONANDO;DESOBEDIENCIA A SENALIZACION;SENALIZACION DESOBEDECER LUZ ROJA DE SEMAFORO;FRANKLIN;CARMEN;CARMEN - FRANKLIN;0;;;UNIDIRECCIONAL;ASFALTO;BUENO;HUMEDO;NUBLADO;0;1;0;1