ï»¿X;Y;FID;AÃ±o;IdAccident;Latitud;longitud;ClaseAccid;Fecha;Hora;RegiÃ³n;Comuna;Tipo_Accid;Tipo__CONA;Zona;UbicaciÃ³n;Causa__CON;Causa_Acci;Calle_Uno;Calle_Dos;Intersecci;NÃºmero;Ruta;Ubicaci_1;Calzada;Tipo_Calza;Estado_Cal;CondiciÃ³n;Estado_Atm;Fallecidos;Graves;Menos_Grav;Leves
-7866837,429;-3946341,705;9192;2024;1618421;-33,383674;-70,669003;1;2024/06/16 00:00:00+00;1899/12/30 00:00:00+00;REGION METROPOLITANA;CONCHALI;CHOQUE FRENTE/POSTERIOR;CHOQUE;URBANA;OTROS NO CONSIDERADOS;IMPRUDENCIA DEL CONDUCTOR;CONDUCCION NO ATENTO CONDICIONES TRANSITO MOMENTO;LAURA;DIEGO SILVA HENRIQUEZ;DIEGO SILVA HENRIQUEZ - LAURA;0;;;BIDIRECCIONAL;CONCRETO;BUENO;SECO;DESPEJADO;0;0;0;0
-7856071,832;-3947225,358;9193;2024;1618428;-33,390302;-70,572294;1;2024/06/10 00:00:00+00;1899/12/30 00:00:00+00;REGION METROPOLITANA;VITACURA;COLISION POR ALCANCE;COLISION;URBANA;TRAMO DE VIA RECTA;IMPRUDENCIA DEL CONDUCTOR;CONDUCCION NO ATENTO CONDICIONES TRANSITO MOMENTO;VITACURA;;- VITACURA;8750;;;BIDIRECCIONAL CON BANDEJON;ASFALTO;BUENO;SECO;DESPEJADO;0;0;0;1
-7858711,44;-3949439,717;9194;2024;1618432;-33,406909;-70,596006;1;2024/06/12 00:00:00+00;1899/12/30 00:00:00+00;REGION METROPOLITANA;VITACURA;COLISION POR ALCANCE;COLISION;URBANA;TRAMO DE VIA RECTA;IMPRUDENCIA DEL CONDUCTOR;CONDUCCION SIN MANTENER DISTANCIA RAZONABLE NI PRUDENTE;PDTE KENNEDY;;- PDTE KENNEDY;400;;;BIDIRECCIONAL CON BANDEJON;ASFALTO;BUENO;SECO;NUBLADO;0;1;0;0
-7856938,009;-3948472,958;9195;2024;1618437;-33,399659;-70,580075;1;2024/06/13 00:00:00+00;1899/12/30 00:00:00+00;REGION METROPOLITANA;VITACURA;COLISION POR ALCANCE;COLISION;URBANA;CRUCE CON SENAL CEDA EL PASO;IMPRUDENCIA DEL CONDUCTOR;CONDUCCION NO ATENTO CONDICIONES TRANSITO MOMENTO;ANDRES DE VERA;PEDRO CANISIO;ANDRES DE VERA - PEDRO CANISIO;0;;;BIDIRECCIONAL;ASFALTO;BUENO;MOJADO;LLUVIA;0;0;0;0
-7890160,643;-3980262,331;9196;2024;1618439;-33,637739;-70,878519;1;2024/05/15 00:00:00+00;1899/12/30 00:00:00+00;REGION METROPOLITANA;TALAGANTE;CHOQUE POSTERIOR;CHOQUE;URBANA;CRUCE CON SEMAFORO FUNCIONANDO;IMPRUDENCIA DEL CONDUCTOR;CONDUCCION NO ATENTO CONDICIONES TRANSITO MOMENTO;BALMACEDA;LORETO;BALMACEDA - LORETO;0;;;BIDIRECCIONAL;ASFALTO;BUENO;SECO;DESPEJADO;0;0;0;0
-7860256,888;-3951426,56;9197;2024;1618442;-33,421807;-70,609889;1;2024/06/13 00:00:00+00;1899/12/30 00:00:00+00;REGION METROPOLITANA;PROVIDENCIA;COLISION POR ALCANCE;COLISION;URBANA;CRUCE CON SEMAFORO FUNCIONANDO;IMPRUDENCIA DEL CONDUCTOR;CONDUCCION SIN MANTENER DISTANCIA RAZONABLE NI PRUDENTE;RICARDO LYON;PROVIDENCIA;PROVIDENCIA - RICARDO LYON;0;;;BIDIRECCIONAL;ASFALTO;BUENO;MOJADO;LLUVIA;0;0;0;0
-7872049,63;-3950528,451;9198;2024;1618444;-33,415073;-70,715825;1;2024/06/14 00:00:00+00;1899/12/30 00:00:00+00;REGION METROPOLITANA;QUINTA NORMAL;ATROPELLO;ATROPELLO;URBANA;CRUCE CON SEMAFORO FUNCIONANDO;IMPRUDENCIA DEL CONDUCTOR;CONDUCCION NO ATENTO CONDICIONES TRANSITO MOMENTO;NEPTUNO;CARRASCAL;CARRASCAL - NEPTUNO;0;;;UNIDIRECCIONAL;ASFALTO;BUENO;SECO;DESPEJADO;0;1;0;0
-7858017,363;-3963990,725;9199;2024;1618447;-33,515958;-70,589771;1;2024/06/04 00:00:00+00;1899/12/30 00:00:00+00;REGION METROPOLITANA;LA FLORIDA;COLISION LATERAL;COLISION;URBANA;TRAMO DE VIA RECTA;IMPRUDENCIA DEL CONDUCTOR;ADELANTAMIENTO SIN EL ESPACIO O TIEMPO SUFICIENTE;ALONSO DE ERCILLA;SERAFIN ZAMORA;ALONSO DE ERCILLA - SERAFIN ZAMORA;0;;;BIDIRECCIONAL;ASFALTO;BUENO;SECO;DESPEJADO;0;0;0;0
-7870842,259;-3957117,717;9200;2024;1618455;-33,464467;-70,704979;1;2024/06/15 00:00:00+00;1899/12/30 00:00:00+00;REGION METROPOLITANA;ESTACION CENTRAL;COLISION FRONTAL;COLISION;URBANA;OTROS NO CONSIDERADOS;IMPRUDENCIA DEL CONDUCTOR;CONDUCCION NO ATENTO CONDICIONES TRANSITO MOMENTO;LIBER BERNARDO O'HIGGINS;PADRE ALBERTO HURTADO;LIBER BERNARDO O'HIGGINS - PADRE ALBERTO HURTADO;0;;;UNIDIRECCIONAL;ASFALTO;BUENO;SECO;DESPEJADO;0;0;0;0
-7856609,394;-3975600,475;9201;2024;1618457;-33,602866;-70,577123;1;2024/06/10 00:00:00+00;1899/12/30 00:00:00+00;REGION METROPOLITANA;PUENTE ALTO;COLISION LATERAL;COLISION;URBANA;TRAMO DE VIA RECTA;IMPRUDENCIA DEL CONDUCTOR;CONDUCCION NO ATENTO CONDICIONES TRANSITO MOMENTO;MEXICO;BAHIA INGLESA;BAHIA INGLESA - MEXICO;0;;;BIDIRECCIONAL;CONCRETO;BUENO;SECO;DESPEJADO;0;0;0;0
-7855882,589;-3967651,609;9202;2024;1618459;-33,543372;-70,570594;1;2024/06/05 00:00:00+00;1899/12/30 00:00:00+00;REGION METROPOLITANA;LA FLORIDA;CHOQUE FRENTE/POSTERIOR;CHOQUE;URBANA;OTROS NO CONSIDERADOS;IMPRUDENCIA DEL CONDUCTOR;CONDUCCION NO ATENTO CONDICIONES TRANSITO MOMENTO;LA FLORIDA;;- LA FLORIDA;9497;;;BIDIRECCIONAL;ASFALTO;BUENO;SECO;DESPEJADO;0;0;0;0
-7859012,893;-3964889,346;9203;2024;1618464;-33,522688;-70,598714;1;2024/06/06 00:00:00+00;1899/12/30 00:00:00+00;REGION METROPOLITANA;LA FLORIDA;COLISION LATERAL;COLISION;URBANA;CRUCE CON SENAL PARE;DESOBEDIENCIA A SENALIZACION;SENALIZACION DESOBEDECER SENAL PARE;ENRIQUE OLIVARES;CANADA;CANADA - ENRIQUE OLIVARES;0;;;BIDIRECCIONAL;ASFALTO;REGULAR;SECO;DESPEJADO;0;0;0;0
-7869416,924;-3953415,879;9204;2024;1618469;-33,436721;-70,692175;1;2024/06/16 00:00:00+00;1899/12/30 00:00:00+00;REGION METROPOLITANA;QUINTA NORMAL;COLISION;COLISION;URBANA;CRUCE CON SEMAFORO FUNCIONANDO;IMPRUDENCIA DEL CONDUCTOR;CONDUCCION NO ATENTO CONDICIONES TRANSITO MOMENTO;CRNEL ROBLES;EDISON;CRNEL ROBLES - EDISON;0;;;UNIDIRECCIONAL;ASFALTO;BUENO;SECO;DESPEJADO;0;0;0;0
-7851817,313;-3963621,95;9205;2024;1618470;-33,513196;-70,534075;1;2024/06/07 00:00:00+00;1899/12/30 00:00:00+00;REGION METROPOLITANA;LA FLORIDA;COLISION POR ALCANCE;COLISION;URBANA;TRAMO DE VIA RECTA;ALCOHOL EN CONDUCTOR;CONDUCCION EN ESTADO DE EBRIEDAD;MACUL ALTO;STA SOFIA;MACUL ALTO - STA SOFIA;0;;;BIDIRECCIONAL CON BANDEJON;ASFALTO;BUENO;SECO;DESPEJADO;0;0;0;0
-7866381,242;-3959953,934;9206;2024;1618473;-33,485719;-70,664905;1;2024/06/15 00:00:00+00;1899/12/30 00:00:00+00;REGION METROPOLITANA;PEDRO AGUIRRE CERDA;CHOQUE POSTERIOR/FRENTE;CHOQUE;URBANA;TRAMO DE VIA RECTA;IMPRUDENCIA DEL CONDUCTOR;CONDUCCION SIN MANTENER DISTANCIA RAZONABLE NI PRUDENTE;CLUB HIPICO;;- CLUB HIPICO;3613;;;BIDIRECCIONAL;ASFALTO;BUENO;SECO;DESPEJADO;0;0;0;0
-7867938,045;-3945945,097;9207;2024;1618475;-33,380699;-70,67889;1;2024/06/17 00:00:00+00;1899/12/30 00:00:00+00;REGION METROPOLITANA;CONCHALI;COLISION LATERAL;COLISION;URBANA;OTROS NO CONSIDERADOS;IMPRUDENCIA DEL CONDUCTOR;CONDUCCION NO ATENTO CONDICIONES TRANSITO MOMENTO;TUPUNGATO;NAHUELBUTA;NAHUELBUTA - TUPUNGATO;0;;;BIDIRECCIONAL;CONCRETO;BUENO;SECO;DESPEJADO;0;0;0;0
-7859031,261;-3949374,908;9208;2024;1618486;-33,406423;-70,598879;1;2024/06/14 00:00:00+00;1899/12/30 00:00:00+00;REGION METROPOLITANA;VITACURA;CAIDA;CAIDA;URBANA;CRUCE CON SEMAFORO FUNCIONANDO;IMPRUDENCIA DEL PASAJERO;IMPRUDENCIA DEL PASAJERO;VITACURA;NVA COSTANERA;NVA COSTANERA - VITACURA;0;;;BIDIRECCIONAL;ASFALTO;BUENO;SECO;DESPEJADO;0;0;0;1
-7858650,882;-3947194,293;9209;2024;1618490;-33,390069;-70,595462;1;2024/06/15 00:00:00+00;1899/12/30 00:00:00+00;REGION METROPOLITANA;VITACURA;CHOQUE FRONTAL;CHOQUE;URBANA;OTROS NO CONSIDERADOS;ALCOHOL EN CONDUCTOR;CONDUCCION EN ESTADO DE EBRIEDAD;COST MONS ESCRIVA DE BALAGUER;CENTENARIO;CENTENARIO - COST MONS ESCRIVA DE BALAGUER;0;;;BIDIRECCIONAL;ASFALTO;BUENO;SECO;DESPEJADO;0;0;0;0
-7857080,053;-3948020,942;9210;2024;1618494;-33,396269;-70,581351;1;2024/06/15 00:00:00+00;1899/12/30 00:00:00+00;REGION METROPOLITANA;VITACURA;VOLCADURA;VOLCADURA;URBANA;TRAMO DE VIA RECTA;VELOCIDAD IMPRUDENTE;VELOCIDAD NO RAZONABLE NI PRUDENTE;VITACURA;ALIANZA;ALIANZA - VITACURA;0;;;BIDIRECCIONAL CON BANDEJON;ASFALTO;BUENO;SECO;DESPEJADO;0;1;0;0
-7857141,612;-3949197,153;9211;2024;1618496;-33,40509;-70,581904;1;2024/06/17 00:00:00+00;1899/12/30 00:00:00+00;REGION METROPOLITANA;LAS CONDES;COLISION PERPENDICULAR;COLISION;URBANA;TRAMO DE VIA RECTA;IMPRUDENCIA DEL CONDUCTOR;CONDUCCION NO ATENTO CONDICIONES TRANSITO MOMENTO;CERRO COLORADO;ALONSO DE CORDOVA;ALONSO DE CORDOVA - CERRO COLORADO;0;;;UNIDIRECCIONAL;ASFALTO;BUENO;SECO;NUBLADO;0;0;0;0
-7852264,928;-3945378,537;9212;2024;1618498;-33,376449;-70,538096;1;2024/06/17 00:00:00+00;1899/12/30 00:00:00+00;REGION METROPOLITANA;VITACURA;COLISION PERPENDICULAR;COLISION;URBANA;TRAMO DE VIA RECTA;IMPRUDENCIA DEL CONDUCTOR;CONDUCCION CAMBIAR SORPRESIVAMENTE PISTA CIRCULACION;STA TERESA DE LOS ANDES;TABANCURA;STA TERESA DE LOS ANDES - TABANCURA;0;;;BIDIRECCIONAL CON BANDEJON;ASFALTO;BUENO;SECO;NUBLADO;0;0;0;0
-7902074,946;-3985644,401;9213;2024;1618512;-33,677982;-70,985547;1;2024/05/14 00:00:00+00;1899/12/30 00:00:00+00;REGION VALPARAISO;QUILPUE;COLISION;COLISION;URBANA;CRUCE SIN SENALIZACION;IMPRUDENCIA DEL CONDUCTOR;ADELANTAMIENTO SIN EL ESPACIO O TIEMPO SUFICIENTE;LOS CARRERA;ANIBAL PINTO;ANIBAL PINTO - LOS CARRERA;0;;;BIDIRECCIONAL;ASFALTO;BUENO;SECO;DESPEJADO;0;0;0;0
-7880776,633;-3942805,238;9214;2024;1618572;-33,357143;-70,794221;1;2024/06/18 00:00:00+00;1899/12/30 00:00:00+00;REGION METROPOLITANA;LAMPA;COLISION POR ALCANCE;COLISION;RURAL;TRAMO DE VIA RECTA;IMPRUDENCIA DEL CONDUCTOR;CONDUCCION NO ATENTO CONDICIONES TRANSITO MOMENTO;CAMINO LO ECHEVERS;FUNDO CERRILLOS;CAMINO LO ECHEVERS - FUNDO CERRILLOS;0;;;BIDIRECCIONAL;ASFALTO;BUENO;SECO;NUBLADO;0;0;0;0
-7864284,762;-3968452,874;9215;2024;1618575;-33,549371;-70,646072;1;2024/06/06 00:00:00+00;1899/12/30 00:00:00+00;REGION METROPOLITANA;SAN RAMON;ATROPELLO;ATROPELLO;URBANA;TRAMO DE VIA RECTA;IMPRUDENCIA DEL CONDUCTOR;NO RESPETAR DERECHO PREFERENTE DE PASO A PEATON;URUGUAY;JUAN LUIS SANFUENTES;JUAN LUIS SANFUENTES - URUGUAY;0;;;UNIDIRECCIONAL;ASFALTO;BUENO;SECO;DESPEJADO;0;0;0;1
-7870842,259;-3957117,717;9216;2024;1618588;-33,464467;-70,704979;1;2024/06/15 00:00:00+00;1899/12/30 00:00:00+00;REGION METROPOLITANA;ESTACION CENTRAL;COLISION FRONTAL;COLISION;URBANA;OTROS NO CONSIDERADOS;IMPRUDENCIA DEL CONDUCTOR;CONDUCCION NO ATENTO CONDICIONES TRANSITO MOMENTO;LIBER BERNARDO O'HIGGINS;PADRE ALBERTO HURTADO;LIBER BERNARDO O'HIGGINS - PADRE ALBERTO HURTADO;0;;;UNIDIRECCIONAL;ASFALTO;BUENO;SECO;DESPEJADO;0;0;0;0
-7870191,262;-3977694,755;9217;2024;1620533;-33,618534;-70,699131;1;2024/06/26 00:00:00+00;1899/12/30 00:00:00+00;REGION METROPOLITANA;SAN BERNARDO;COLISION POR ALCANCE;COLISION;URBANA;OTROS NO CONSIDERADOS;IMPRUDENCIA DEL CONDUCTOR;CONDUCIR VEHICULO EN RETROCESO;GRAL URRUTIA;PORTALES;GRAL URRUTIA - PORTALES;0;;;BIDIRECCIONAL;ASFALTO;BUENO;SECO;DESPEJADO;0;0;0;0
-7870574,981;-3971203,298;9218;2024;1620537;-33,56996;-70,702578;1;2024/06/26 00:00:00+00;1899/12/30 00:00:00+00;REGION METROPOLITANA;SAN BERNARDO;CHOQUE LATERAL;CHOQUE;URBANA;OTROS NO CONSIDERADOS;IMPRUDENCIA DEL CONDUCTOR;CONDUCCION SIN MANTENER DISTANCIA RAZONABLE NI PRUDENTE;CAMINO LOS PINOS;SATURNO;CAMINO LOS PINOS - SATURNO;0;;;UNIDIRECCIONAL;ASFALTO;BUENO;SECO;DESPEJADO;0;0;0;0
-7875051,298;-3960584,019;9219;2024;1621844;-33,49044;-70,742789;1;2024/06/23 00:00:00+00;1899/12/30 00:00:00+00;REGION METROPOLITANA;MAIPU;CHOQUE FRONTAL;CHOQUE;URBANA;TRAMO DE VIA RECTA;ALCOHOL EN CONDUCTOR;CONDUCCION EN ESTADO DE EBRIEDAD;SEGUNDA TRANSVERSAL;ALASKA;ALASKA - SEGUNDA TRANSVERSAL;0;;;BIDIRECCIONAL;ASFALTO;BUENO;SECO;DESPEJADO;0;0;0;0
-7872099,39;-3977423,258;9220;2024;1620540;-33,616503;-70,716272;1;2024/06/26 00:00:00+00;1899/12/30 00:00:00+00;REGION METROPOLITANA;SAN BERNARDO;CHOQUE FRONTAL;CHOQUE;URBANA;TRAMO DE VIA RECTA;IMPRUDENCIA DEL CONDUCTOR;CONDUCCION NO ATENTO CONDICIONES TRANSITO MOMENTO;PDTE JORGE ALESSANDRI RODRIGUEZ;;- PDTE JORGE ALESSANDRI RODRIGUEZ;18880;;;BIDIRECCIONAL;CONCRETO;BUENO;SECO;DESPEJADO;0;0;0;0
-7866815,165;-3968050,031;9221;2024;1620541;-33,546355;-70,668803;1;2024/06/26 00:00:00+00;1899/12/30 00:00:00+00;REGION METROPOLITANA;SAN BERNARDO;CHOQUE FRONTAL;CHOQUE;URBANA;TRAMO DE VIA RECTA;IMPRUDENCIA DEL CONDUCTOR;CONDUCCION NO ATENTO CONDICIONES TRANSITO MOMENTO;GRAN AVDA JOSE MIGUEL CARRERA;BALMACEDA;BALMACEDA - GRAN AVDA JOSE MIGUEL CARRERA;0;;;BIDIRECCIONAL;ASFALTO;BUENO;SECO;DESPEJADO;0;1;0;0
-7876480,368;-3963987,12;9222;2024;1621847;-33,515931;-70,755627;1;2024/06/10 00:00:00+00;1899/12/30 00:00:00+00;REGION METROPOLITANA;MAIPU;COLISION LATERAL;COLISION;URBANA;CRUCE CON SEMAFORO FUNCIONANDO;IMPRUDENCIA DEL CONDUCTOR;CONDUCCION NO ATENTO CONDICIONES TRANSITO MOMENTO;4 ALAMOS;ALBERTO LLONA;4 ALAMOS - ALBERTO LLONA;0;;;BIDIRECCIONAL;ASFALTO;BUENO;SECO;DESPEJADO;0;0;0;0
-7870185,474;-3973327,246;9223;2024;1620543;-33,585856;-70,699079;1;2024/06/26 00:00:00+00;1899/12/30 00:00:00+00;REGION METROPOLITANA;SAN BERNARDO;COLISION LATERAL;COLISION;URBANA;TRAMO DE VIA RECTA;DESOBEDIENCIA A SENALIZACION;SENALIZACION DESOBEDECER LUZ ROJA DE SEMAFORO;FREIRE;GRAN AVDA JOSE MIGUEL CARRERA;FREIRE - GRAN AVDA JOSE MIGUEL CARRERA;0;;;BIDIRECCIONAL;ASFALTO;BUENO;SECO;DESPEJADO;0;0;0;0
-7853768,409;-3972430,239;9224;2024;1621848;-33,579143;-70,551602;1;2024/06/27 00:00:00+00;1899/12/30 00:00:00+00;REGION METROPOLITANA;PUENTE ALTO;COLISION LATERAL;COLISION;URBANA;TRAMO DE VIA RECTA;IMPRUDENCIA DEL CONDUCTOR;CONDUCCION NO ATENTO CONDICIONES TRANSITO MOMENTO;CAMILO HENRIQUEZ;EL PENON;CAMILO HENRIQUEZ - EL PENON;0;;;BIDIRECCIONAL;CONCRETO;BUENO;SECO;DESPEJADO;0;0;0;0
-7869965,729;-3975238,546;9225;2024;1620545;-33,600158;-70,697105;1;2024/06/26 00:00:00+00;1899/12/30 00:00:00+00;REGION METROPOLITANA;SAN BERNARDO;OTRO TIPO;OTRO TIPO;URBANA;CRUCE CON SENAL PARE;IMPRUDENCIA DEL CONDUCTOR;CONDUCCION NO ATENTO CONDICIONES TRANSITO MOMENTO;FRANCISCO BILBAO;BAQUEDANO;BAQUEDANO - FRANCISCO BILBAO;0;;;BIDIRECCIONAL;ASFALTO;BUENO;SECO;DESPEJADO;0;0;0;0
-7865879,747;-3958781,968;9226;2024;1621850;-33,476938;-70,6604;1;2024/06/27 00:00:00+00;1899/12/30 00:00:00+00;REGION METROPOLITANA;PEDRO AGUIRRE CERDA;CHOQUE FRENTE/LADO;CHOQUE;URBANA;TRAMO DE VIA RECTA;IMPRUDENCIA DEL CONDUCTOR;CONDUCCION NO ATENTO CONDICIONES TRANSITO MOMENTO;ISABEL RIQUELME;;- ISABEL RIQUELME;1900;;;BIDIRECCIONAL;ASFALTO;BUENO;SECO;DESPEJADO;0;0;0;0
-7865185,448;-3953384,264;9227;2024;1620550;-33,436484;-70,654163;1;2024/06/27 00:00:00+00;1899/12/30 00:00:00+00;REGION METROPOLITANA;SANTIAGO;OTRO TIPO;OTRO TIPO;URBANA;OTROS NO CONSIDERADOS;OTRAS CAUSAS;OTRAS CAUSAS;STO DOMINGO;MORANDE;MORANDE - STO DOMINGO;0;;;BIDIRECCIONAL;ASFALTO;BUENO;SECO;DESPEJADO;0;0;0;0
-7862681,427;-3948508,026;9228;2024;1621852;-33,399922;-70,631669;1;2024/06/29 00:00:00+00;1899/12/30 00:00:00+00;REGION METROPOLITANA;RECOLETA;COLISION LATERAL;COLISION;URBANA;CRUCE CON SEMAFORO FUNCIONANDO;DESOBEDIENCIA A SENALIZACION;SENALIZACION DESOBEDECER LUZ ROJA DE SEMAFORO;DORSAL;VILLA ALEMANA;DORSAL - VILLA ALEMANA;0;;;BIDIRECCIONAL CON BANDEJON;ASFALTO;BUENO;SECO;NUBLADO;0;0;1;0
-7854458,367;-3948286,416;9229;2024;1621854;-33,39826;-70,5578;1;2024/06/11 00:00:00+00;1899/12/30 00:00:00+00;REGION METROPOLITANA;LAS CONDES;COLISION LATERAL;COLISION;URBANA;CRUCE CON SENAL CEDA EL PASO;IMPRUDENCIA DEL CONDUCTOR;CONDUCCION NO ATENTO CONDICIONES TRANSITO MOMENTO;GARCIA PICA;PERSEO;GARCIA PICA - PERSEO;0;;;BIDIRECCIONAL;CONCRETO;BUENO;SECO;NUBLADO;0;0;0;1
-7869281,671;-3952906,045;9230;2024;1621856;-33,432899;-70,69096;1;2024/06/17 00:00:00+00;1899/12/30 00:00:00+00;REGION METROPOLITANA;QUINTA NORMAL;COLISION FRONTAL;COLISION;URBANA;CRUCE CON SENAL PARE;IMPRUDENCIA DEL CONDUCTOR;CONDUCCION NO ATENTO CONDICIONES TRANSITO MOMENTO;VARGAS FONTECILLA;ALCERRECA;ALCERRECA - VARGAS FONTECILLA;0;;;UNIDIRECCIONAL;ASFALTO;REGULAR;SECO;DESPEJADO;0;0;0;0
-7862606,509;-3948086,543;9231;2024;1621857;-33,396761;-70,630996;1;2024/06/29 00:00:00+00;1899/12/30 00:00:00+00;REGION METROPOLITANA;RECOLETA;CHOQUE LADO/LADO;CHOQUE;URBANA;CRUCE CON SENAL PARE;ALCOHOL EN CONDUCTOR;CONDUCCION EN ESTADO DE EBRIEDAD;SAN JOSE;;- SAN JOSE;3210;;;UNIDIRECCIONAL;ASFALTO;BUENO;SECO;NUBLADO;0;0;0;0
-7868087,213;-3962017,742;9232;2024;1621859;-33,50118;-70,68023;1;2024/06/28 00:00:00+00;1899/12/30 00:00:00+00;REGION METROPOLITANA;PEDRO AGUIRRE CERDA;COLISION FRONTAL;COLISION;URBANA;TRAMO DE VIA RECTA;IMPRUDENCIA DEL CONDUCTOR;CONDUCCION NO ATENTO CONDICIONES TRANSITO MOMENTO;CAREN;CLOTARIO BLEST;CAREN - CLOTARIO BLEST;0;;;BIDIRECCIONAL;ASFALTO;BUENO;SECO;DESPEJADO;0;0;0;0
-7863435,505;-3952788,928;9233;2024;1621860;-33,432021;-70,638443;1;2024/06/29 00:00:00+00;1899/12/30 00:00:00+00;REGION METROPOLITANA;RECOLETA;CHOQUE FRENTE/POSTERIOR;CHOQUE;URBANA;CRUCE CON SENAL PARE;IMPRUDENCIA DEL CONDUCTOR;CONDUCCION NO ATENTO CONDICIONES TRANSITO MOMENTO;ANTONIA LOPEZ DE BELLO;PURISIMA;ANTONIA LOPEZ DE BELLO - PURISIMA;0;;;UNIDIRECCIONAL;ASFALTO;BUENO;SECO;NUBLADO;0;0;0;1
-7876661,374;-3963065,472;9234;2024;1621862;-33,509028;-70,757253;1;2024/06/24 00:00:00+00;1899/12/30 00:00:00+00;REGION METROPOLITANA;MAIPU;ATROPELLO;ATROPELLO;URBANA;CRUCE CON SEMAFORO FUNCIONANDO;DESOBEDIENCIA A SENALIZACION;SENALIZACION DESOBEDECER LUZ ROJA DE SEMAFORO;LOS PAJARITOS;CHACABUCO;CHACABUCO - LOS PAJARITOS;0;;;BIDIRECCIONAL CON BANDEJON;ASFALTO;BUENO;SECO;DESPEJADO;0;1;0;0
-7875608,429;-3960772,416;9235;2024;1621863;-33,491851;-70,747794;1;2024/06/24 00:00:00+00;1899/12/30 00:00:00+00;REGION METROPOLITANA;MAIPU;COLISION POR ALCANCE;COLISION;URBANA;CRUCE CON SENAL PARE;IMPRUDENCIA DEL CONDUCTOR;CONDUCCION SIN MANTENER DISTANCIA RAZONABLE NI PRUDENTE;AMERICO VESPUCIO;ALFONSO VIAL;ALFONSO VIAL - AMERICO VESPUCIO;0;;;BIDIRECCIONAL CON BANDEJON;ASFALTO;BUENO;SECO;DESPEJADO;0;0;1;0
-7869547,057;-3956452,003;9236;2024;1621864;-33,459478;-70,693344;1;2024/06/26 00:00:00+00;1899/12/30 00:00:00+00;REGION METROPOLITANA;ESTACION CENTRAL;COLISION LATERAL;COLISION;URBANA;TRAMO DE VIA RECTA;IMPRUDENCIA DEL CONDUCTOR;ADELANTAMIENTO SIN EL ESPACIO O TIEMPO SUFICIENTE;5 DE ABRIL;PLACILLA;5 DE ABRIL - PLACILLA;0;;;BIDIRECCIONAL;ASFALTO;BUENO;SECO;DESPEJADO;0;0;0;0
-7876646,791;-3965533,245;9237;2024;1621866;-33,52751;-70,757122;1;2024/06/24 00:00:00+00;1899/12/30 00:00:00+00;REGION METROPOLITANA;MAIPU;COLISION LATERAL;COLISION;URBANA;TRAMO DE VIA RECTA;IMPRUDENCIA DEL CONDUCTOR;CONDUCCION NO ATENTO CONDICIONES TRANSITO MOMENTO;LOS PAJARITOS;CAMINO A MELIPILLA;CAMINO A MELIPILLA - LOS PAJARITOS;0;;;BIDIRECCIONAL CON BANDEJON;ASFALTO;REGULAR;SECO;DESPEJADO;0;0;0;0
-7876693,545;-3961372,704;9238;2024;1621867;-33,496348;-70,757542;1;2024/06/24 00:00:00+00;1899/12/30 00:00:00+00;REGION METROPOLITANA;MAIPU;COLISION POR ALCANCE;COLISION;URBANA;TRAMO DE VIA RECTA;IMPRUDENCIA DEL CONDUCTOR;CONDUCCION SIN MANTENER DISTANCIA RAZONABLE NI PRUDENTE;LOS PAJARITOS;CRNEL SANTIAGO BUERAS;CRNEL SANTIAGO BUERAS - LOS PAJARITOS;0;;;BIDIRECCIONAL CON BANDEJON;ASFALTO;BUENO;SECO;DESPEJADO;0;0;0;0
-7875925,218;-3959358,527;9239;2024;1621868;-33,481258;-70,75064;1;2024/06/25 00:00:00+00;1899/12/30 00:00:00+00;REGION METROPOLITANA;MAIPU;COLISION FRONTAL;COLISION;URBANA;CRUCE CON SENAL CEDA EL PASO;DESOBEDIENCIA A SENALIZACION;SENALIZACION DESOBEDECER SENAL CEDA EL PASO;AMERICO VESPUCIO;;- AMERICO VESPUCIO;399;;;BIDIRECCIONAL CON BANDEJON;ASFALTO;BUENO;SECO;DESPEJADO;0;0;0;0
-7876662,264;-3963273,614;9240;2024;1621869;-33,510587;-70,757261;1;2024/06/25 00:00:00+00;1899/12/30 00:00:00+00;REGION METROPOLITANA;MAIPU;COLISION LATERAL;COLISION;URBANA;CRUCE CON SEMAFORO FUNCIONANDO;IMPRUDENCIA DEL CONDUCTOR;CONDUCCION NO ATENTO CONDICIONES TRANSITO MOMENTO;5 DE ABRIL;;- 5 DE ABRIL;261;;;UNIDIRECCIONAL;ASFALTO;BUENO;SECO;DESPEJADO;0;0;0;0
-7875870,449;-3957382,065;9241;2024;1621870;-33,466448;-70,750148;1;2024/06/25 00:00:00+00;1899/12/30 00:00:00+00;REGION METROPOLITANA;MAIPU;COLISION POR ALCANCE;COLISION;URBANA;TRAMO DE VIA RECTA;IMPRUDENCIA DEL CONDUCTOR;CONDUCCION SIN MANTENER DISTANCIA RAZONABLE NI PRUDENTE;MARTA OSSA RUIZ;;- MARTA OSSA RUIZ;880;;;BIDIRECCIONAL CON BANDEJON;ASFALTO;REGULAR;SECO;DESPEJADO;0;0;0;0
-7870842,259;-3957117,717;9242;2024;1621871;-33,464467;-70,704979;1;2024/06/19 00:00:00+00;1899/12/30 00:00:00+00;REGION METROPOLITANA;ESTACION CENTRAL;COLISION POR ALCANCE;COLISION;URBANA;TRAMO DE VIA RECTA;IMPRUDENCIA DEL CONDUCTOR;CONDUCCION SIN MANTENER DISTANCIA RAZONABLE NI PRUDENTE;LIBER BERNARDO O'HIGGINS;ECUADOR;ECUADOR - LIBER BERNARDO O'HIGGINS;0;;;BIDIRECCIONAL CON BANDEJON;ASFALTO;BUENO;SECO;DESPEJADO;0;0;0;0