ï»¿X;Y;FID;AÃ±o;IdAccident;Latitud;longitud;ClaseAccid;Fecha;Hora;RegiÃ³n;Comuna;Tipo_Accid;Tipo__CONA;Zona;UbicaciÃ³n;Causa__CON;Causa_Acci;Calle_Uno;Calle_Dos;Intersecci;NÃºmero;Ruta;Ubicaci_1;Calzada;Tipo_Calza;Estado_Cal;CondiciÃ³n;Estado_Atm;Fallecidos;Graves;Menos_Grav;Leves
-7876367,268;-3963300,183;9294;2024;1622068;-33,510786;-70,754611;1;2024/07/02 00:00:00+00;1899/12/30 00:00:00+00;REGION METROPOLITANA;MAIPU;COLISION FRONTAL;COLISION;URBANA;TRAMO DE VIA RECTA;IMPRUDENCIA DEL CONDUCTOR;ADELANTAMIENTO SIN EL ESPACIO O TIEMPO SUFICIENTE;ESQUINA BLANCA;CORREGIDOR ZANARTU;CORREGIDOR ZANARTU - ESQUINA BLANCA;0;;;BIDIRECCIONAL CON BANDEJON;ASFALTO;BUENO;SECO;DESPEJADO;0;0;0;0
-7870434,496;-3948941,393;9295;2024;1622071;-33,403172;-70,701316;1;2024/06/18 00:00:00+00;1899/12/30 00:00:00+00;REGION METROPOLITANA;RENCA;COLISION;COLISION;URBANA;TRAMO DE VIA RECTA;IMPRUDENCIA DEL CONDUCTOR;CONDUCCION NO ATENTO CONDICIONES TRANSITO MOMENTO;JOSE MANUEL BALMACEDA;;- JOSE MANUEL BALMACEDA;4071;;;UNIDIRECCIONAL;ASFALTO;BUENO;SECO;DESPEJADO;0;0;0;0
-7875826,589;-3960089,143;9296;2024;1622072;-33,486732;-70,749754;1;2024/07/02 00:00:00+00;1899/12/30 00:00:00+00;REGION METROPOLITANA;MAIPU;VOLCADURA;VOLCADURA;URBANA;ROTONDA;VELOCIDAD IMPRUDENTE;VELOCIDAD NO RAZONABLE NI PRUDENTE;LOS PAJARITOS;AMERICO VESPUCIO;AMERICO VESPUCIO - LOS PAJARITOS;0;;;BIDIRECCIONAL CON BANDEJON;ASFALTO;BUENO;SECO;DESPEJADO;0;0;0;0
-7878681,043;-3965140,786;9297;2024;1622080;-33,524571;-70,775396;1;2024/06/16 00:00:00+00;1899/12/30 00:00:00+00;REGION METROPOLITANA;MAIPU;COLISION FRONTAL;COLISION;URBANA;CRUCE CON SEMAFORO FUNCIONANDO;DESOBEDIENCIA A SENALIZACION;SENALIZACION DESOBEDECER LUZ ROJA DE SEMAFORO;EL OLIMPO;NVA SAN MARTIN;EL OLIMPO - NVA SAN MARTIN;0;;;BIDIRECCIONAL;ASFALTO;BUENO;SECO;DESPEJADO;0;0;0;0
-7876671,393;-3961811,625;9298;2024;1622082;-33,499636;-70,757343;1;2024/07/03 00:00:00+00;1899/12/30 00:00:00+00;REGION METROPOLITANA;MAIPU;COLISION LATERAL;COLISION;URBANA;TRAMO DE VIA RECTA;IMPRUDENCIA DEL CONDUCTOR;CONDUCCION NO ATENTO CONDICIONES TRANSITO MOMENTO;LOS PAJARITOS;ARGENTINA;ARGENTINA - LOS PAJARITOS;0;;;BIDIRECCIONAL CON BANDEJON;ASFALTO;BUENO;SECO;DESPEJADO;0;0;0;0
-7869698,896;-3949647,881;9299;2024;1622083;-33,40847;-70,694708;1;2024/06/21 00:00:00+00;1899/12/30 00:00:00+00;REGION METROPOLITANA;RENCA;CHOQUE;CHOQUE;URBANA;TRAMO DE VIA RECTA;IMPRUDENCIA DEL CONDUCTOR;CONDUCCION NO ATENTO CONDICIONES TRANSITO MOMENTO;DOMINGO SANTA MARIA;MAPOCHO;DOMINGO SANTA MARIA - MAPOCHO;0;;;UNIDIRECCIONAL;ASFALTO;REGULAR;SECO;DESPEJADO;0;0;0;0
-7875826,589;-3960089,143;9300;2024;1622086;-33,486732;-70,749754;1;2024/07/02 00:00:00+00;1899/12/30 00:00:00+00;REGION METROPOLITANA;MAIPU;COLISION POR ALCANCE;COLISION;URBANA;CRUCE CON SENAL CEDA EL PASO;IMPRUDENCIA DEL CONDUCTOR;CONDUCCION SIN MANTENER DISTANCIA RAZONABLE NI PRUDENTE;LOS PAJARITOS;AMERICO VESPUCIO;AMERICO VESPUCIO - LOS PAJARITOS;0;;;BIDIRECCIONAL CON BANDEJON;ASFALTO;BUENO;SECO;DESPEJADO;0;0;0;0
-7876101,214;-3961384,585;9301;2024;1622091;-33,496437;-70,752221;1;2024/07/03 00:00:00+00;1899/12/30 00:00:00+00;REGION METROPOLITANA;MAIPU;COLISION LATERAL;COLISION;URBANA;TRAMO DE VIA RECTA;IMPRUDENCIA DEL CONDUCTOR;VIRAJES INDEBIDOS;RAFAEL RIESCO BERNALES;;- RAFAEL RIESCO BERNALES;397;;;BIDIRECCIONAL;ASFALTO;BUENO;SECO;DESPEJADO;0;0;0;1
-7873313,106;-3947846,141;9302;2024;1622094;-33,394958;-70,727175;1;2024/06/23 00:00:00+00;1899/12/30 00:00:00+00;REGION METROPOLITANA;RENCA;CHOQUE;CHOQUE;URBANA;TRAMO DE VIA RECTA;IMPRUDENCIA DEL CONDUCTOR;CONDUCCION NO ATENTO CONDICIONES TRANSITO MOMENTO;RAFAEL NEGRETE;PUCON;PUCON - RAFAEL NEGRETE;0;;;UNIDIRECCIONAL;ASFALTO;REGULAR;SECO;DESPEJADO;0;0;0;0
-7874967,982;-3997313,913;9303;2024;1622097;-33,765173;-70,742041;1;2024/06/25 00:00:00+00;1899/12/30 00:00:00+00;REGION METROPOLITANA;BUIN;COLISION LATERAL;COLISION;URBANA;CRUCE CON SENAL CEDA EL PASO;DESOBEDIENCIA A SENALIZACION;SENALIZACION DESOBEDECER SENAL CEDA EL PASO;HERMANOS CARRERA;CALETERA PONIENTE;CALETERA PONIENTE - HERMANOS CARRERA;0;;;UNIDIRECCIONAL;ASFALTO;BUENO;SECO;DESPEJADO;0;0;0;0
-7874722,3;-3990336,023;9304;2024;1622102;-33,713047;-70,739834;1;2024/06/12 00:00:00+00;1899/12/30 00:00:00+00;REGION METROPOLITANA;BUIN;CHOQUE FRENTE/POSTERIOR;CHOQUE;URBANA;TRAMO DE VIA RECTA;IMPRUDENCIA DEL CONDUCTOR;CONDUCCION NO ATENTO CONDICIONES TRANSITO MOMENTO;PASAJE CUATRO;;- PASAJE CUATRO;66;;;UNIDIRECCIONAL;ASFALTO;BUENO;SECO;DESPEJADO;0;0;0;0
-7878384,154;-3991626,973;9305;2024;1622106;-33,722693;-70,772729;1;2024/06/15 00:00:00+00;1899/12/30 00:00:00+00;REGION METROPOLITANA;BUIN;COLISION LATERAL;COLISION;URBANA;CRUCE CON SENAL PARE;DESOBEDIENCIA A SENALIZACION;SENALIZACION DESOBEDECER SENAL CEDA EL PASO;MARIA ELENA SOTO;JOSE BARRIENTOS;JOSE BARRIENTOS - MARIA ELENA SOTO;0;;;UNIDIRECCIONAL;ASFALTO;BUENO;SECO;DESPEJADO;0;0;0;0
-7874907,313;-3991694,429;9306;2024;1622107;-33,723197;-70,741496;1;2024/06/29 00:00:00+00;1899/12/30 00:00:00+00;REGION METROPOLITANA;BUIN;ATROPELLO;ATROPELLO;URBANA;CRUCE CON SENAL PARE;IMPRUDENCIA DEL CONDUCTOR;CONDUCCION NO ATENTO CONDICIONES TRANSITO MOMENTO;JOSE MANUEL BALMACEDA;PRESIDENTE FEDERICO ERRAZURIZ;JOSE MANUEL BALMACEDA - PRESIDENTE FEDERICO ERRAZURIZ;0;;;UNIDIRECCIONAL;ASFALTO;BUENO;SECO;DESPEJADO;0;0;1;0
-7874157,91;-3992843,378;9307;2024;1622109;-33,731781;-70,734764;1;2024/07/01 00:00:00+00;1899/12/30 00:00:00+00;REGION METROPOLITANA;BUIN;COLISION LATERAL;COLISION;URBANA;TRAMO DE VIA RECTA;IMPRUDENCIA DEL CONDUCTOR;CONDUCCION CAMBIAR SORPRESIVAMENTE PISTA CIRCULACION;SAN MARTIN;;- SAN MARTIN;174;;;BIDIRECCIONAL;ASFALTO;BUENO;SECO;DESPEJADO;0;0;0;0
-7865074,796;-3951257,843;9308;2024;1622110;-33,420542;-70,653169;1;2024/06/25 00:00:00+00;1899/12/30 00:00:00+00;REGION METROPOLITANA;INDEPENDENCIA;COLISION LATERAL;COLISION;URBANA;TRAMO DE VIA RECTA;IMPRUDENCIA DEL CONDUCTOR;CONDUCCION CAMBIAR SORPRESIVAMENTE PISTA CIRCULACION;INDEPENDENCIA;GAMERO;GAMERO - INDEPENDENCIA;0;;;BIDIRECCIONAL;CONCRETO;BUENO;SECO;NUBLADO;0;0;1;0
-7877421,686;-3954125,975;9309;2024;1622111;-33,442044;-70,764083;1;2024/05/17 00:00:00+00;1899/12/30 00:00:00+00;REGION METROPOLITANA;PUDAHUEL;COLISION LATERAL;COLISION;URBANA;TRAMO DE VIA RECTA;IMPRUDENCIA DEL CONDUCTOR;VIRAJES INDEBIDOS;SALAR DE ATACAMA;EL RETIRO PARQUE LOS MAITENES;EL RETIRO PARQUE LOS MAITENES - SALAR DE ATACAMA;0;;;BIDIRECCIONAL;ASFALTO;BUENO;SECO;DESPEJADO;0;1;0;0
-7874364,853;-3992545,689;9310;2024;1622113;-33,729557;-70,736623;1;2024/06/30 00:00:00+00;1899/12/30 00:00:00+00;REGION METROPOLITANA;BUIN;VOLCADURA;VOLCADURA;URBANA;CRUCE CON SENAL PARE;ALCOHOL EN CONDUCTOR;CONDUCCION EN ESTADO DE EBRIEDAD;MAIPU;BERNARDO O'HIGGINS;BERNARDO O'HIGGINS - MAIPU;0;;;UNIDIRECCIONAL;ASFALTO;BUENO;SECO;DESPEJADO;0;1;0;0
-7861371,753;-3957362,315;9311;2024;1622118;-33,4663;-70,619904;1;2024/06/28 00:00:00+00;1899/12/30 00:00:00+00;REGION METROPOLITANA;NUNOA;COLISION POR ALCANCE;COLISION;URBANA;TRAMO DE VIA RECTA;IMPRUDENCIA DEL CONDUCTOR;CONDUCCION NO ATENTO CONDICIONES TRANSITO MOMENTO;CARLOS DITTBORN;OBPO ORREGO;CARLOS DITTBORN - OBPO ORREGO;0;;;BIDIRECCIONAL;ASFALTO;BUENO;SECO;DESPEJADO;0;0;0;0
-7870447,52;-3956991,083;9312;2024;1622125;-33,463518;-70,701433;1;2024/07/01 00:00:00+00;1899/12/30 00:00:00+00;REGION METROPOLITANA;ESTACION CENTRAL;COLISION POR ALCANCE;COLISION;URBANA;OTROS NO CONSIDERADOS;IMPRUDENCIA DEL CONDUCTOR;CONDUCCION NO ATENTO CONDICIONES TRANSITO MOMENTO;GRAL VELASQUEZ;5 DE ABRIL;5 DE ABRIL - GRAL VELASQUEZ;0;;;BIDIRECCIONAL;ASFALTO;BUENO;SECO;DESPEJADO;0;0;0;0
-7862606,62;-3954099,561;9313;2024;1622147;-33,441846;-70,630997;1;2024/07/03 00:00:00+00;1899/12/30 00:00:00+00;REGION METROPOLITANA;PROVIDENCIA;CHOQUE LATERAL;CHOQUE;URBANA;OTROS NO CONSIDERADOS;IMPRUDENCIA DEL CONDUCTOR;CONDUCCION NO ATENTO CONDICIONES TRANSITO MOMENTO;GRAL BUSTAMANTE;;- GRAL BUSTAMANTE;126;;;UNIDIRECCIONAL;ASFALTO;BUENO;SECO;DESPEJADO;0;0;0;0
-7856284,564;-3966534,418;9314;2024;1622153;-33,535007;-70,574205;1;2024/07/04 00:00:00+00;1899/12/30 00:00:00+00;REGION METROPOLITANA;LA FLORIDA;COLISION LATERAL;COLISION;URBANA;TRAMO DE VIA RECTA;DESOBEDIENCIA A SENALIZACION;SENALIZACION DESOBEDECER SENAL PARE;LA FLORIDA;;- LA FLORIDA;9089;;;BIDIRECCIONAL CON BANDEJON;ASFALTO;BUENO;SECO;DESPEJADO;0;0;0;0
-7868672,976;-3948960,594;9315;2024;1622155;-33,403316;-70,685492;1;2024/06/26 00:00:00+00;1899/12/30 00:00:00+00;REGION METROPOLITANA;RENCA;COLISION LATERAL;COLISION;URBANA;CRUCE CON SENAL CEDA EL PASO;IMPRUDENCIA DEL CONDUCTOR;ADELANTAMIENTO SIN EL ESPACIO O TIEMPO SUFICIENTE;DORSAL;LAS ACACIAS;DORSAL - LAS ACACIAS;0;;;BIDIRECCIONAL;CONCRETO;BUENO;SECO;NUBLADO;0;0;0;0
-7864605,696;-3969706,774;9316;2024;1622161;-33,558758;-70,648955;1;2024/07/04 00:00:00+00;1899/12/30 00:00:00+00;REGION METROPOLITANA;LA PINTANA;CHOQUE FRENTE/POSTERIOR;CHOQUE;URBANA;CRUCE CON SEMAFORO FUNCIONANDO;IMPRUDENCIA DEL CONDUCTOR;CONDUCCION NO ATENTO CONDICIONES TRANSITO MOMENTO;SAN FRANCISCO;CELANOVA;CELANOVA - SAN FRANCISCO;0;;;BIDIRECCIONAL CON BANDEJON;ASFALTO;BUENO;SECO;DESPEJADO;0;0;0;0
-7874336,466;-4003066,774;9317;2024;1622162;-33,808124;-70,736368;1;2024/07/04 00:00:00+00;1899/12/30 00:00:00+00;REGION METROPOLITANA;PAINE;CHOQUE FRONTAL;CHOQUE;RURAL;TRAMO DE VIA RECTA;IMPRUDENCIA DEL CONDUCTOR;CONDUCCION NO ATENTO CONDICIONES TRANSITO MOMENTO;CAMINO CULITRIN;;- CAMINO CULITRIN;9;;;BIDIRECCIONAL;ASFALTO;BUENO;SECO;DESPEJADO;0;0;0;0
-7882051,686;-3962880,163;9318;2024;1622164;-33,50764;-70,805675;1;2024/07/04 00:00:00+00;1899/12/30 00:00:00+00;REGION METROPOLITANA;MAIPU;COLISION POR ALCANCE;COLISION;URBANA;TRAMO DE VIA RECTA;IMPRUDENCIA DEL CONDUCTOR;CONDUCCION NO ATENTO CONDICIONES TRANSITO MOMENTO;AUTOPISTA EL SOL;CAMINO A RINCONADA;AUTOPISTA EL SOL - CAMINO A RINCONADA;0;;;BIDIRECCIONAL;ASFALTO;BUENO;SECO;DESPEJADO;0;0;0;0
-7872796,806;-3948216,68;9319;2024;1622167;-33,397737;-70,722537;1;2024/06/23 00:00:00+00;1899/12/30 00:00:00+00;REGION METROPOLITANA;RENCA;COLISION;COLISION;URBANA;TRAMO DE VIA RECTA;IMPRUDENCIA DEL CONDUCTOR;CONDUCCION NO ATENTO CONDICIONES TRANSITO MOMENTO;MANUEL RODRIGUEZ;RIO RAHUE;MANUEL RODRIGUEZ - RIO RAHUE;0;;;UNIDIRECCIONAL;ASFALTO;REGULAR;SECO;DESPEJADO;0;0;0;1
-7868537,277;-3950908,812;9320;2024;1622169;-33,417925;-70,684273;1;2024/06/30 00:00:00+00;1899/12/30 00:00:00+00;REGION METROPOLITANA;RENCA;COLISION LATERAL;COLISION;URBANA;TRAMO DE VIA RECTA;IMPRUDENCIA DEL CONDUCTOR;CONDUCCION NO ATENTO CONDICIONES TRANSITO MOMENTO;JORGE HIRMAS;;- JORGE HIRMAS;2814;;;UNIDIRECCIONAL;ASFALTO;REGULAR;SECO;DESPEJADO;0;0;0;0
-7869366,83;-3947171,094;9321;2024;1622170;-33,389895;-70,691725;1;2024/07/03 00:00:00+00;1899/12/30 00:00:00+00;REGION METROPOLITANA;RENCA;CHOQUE;CHOQUE;URBANA;TRAMO DE VIA RECTA;IMPRUDENCIA DEL CONDUCTOR;CONDUCCION NO ATENTO CONDICIONES TRANSITO MOMENTO;CAMINO LO RUIZ;;- CAMINO LO RUIZ;4600;;;UNIDIRECCIONAL;ASFALTO;REGULAR;SECO;DESPEJADO;0;0;0;0
-7854768,281;-3957248,889;9322;2024;1622185;-33,46545;-70,560584;1;2024/07/02 00:00:00+00;1899/12/30 00:00:00+00;REGION METROPOLITANA;PENALOLEN;CHOQUE POSTERIOR/FRENTE;CHOQUE;URBANA;TRAMO DE VIA RECTA;IMPRUDENCIA DEL CONDUCTOR;CONDUCIR VEHICULO EN RETROCESO;ICTINOS;;- ICTINOS;1069;;;BIDIRECCIONAL;CONCRETO;BUENO;SECO;DESPEJADO;0;0;0;0
-7870447,52;-3956991,083;9323;2024;1622190;-33,463518;-70,701433;1;2024/07/01 00:00:00+00;1899/12/30 00:00:00+00;REGION METROPOLITANA;ESTACION CENTRAL;COLISION POR ALCANCE;COLISION;URBANA;TRAMO DE VIA RECTA;IMPRUDENCIA DEL CONDUCTOR;CONDUCCION NO ATENTO CONDICIONES TRANSITO MOMENTO;GRAL VELASQUEZ;5 DE ABRIL;5 DE ABRIL - GRAL VELASQUEZ;0;;;BIDIRECCIONAL;ASFALTO;BUENO;SECO;DESPEJADO;0;0;0;0
-7854157,805;-3958303,66;9324;2024;1622194;-33,473354;-70,5551;1;2024/07/02 00:00:00+00;1899/12/30 00:00:00+00;REGION METROPOLITANA;PENALOLEN;COLISION FRONTAL;COLISION;URBANA;ROTONDA;ALCOHOL EN CONDUCTOR;CONDUCCION EN ESTADO DE EBRIEDAD;GRECIA;GRECIA;GRECIA - GRECIA;0;;;UNIDIRECCIONAL;CONCRETO;BUENO;SECO;DESPEJADO;0;0;0;1
-7866390,704;-3971745,605;9325;2024;1622209;-33,574019;-70,66499;1;2024/07/03 00:00:00+00;1899/12/30 00:00:00+00;REGION METROPOLITANA;EL BOSQUE;ATROPELLO;ATROPELLO;URBANA;TRAMO DE VIA RECTA;IMPRUDENCIA DEL CONDUCTOR;NO RESPETAR DERECHO PREFERENTE DE PASO A PEATON;LO MARTINEZ;;- LO MARTINEZ;923;;;BIDIRECCIONAL;CONCRETO;BUENO;SECO;DESPEJADO;0;0;1;0
-7871426,733;-3952161,447;9326;2024;1622213;-33,427317;-70,710229;1;2024/07/04 00:00:00+00;1899/12/30 00:00:00+00;REGION METROPOLITANA;QUINTA NORMAL;CHOQUE FRONTAL;CHOQUE;URBANA;ACERA O BERMA;ALCOHOL EN CONDUCTOR;CONDUCCION EN ESTADO DE EBRIEDAD;MAPOCHO;JUANA QUINEL;JUANA QUINEL - MAPOCHO;0;;;BIDIRECCIONAL;ASFALTO;BUENO;SECO;DESPEJADO;0;0;0;0
-7852709,761;-3975027,248;9327;2024;1622214;-33,598577;-70,542092;1;2024/07/04 00:00:00+00;1899/12/30 00:00:00+00;REGION METROPOLITANA;PUENTE ALTO;CHOQUE FRENTE/FRENTE;CHOQUE;URBANA;CRUCE CON SENAL PARE;IMPRUDENCIA DEL CONDUCTOR;CONDUCCION NO ATENTO CONDICIONES TRANSITO MOMENTO;TRONCAL LAS TORRES;NVA TOBALABA;NVA TOBALABA - TRONCAL LAS TORRES;0;;;BIDIRECCIONAL CON BANDEJON;ASFALTO;BUENO;SECO;DESPEJADO;0;0;0;0
-7866897,207;-3948253,081;9328;2024;1622220;-33,39801;-70,66954;1;2024/06/30 00:00:00+00;1899/12/30 00:00:00+00;REGION METROPOLITANA;CONCHALI;COLISION POR ALCANCE;COLISION;URBANA;CRUCE CON SEMAFORO FUNCIONANDO;IMPRUDENCIA DEL CONDUCTOR;CONDUCCION SIN MANTENER DISTANCIA RAZONABLE NI PRUDENTE;DORSAL;INDEPENDENCIA;DORSAL - INDEPENDENCIA;0;;;BIDIRECCIONAL;CONCRETO;BUENO;SECO;NUBLADO;0;0;0;0
-7866021,012;-3950052,217;9329;2024;1622233;-33,411502;-70,661669;1;2024/06/30 00:00:00+00;1899/12/30 00:00:00+00;REGION METROPOLITANA;INDEPENDENCIA;COLISION PERPENDICULAR;COLISION;URBANA;TRAMO DE VIA RECTA;ALCOHOL EN CONDUCTOR;CONDUCCION EN ESTADO DE EBRIEDAD;MARURI;FRANCIA;FRANCIA - MARURI;0;;;UNIDIRECCIONAL;ASFALTO;BUENO;SECO;DESPEJADO;0;0;0;0
-7855855,42;-3948591,541;9330;2024;1622251;-33,400548;-70,57035;1;2024/06/19 00:00:00+00;1899/12/30 00:00:00+00;REGION METROPOLITANA;LAS CONDES;CHOQUE LADO/FRENTE;CHOQUE;URBANA;CRUCE CON SEMAFORO FUNCIONANDO;OTRAS CAUSAS;HECHO DELICTUAL;MANQUEHUE NORTE;CERRO COLORADO;CERRO COLORADO - MANQUEHUE NORTE;0;;;BIDIRECCIONAL CON BANDEJON;ASFALTO;BUENO;SECO;DESPEJADO;0;0;0;0
-7863331,867;-3944111,41;9331;2024;1622254;-33,366943;-70,637512;1;2024/06/13 00:00:00+00;1899/12/30 00:00:00+00;REGION METROPOLITANA;HUECHURABA;COLISION;COLISION;URBANA;TRAMO DE VIA RECTA;IMPRUDENCIA DEL CONDUCTOR;CONDUCCION NO ATENTO CONDICIONES TRANSITO MOMENTO;DEL PINCOY;;- DEL PINCOY;1041;;;BIDIRECCIONAL;ASFALTO;BUENO;SECO;DESPEJADO;0;0;0;0
-7864994,312;-3945556,101;9332;2024;1622255;-33,377781;-70,652446;1;2024/05/31 00:00:00+00;1899/12/30 00:00:00+00;REGION METROPOLITANA;HUECHURABA;COLISION;COLISION;URBANA;TRAMO DE VIA RECTA;IMPRUDENCIA DEL CONDUCTOR;CONDUCCION NO ATENTO CONDICIONES TRANSITO MOMENTO;AMERICO VESPUCIO;EL ROSAL;AMERICO VESPUCIO - EL ROSAL;0;;;BIDIRECCIONAL;ASFALTO;BUENO;SECO;DESPEJADO;0;0;0;0
-7857458,746;-3950320,859;9333;2024;1622256;-33,413516;-70,584753;1;2024/06/20 00:00:00+00;1899/12/30 00:00:00+00;REGION METROPOLITANA;LAS CONDES;COLISION;COLISION;URBANA;CRUCE CON SENAL CEDA EL PASO;IMPRUDENCIA DEL CONDUCTOR;CONDUCCION NO ATENTO CONDICIONES TRANSITO MOMENTO;AMERICO VESPUCIO NORTE;LOS MILITARES;AMERICO VESPUCIO NORTE - LOS MILITARES;0;;;BIDIRECCIONAL CON BANDEJON;ASFALTO;BUENO;SECO;DESPEJADO;0;0;0;1
-7852975,258;-3947217,625;9334;2024;1622257;-33,390244;-70,544477;1;2024/06/21 00:00:00+00;1899/12/30 00:00:00+00;REGION METROPOLITANA;LAS CONDES;ATROPELLO;ATROPELLO;URBANA;OTROS NO CONSIDERADOS;IMPRUDENCIA DEL CONDUCTOR;NO RESPETAR DERECHO PREFERENTE DE PASO A PEATON;GILBERTO FUENZALIDA;;- GILBERTO FUENZALIDA;201;;;BIDIRECCIONAL;CONCRETO;BUENO;MOJADO;NUBLADO;0;1;0;0
-7876291,348;-3959161,8;9335;2024;1622269;-33,479784;-70,753929;1;2024/07/04 00:00:00+00;1899/12/30 00:00:00+00;REGION METROPOLITANA;MAIPU;ATROPELLO;ATROPELLO;URBANA;OTROS NO CONSIDERADOS;IMPRUDENCIA DEL CONDUCTOR;CONDUCCION NO ATENTO CONDICIONES TRANSITO MOMENTO;AMERICO VESPUCIO;;- AMERICO VESPUCIO;1011;;;BIDIRECCIONAL CON BANDEJON;ASFALTO;BUENO;SECO;DESPEJADO;0;0;0;1
-7877176,56;-3962341,209;9336;2024;1622273;-33,503603;-70,761881;1;2024/07/04 00:00:00+00;1899/12/30 00:00:00+00;REGION METROPOLITANA;MAIPU;VOLCADURA;VOLCADURA;URBANA;CRUCE CON SENAL PARE;DESOBEDIENCIA A SENALIZACION;SENALIZACION DESOBEDECER SENAL PARE;CHILE;HNOS CARRERA;CHILE - HNOS CARRERA;0;;;BIDIRECCIONAL;ASFALTO;BUENO;SECO;DESPEJADO;0;0;0;1
-7878681,043;-3965140,786;9337;2024;1622274;-33,524571;-70,775396;1;2024/07/04 00:00:00+00;1899/12/30 00:00:00+00;REGION METROPOLITANA;MAIPU;COLISION LATERAL;COLISION;URBANA;CRUCE CON SEMAFORO FUNCIONANDO;IMPRUDENCIA DEL CONDUCTOR;CONDUCCION NO ATENTO CONDICIONES TRANSITO MOMENTO;EL OLIMPO;NVA SAN MARTIN;EL OLIMPO - NVA SAN MARTIN;0;;;BIDIRECCIONAL;ASFALTO;BUENO;SECO;DESPEJADO;0;0;0;0
-7875028,317;-3959729,301;9338;2024;1622275;-33,484036;-70,742583;1;2024/06/09 00:00:00+00;1899/12/30 00:00:00+00;REGION METROPOLITANA;MAIPU;COLISION LATERAL;COLISION;URBANA;CRUCE CON SENAL PARE;IMPRUDENCIA DEL CONDUCTOR;CONDUCCION NO ATENTO CONDICIONES TRANSITO MOMENTO;SEGUNDA TRANSVERSAL;PROVIDENCIA;PROVIDENCIA - SEGUNDA TRANSVERSAL;0;;;BIDIRECCIONAL;ASFALTO;BUENO;SECO;DESPEJADO;0;0;0;0
-7876051,788;-3959195,833;9339;2024;1622276;-33,480039;-70,751777;1;2024/07/04 00:00:00+00;1899/12/30 00:00:00+00;REGION METROPOLITANA;MAIPU;CHOQUE FRENTE/POSTERIOR;CHOQUE;URBANA;OTROS NO CONSIDERADOS;IMPRUDENCIA DEL CONDUCTOR;CONDUCCION NO ATENTO CONDICIONES TRANSITO MOMENTO;AMERICO VESPUCIO;;- AMERICO VESPUCIO;1001;;;BIDIRECCIONAL CON BANDEJON;ASFALTO;BUENO;SECO;DESPEJADO;0;0;0;0
-7875826,589;-3960089,143;9340;2024;1622277;-33,486732;-70,749754;1;2024/07/05 00:00:00+00;1899/12/30 00:00:00+00;REGION METROPOLITANA;MAIPU;COLISION POR ALCANCE;COLISION;URBANA;TRAMO DE VIA RECTA;IMPRUDENCIA DEL CONDUCTOR;CONDUCCION NO ATENTO CONDICIONES TRANSITO MOMENTO;LOS PAJARITOS;AMERICO VESPUCIO;AMERICO VESPUCIO - LOS PAJARITOS;0;;;BIDIRECCIONAL CON BANDEJON;ASFALTO;BUENO;SECO;DESPEJADO;0;0;0;0
-7875727,626;-3958483,29;9341;2024;1622278;-33,4747;-70,748865;1;2024/07/05 00:00:00+00;1899/12/30 00:00:00+00;REGION METROPOLITANA;MAIPU;COLISION LATERAL;COLISION;URBANA;TRAMO DE VIA RECTA;IMPRUDENCIA DEL CONDUCTOR;CONDUCCION NO ATENTO CONDICIONES TRANSITO MOMENTO;LONGITUDINAL;ARQTO HUGO BRAVO;ARQTO HUGO BRAVO - LONGITUDINAL;0;;;BIDIRECCIONAL;ASFALTO;BUENO;SECO;DESPEJADO;0;0;0;0
-7875041,453;-3931701,383;9342;2024;1622279;-33,273788;-70,742701;1;2024/07/05 00:00:00+00;1899/12/30 00:00:00+00;REGION METROPOLITANA;LAMPA;COLISION LATERAL;COLISION;URBANA;TRAMO DE VIA RECTA;IMPRUDENCIA DEL CONDUCTOR;CONDUCCION NO ATENTO CONDICIONES TRANSITO MOMENTO;LO PINTO;PDTE EDUARDO FREI MONTALVA;LO PINTO - PDTE EDUARDO FREI MONTALVA;0;;;UNIDIRECCIONAL;ASFALTO;BUENO;SECO;DESPEJADO;0;0;0;0
-7890092,961;-3933847,394;9343;2024;1622280;-33,289904;-70,877911;1;2024/07/05 00:00:00+00;1899/12/30 00:00:00+00;REGION METROPOLITANA;LAMPA;COLISION FRONTAL;COLISION;URBANA;TRAMO DE VIA RECTA;ALCOHOL EN CONDUCTOR;CONDUCCION EN ESTADO DE EBRIEDAD;IGNACIO SERRANO;LLAIMA;IGNACIO SERRANO - LLAIMA;0;;;BIDIRECCIONAL;ASFALTO;BUENO;SECO;DESPEJADO;0;0;0;0
-7866700,395;-3973299,986;9344;2024;1622282;-33,585652;-70,667772;1;2024/07/03 00:00:00+00;1899/12/30 00:00:00+00;REGION METROPOLITANA;SAN BERNARDO;CHOQUE LADO/LADO;CHOQUE;URBANA;CRUCE CON SENAL PARE;IMPRUDENCIA DEL CONDUCTOR;CONDUCCION NO ATENTO CONDICIONES TRANSITO MOMENTO;OJOS DEL SALADO;CERRO SAN CRISTOBAL;CERRO SAN CRISTOBAL - OJOS DEL SALADO;0;;;BIDIRECCIONAL;CONCRETO;BUENO;SECO;DESPEJADO;0;0;0;0
-7871530,881;-3976755,971;9345;2024;1622283;-33,611511;-70,711165;1;2024/07/04 00:00:00+00;1899/12/30 00:00:00+00;REGION METROPOLITANA;SAN BERNARDO;VOLCADURA;VOLCADURA;URBANA;CRUCE CON SENAL PARE;VELOCIDAD IMPRUDENTE;VELOCIDAD NO RAZONABLE NI PRUDENTE;CENTRAL;LOS ALERCES;CENTRAL - LOS ALERCES;0;;;BIDIRECCIONAL;CONCRETO;BUENO;SECO;DESPEJADO;0;0;0;0