ï»¿X;Y;FID;AÃ±o;IdAccident;Latitud;longitud;ClaseAccid;Fecha;Hora;RegiÃ³n;Comuna;Tipo_Accid;Tipo__CONA;Zona;UbicaciÃ³n;Causa__CON;Causa_Acci;Calle_Uno;Calle_Dos;Intersecci;NÃºmero;Ruta;Ubicaci_1;Calzada;Tipo_Calza;Estado_Cal;CondiciÃ³n;Estado_Atm;Fallecidos;Graves;Menos_Grav;Leves
-7855789,192;-3948821,115;9346;2024;1622284;-33,40227;-70,569755;1;2024/06/21 00:00:00+00;1899/12/30 00:00:00+00;REGION METROPOLITANA;LAS CONDES;ATROPELLO;ATROPELLO;URBANA;CRUCE CON SEMAFORO FUNCIONANDO;IMPRUDENCIA DEL CONDUCTOR;CONDUCCION NO ATENTO CONDICIONES TRANSITO MOMENTO;PDTE RIESCO;MANQUEHUE NORTE;MANQUEHUE NORTE - PDTE RIESCO;0;;;UNIDIRECCIONAL;CONCRETO;BUENO;MOJADO;LLUVIA;0;0;0;1
-7869731,624;-3980934,367;9347;2024;1622286;-33,642765;-70,695002;1;2024/07/04 00:00:00+00;1899/12/30 00:00:00+00;REGION METROPOLITANA;SAN BERNARDO;CHOQUE LADO/LADO;CHOQUE;URBANA;TRAMO DE VIA RECTA;IMPRUDENCIA DEL CONDUCTOR;CONDUCCION NO ATENTO CONDICIONES TRANSITO MOMENTO;LAS PARCELAS;;- LAS PARCELAS;5524;;;BIDIRECCIONAL;CONCRETO;BUENO;SECO;DESPEJADO;0;0;0;1
-7856560,302;-3951958,737;9348;2024;1622287;-33,425797;-70,576682;1;2024/06/23 00:00:00+00;1899/12/30 00:00:00+00;REGION METROPOLITANA;LAS CONDES;CHOQUE FRENTE/FRENTE;CHOQUE;URBANA;ENLACE A DESNIVEL;IMPRUDENCIA DEL CONDUCTOR;CONDUCCION CONTRA SENTIDO DEL TRANSITO;AMERICO VESPUCIO SUR;ISABEL LA CATOLICA;AMERICO VESPUCIO SUR - ISABEL LA CATOLICA;0;;;UNIDIRECCIONAL;ASFALTO;BUENO;SECO;NUBLADO;0;0;0;0
-7870112,448;-3974893,066;9349;2024;1622288;-33,597573;-70,698423;1;2024/07/04 00:00:00+00;1899/12/30 00:00:00+00;REGION METROPOLITANA;SAN BERNARDO;COLISION LATERAL;COLISION;URBANA;CRUCE CON SENAL PARE;IMPRUDENCIA DEL CONDUCTOR;CONDUCCION NO ATENTO CONDICIONES TRANSITO MOMENTO;SAN MARTIN;SAN JOSE;SAN JOSE - SAN MARTIN;0;;;BIDIRECCIONAL;CONCRETO;BUENO;SECO;DESPEJADO;0;1;0;0
-7853391,815;-3947153,895;9350;2024;1622290;-33,389766;-70,548219;1;2024/03/06 00:00:00+00;1899/12/30 00:00:00+00;REGION METROPOLITANA;LAS CONDES;COLISION LATERAL;COLISION;URBANA;TRAMO DE VIA RECTA;IMPRUDENCIA DEL CONDUCTOR;CONDUCCION CAMBIAR SORPRESIVAMENTE PISTA CIRCULACION;PDTE KENNEDY;PADRE HURTADO NORTE;PADRE HURTADO NORTE - PDTE KENNEDY;0;;;UNIDIRECCIONAL;ASFALTO;BUENO;SECO;DESPEJADO;0;0;0;0
-7855912,757;-3955641,029;9351;2024;1622298;-33,4534;-70,570865;1;2024/07/03 00:00:00+00;1899/12/30 00:00:00+00;REGION METROPOLITANA;NUNOA;COLISION;COLISION;URBANA;CRUCE CON SEMAFORO FUNCIONANDO;IMPRUDENCIA DEL CONDUCTOR;CONDUCCION CAMBIAR SORPRESIVAMENTE PISTA CIRCULACION;OSSA;IRARRAZAVAL;IRARRAZAVAL - OSSA;0;;;BIDIRECCIONAL CON BANDEJON;CONCRETO;BUENO;SECO;DESPEJADO;0;0;0;0
-7858919,941;-3956247,052;9352;2024;1622301;-33,457942;-70,597879;1;2024/07/04 00:00:00+00;1899/12/30 00:00:00+00;REGION METROPOLITANA;NUNOA;COLISION;COLISION;URBANA;CRUCE CON SEMAFORO FUNCIONANDO;IMPRUDENCIA DEL CONDUCTOR;CONDUCCION NO ATENTO CONDICIONES TRANSITO MOMENTO;JOSE PEDRO ALESSANDRI;JOSE DOMINGO CANAS;JOSE DOMINGO CANAS - JOSE PEDRO ALESSANDRI;0;;;BIDIRECCIONAL CON BANDEJON;CONCRETO;BUENO;SECO;DESPEJADO;0;0;0;2
-7857028,623;-3973043,825;9353;2024;1622304;-33,583735;-70,580889;1;2024/07/03 00:00:00+00;1899/12/30 00:00:00+00;REGION METROPOLITANA;PUENTE ALTO;COLISION POR ALCANCE;COLISION;URBANA;CRUCE CON SEMAFORO FUNCIONANDO;IMPRUDENCIA DEL CONDUCTOR;CONDUCCION NO ATENTO CONDICIONES TRANSITO MOMENTO;CONCHA Y TORO;VOLCAN QUIZAPU;CONCHA Y TORO - VOLCAN QUIZAPU;0;;;BIDIRECCIONAL;CONCRETO;BUENO;SECO;DESPEJADO;0;0;0;1
-7857006,471;-3956626,934;9354;2024;1622305;-33,460789;-70,58069;1;2024/07/05 00:00:00+00;1899/12/30 00:00:00+00;REGION METROPOLITANA;NUNOA;COLISION;COLISION;URBANA;CRUCE CON SEMAFORO FUNCIONANDO;IMPRUDENCIA DEL CONDUCTOR;ADELANTAMIENTO SIN EL ESPACIO O TIEMPO SUFICIENTE;RAMON CRUZ;EDUARDO CASTILLO VELASCO;EDUARDO CASTILLO VELASCO - RAMON CRUZ;0;;;BIDIRECCIONAL;CONCRETO;BUENO;SECO;DESPEJADO;0;0;0;0
-7875091,546;-3938424,504;9355;2024;1622312;-33,324267;-70,743151;1;2024/07/06 00:00:00+00;1899/12/30 00:00:00+00;REGION METROPOLITANA;LAMPA;COLISION POR ALCANCE;COLISION;URBANA;CRUCE CON SENAL PARE;IMPRUDENCIA DEL CONDUCTOR;CONDUCCION NO ATENTO CONDICIONES TRANSITO MOMENTO;LA MONTANA SUR;STA ELISA;LA MONTANA SUR - STA ELISA;0;;;UNIDIRECCIONAL;ASFALTO;BUENO;SECO;DESPEJADO;0;0;0;0
-7889236,246;-3932855,967;9356;2024;1622313;-33,282459;-70,870215;1;2024/07/06 00:00:00+00;1899/12/30 00:00:00+00;REGION METROPOLITANA;LAMPA;COLISION POR ALCANCE;COLISION;URBANA;TRAMO DE VIA RECTA;IMPRUDENCIA DEL CONDUCTOR;CONDUCCION NO ATENTO CONDICIONES TRANSITO MOMENTO;PEDRO AGUIRRE CERDA;;- PEDRO AGUIRRE CERDA;0;;;BIDIRECCIONAL;ASFALTO;BUENO;SECO;DESPEJADO;0;0;0;0
-7878889,545;-3924772,962;9357;2024;1622314;-33,221737;-70,777269;1;2024/07/06 00:00:00+00;1899/12/30 00:00:00+00;REGION METROPOLITANA;LAMPA;CHOQUE FRONTAL;CHOQUE;RURAL;TRAMO DE VIA RECTA;DROGAS Y/O FATIGA EN CONDUCTOR;CONDICIONES FISICAS DEFICIENTES (CANSANCIO, SUENO);STA CAROLINA;;- STA CAROLINA;12;;;BIDIRECCIONAL;ASFALTO;BUENO;SECO;DESPEJADO;0;0;0;0
-7873853,896;-3960161,62;9358;2024;1622331;-33,487275;-70,732033;1;2024/07/06 00:00:00+00;1899/12/30 00:00:00+00;REGION METROPOLITANA;MAIPU;CHOQUE FRONTAL;CHOQUE;URBANA;TRAMO DE VIA RECTA;ALCOHOL EN CONDUCTOR;CONDUCCION EN ESTADO DE EBRIEDAD;LOS VENCEDORES;POLONIO;LOS VENCEDORES - POLONIO;0;;;UNIDIRECCIONAL;ASFALTO;BUENO;SECO;DESPEJADO;0;0;0;0
-7875826,589;-3960089,143;9359;2024;1622334;-33,486732;-70,749754;1;2024/07/05 00:00:00+00;1899/12/30 00:00:00+00;REGION METROPOLITANA;MAIPU;COLISION LATERAL;COLISION;URBANA;TRAMO DE VIA RECTA;IMPRUDENCIA DEL CONDUCTOR;CONDUCCION NO ATENTO CONDICIONES TRANSITO MOMENTO;AMERICO VESPUCIO;LOS PAJARITOS;AMERICO VESPUCIO - LOS PAJARITOS;0;;;BIDIRECCIONAL CON BANDEJON;ASFALTO;BUENO;SECO;DESPEJADO;0;0;0;0
-7875466,582;-3960982,789;9360;2024;1622335;-33,493427;-70,74652;1;2024/07/05 00:00:00+00;1899/12/30 00:00:00+00;REGION METROPOLITANA;MAIPU;COLISION FRONTAL;COLISION;URBANA;TRAMO DE VIA RECTA;IMPRUDENCIA DEL CONDUCTOR;CONDUCIR VEHICULO EN RETROCESO;PRIMO DE RIVERA;;- PRIMO DE RIVERA;920;;;BIDIRECCIONAL;ASFALTO;BUENO;SECO;DESPEJADO;0;0;0;0
-7870588,784;-3973259,764;9361;2024;1622349;-33,585351;-70,702702;1;2024/07/01 00:00:00+00;1899/12/30 00:00:00+00;REGION METROPOLITANA;SAN BERNARDO;COLISION LATERAL;COLISION;URBANA;CRUCE CON SENAL CEDA EL PASO;IMPRUDENCIA DEL CONDUCTOR;CONDUCCION NO ATENTO CONDICIONES TRANSITO MOMENTO;EYZAGUIRRE;BALMACEDA;BALMACEDA - EYZAGUIRRE;0;;;BIDIRECCIONAL;ASFALTO;BUENO;SECO;DESPEJADO;0;0;0;0
-7871253,25;-3974390,569;9362;2024;1622351;-33,593813;-70,708671;1;2024/07/01 00:00:00+00;1899/12/30 00:00:00+00;REGION METROPOLITANA;SAN BERNARDO;VOLCADURA;VOLCADURA;URBANA;CRUCE CON SENAL PARE;DESOBEDIENCIA A SENALIZACION;SENALIZACION DESOBEDECER SENAL PARE;MAIPU;COVADONGA;COVADONGA - MAIPU;0;;;BIDIRECCIONAL;ASFALTO;BUENO;SECO;DESPEJADO;0;0;0;0
-7854112,387;-3971292,278;9363;2024;1622353;-33,570626;-70,554692;1;2024/06/17 00:00:00+00;1899/12/30 00:00:00+00;REGION METROPOLITANA;PUENTE ALTO;COLISION LATERAL;COLISION;URBANA;TRAMO DE VIA RECTA;IMPRUDENCIA DEL CONDUCTOR;CONDUCCION NO ATENTO CONDICIONES TRANSITO MOMENTO;EL PERAL;CAMILO HENRIQUEZ;CAMILO HENRIQUEZ - EL PERAL;0;;;BIDIRECCIONAL;CONCRETO;BUENO;SECO;DESPEJADO;0;0;0;0
-7870808,752;-3973456,331;9364;2024;1622354;-33,586822;-70,704678;1;2024/07/02 00:00:00+00;1899/12/30 00:00:00+00;REGION METROPOLITANA;SAN BERNARDO;CHOQUE LADO/POSTERIOR;CHOQUE;URBANA;CRUCE CON SENAL PARE;DESOBEDIENCIA A SENALIZACION;SENALIZACION DESOBEDECER SENAL PARE;12 DE FEBRERO;URMENETA;12 DE FEBRERO - URMENETA;0;;;BIDIRECCIONAL;ASFALTO;BUENO;SECO;DESPEJADO;0;1;0;0
-7855567,332;-3959624,661;9365;2024;1622356;-33,483252;-70,567762;1;2024/07/04 00:00:00+00;1899/12/30 00:00:00+00;REGION METROPOLITANA;PENALOLEN;COLISION FRONTAL;COLISION;URBANA;CRUCE CON SENAL CEDA EL PASO;DESOBEDIENCIA A SENALIZACION;SENALIZACION DESOBEDECER SENAL CEDA EL PASO;CARACAS;LOS PRESIDENTES;CARACAS - LOS PRESIDENTES;0;;;BIDIRECCIONAL;CONCRETO;REGULAR;SECO;DESPEJADO;0;0;0;0
-7858790,254;-3973079,77;9366;2024;1622360;-33,584004;-70,596714;1;2024/06/26 00:00:00+00;1899/12/30 00:00:00+00;REGION METROPOLITANA;PUENTE ALTO;CHOQUE FRENTE/LADO;CHOQUE;URBANA;TRAMO DE VIA RECTA;IMPRUDENCIA DEL CONDUCTOR;CONDUCCION NO ATENTO CONDICIONES TRANSITO MOMENTO;LORENZO PLAZA DE LOS REYES;;- LORENZO PLAZA DE LOS REYES;1310;;;BIDIRECCIONAL;CONCRETO;BUENO;SECO;DESPEJADO;0;0;0;0
-7856517,444;-3953015,293;9367;2024;1622363;-33,433718;-70,576297;1;2024/04/10 00:00:00+00;1899/12/30 00:00:00+00;REGION METROPOLITANA;LA REINA;COLISION PERPENDICULAR;COLISION;URBANA;TRAMO DE VIA RECTA;IMPRUDENCIA DEL CONDUCTOR;CONDUCCION NO ATENTO CONDICIONES TRANSITO MOMENTO;LAS LUCIERNAGAS;PATRICIA ISIDORA;LAS LUCIERNAGAS - PATRICIA ISIDORA;0;;;BIDIRECCIONAL;ASFALTO;BUENO;SECO;DESPEJADO;0;0;0;0
-7865880,972;-3956298,823;9368;2024;1622365;-33,45833;-70,660411;1;2024/07/01 00:00:00+00;1899/12/30 00:00:00+00;REGION METROPOLITANA;SANTIAGO;COLISION PERPENDICULAR;COLISION;URBANA;CRUCE CON SEMAFORO FUNCIONANDO;IMPRUDENCIA DEL CONDUCTOR;VIRAJES INDEBIDOS;PLAZA ERCILLA;TUPPER;PLAZA ERCILLA - TUPPER;0;;;BIDIRECCIONAL;ASFALTO;BUENO;SECO;DESPEJADO;0;0;0;0
-7870806,637;-3974689,793;9369;2024;1622366;-33,596052;-70,704659;1;2024/07/02 00:00:00+00;1899/12/30 00:00:00+00;REGION METROPOLITANA;SAN BERNARDO;COLISION LATERAL;COLISION;URBANA;TRAMO DE VIA RECTA;IMPRUDENCIA DEL CONDUCTOR;CONDUCCION CAMBIAR SORPRESIVAMENTE PISTA CIRCULACION;FREIRE;;- FREIRE;685;;;UNIDIRECCIONAL;ASFALTO;BUENO;SECO;DESPEJADO;0;0;0;0
-7860645,616;-3963019,545;9370;2024;1622371;-33,508684;-70,613381;1;2024/06/30 00:00:00+00;1899/12/30 00:00:00+00;REGION METROPOLITANA;MACUL;COLISION PERPENDICULAR;COLISION;URBANA;CRUCE CON SEMAFORO FUNCIONANDO;IMPRUDENCIA DEL CONDUCTOR;CONDUCCION NO ATENTO CONDICIONES TRANSITO MOMENTO;VICUNA MACKENNA;DEPARTAMENTAL;DEPARTAMENTAL - VICUNA MACKENNA;0;;;UNIDIRECCIONAL;CONCRETO;BUENO;SECO;DESPEJADO;0;0;0;1
-7863094,422;-3956956,922;9371;2024;1622372;-33,463262;-70,635379;1;2024/07/07 00:00:00+00;1899/12/30 00:00:00+00;REGION METROPOLITANA;SANTIAGO;COLISION LATERAL;COLISION;URBANA;CRUCE CON SEMAFORO APAGADO;DEFICIENCIAS VIALES;SENALIZACION SEMAFORO MAL ESTADO O DEFICIENTE;MIGUEL LEON PRADO;SIERRA BELLA;MIGUEL LEON PRADO - SIERRA BELLA;0;;;UNIDIRECCIONAL;ASFALTO;BUENO;SECO;DESPEJADO;0;0;0;0
-7859372,9;-3951257,976;9372;2024;1622375;-33,420543;-70,601948;1;2024/07/02 00:00:00+00;1899/12/30 00:00:00+00;REGION METROPOLITANA;PROVIDENCIA;ATROPELLO;ATROPELLO;URBANA;CRUCE CON SENAL CEDA EL PASO;IMPRUDENCIA DEL CONDUCTOR;CONDUCCION NO ATENTO CONDICIONES TRANSITO MOMENTO;SAN PIO X;LUIS THAYER OJEDA;LUIS THAYER OJEDA - SAN PIO X;0;;;BIDIRECCIONAL;ASFALTO;BUENO;SECO;DESPEJADO;0;0;0;1
-7878168,64;-3978836,29;9373;2024;1622378;-33,627073;-70,770793;1;2024/06/02 00:00:00+00;1899/12/30 00:00:00+00;REGION METROPOLITANA;CALERA DE TANGO;COLISION LATERAL;COLISION;URBANA;OTROS NO CONSIDERADOS;IMPRUDENCIA DEL CONDUCTOR;CONDUCCION NO ATENTO CONDICIONES TRANSITO MOMENTO;CAMINO A LORETO;JARDINES DE LORETO;CAMINO A LORETO - JARDINES DE LORETO;0;;;BIDIRECCIONAL;ASFALTO;BUENO;SECO;DESPEJADO;0;0;0;1
-7878168,64;-3978836,29;9374;2024;1622379;-33,627073;-70,770793;1;2024/06/02 00:00:00+00;1899/12/30 00:00:00+00;REGION METROPOLITANA;CALERA DE TANGO;COLISION LATERAL;COLISION;URBANA;OTROS NO CONSIDERADOS;IMPRUDENCIA DEL CONDUCTOR;CONDUCCION NO ATENTO CONDICIONES TRANSITO MOMENTO;CAMINO A LORETO;JARDINES DE LORETO;CAMINO A LORETO - JARDINES DE LORETO;0;;;BIDIRECCIONAL;ASFALTO;BUENO;SECO;DESPEJADO;0;0;0;1
-7854437,551;-3973151,393;9375;2024;1622380;-33,58454;-70,557613;1;2024/07/01 00:00:00+00;1899/12/30 00:00:00+00;REGION METROPOLITANA;PUENTE ALTO;COLISION FRONTAL;COLISION;URBANA;TRAMO DE VIA RECTA;IMPRUDENCIA DEL CONDUCTOR;CONDUCCION NO ATENTO CONDICIONES TRANSITO MOMENTO;LAS NIEVES ORIENTE;LUIS MATTE LARRAIN;LAS NIEVES ORIENTE - LUIS MATTE LARRAIN;0;;;BIDIRECCIONAL;CONCRETO;BUENO;SECO;DESPEJADO;0;0;0;0
-7863792,729;-3956917,825;9376;2024;1622381;-33,462969;-70,641652;1;2024/07/07 00:00:00+00;1899/12/30 00:00:00+00;REGION METROPOLITANA;SANTIAGO;COLISION LATERAL;COLISION;URBANA;CRUCE CON SENAL CEDA EL PASO;DESOBEDIENCIA A SENALIZACION;SENALIZACION DESOBEDECER SENAL CEDA EL PASO;VICTORIA;VICTOR MANUEL;VICTOR MANUEL - VICTORIA;0;;;UNIDIRECCIONAL;ASFALTO;BUENO;SECO;DESPEJADO;0;0;0;1
-7871064,341;-3977297,737;9377;2024;1622384;-33,615564;-70,706974;1;2024/07/02 00:00:00+00;1899/12/30 00:00:00+00;REGION METROPOLITANA;SAN BERNARDO;CHOQUE LADO/FRENTE;CHOQUE;URBANA;CRUCE CON SENAL CEDA EL PASO;DESOBEDIENCIA A SENALIZACION;SENALIZACION DESOBEDECER SENAL CEDA EL PASO;CENTRAL;GRAL URRUTIA;CENTRAL - GRAL URRUTIA;0;;;UNIDIRECCIONAL;ASFALTO;BUENO;SECO;DESPEJADO;0;0;0;0
-7878168,64;-3978836,29;9378;2024;1622386;-33,627073;-70,770793;1;2024/06/03 00:00:00+00;1899/12/30 00:00:00+00;REGION METROPOLITANA;CALERA DE TANGO;COLISION FRONTAL;COLISION;URBANA;TRAMO DE VIA RECTA;IMPRUDENCIA DEL CONDUCTOR;ADELANTAMIENTO SIN EL ESPACIO O TIEMPO SUFICIENTE;CALERA DE TANGO;;- CALERA DE TANGO;18;;;BIDIRECCIONAL;ASFALTO;BUENO;SECO;DESPEJADO;0;0;0;1
-7858126,233;-3963340,637;9379;2024;1622387;-33,511089;-70,590749;1;2024/07/05 00:00:00+00;1899/12/30 00:00:00+00;REGION METROPOLITANA;MACUL;COLISION POR ALCANCE;COLISION;URBANA;TRAMO DE VIA RECTA;VELOCIDAD IMPRUDENTE;VELOCIDAD NO RAZONABLE NI PRUDENTE;AMERICO VESPUCIO;;- AMERICO VESPUCIO;14900;;;UNIDIRECCIONAL;CONCRETO;BUENO;SECO;DESPEJADO;1;0;0;1
-7868118,827;-3952918,05;9380;2024;1622388;-33,432989;-70,680514;1;2024/06/27 00:00:00+00;1899/12/30 00:00:00+00;REGION METROPOLITANA;QUINTA NORMAL;COLISION LATERAL;COLISION;URBANA;CRUCE CON SEMAFORO FUNCIONANDO;IMPRUDENCIA DEL CONDUCTOR;ADELANTAMIENTO SIN EL ESPACIO O TIEMPO SUFICIENTE;MAPOCHO;MATUCANA;MAPOCHO - MATUCANA;0;;;BIDIRECCIONAL;ASFALTO;REGULAR;SECO;DESPEJADO;0;1;0;0
-7863979,19;-3953337,708;9381;2024;1622389;-33,436135;-70,643327;1;2024/07/05 00:00:00+00;1899/12/30 00:00:00+00;REGION METROPOLITANA;SANTIAGO;COLISION LATERAL;COLISION;URBANA;CRUCE CON SEMAFORO FUNCIONANDO;IMPRUDENCIA DEL CONDUCTOR;CONDUCCION NO ATENTO CONDICIONES TRANSITO MOMENTO;JOSE MIGUEL DE LA BARRA;CARABS DE CHILE;CARABS DE CHILE - JOSE MIGUEL DE LA BARRA;0;;;UNIDIRECCIONAL;ASFALTO;BUENO;SECO;DESPEJADO;0;0;0;0
-7877716,905;-3979260,634;9382;2024;1622394;-33,630247;-70,766735;1;2024/06/03 00:00:00+00;1899/12/30 00:00:00+00;REGION METROPOLITANA;CALERA DE TANGO;COLISION LATERAL;COLISION;URBANA;CRUCE CON SENAL PARE;DESOBEDIENCIA A SENALIZACION;SENALIZACION DESOBEDECER SENAL PARE;EL CARMEN;ALZAMORA;ALZAMORA - EL CARMEN;0;;;BIDIRECCIONAL;ASFALTO;BUENO;SECO;DESPEJADO;0;0;0;0
-7857127,698;-3957502,431;9383;2024;1622398;-33,46735;-70,581779;1;2024/07/05 00:00:00+00;1899/12/30 00:00:00+00;REGION METROPOLITANA;NUNOA;COLISION;COLISION;URBANA;CRUCE CON SEMAFORO FUNCIONANDO;IMPRUDENCIA DEL CONDUCTOR;ADELANTAMIENTO SIN EL ESPACIO O TIEMPO SUFICIENTE;GRECIA;RAMON CRUZ;GRECIA - RAMON CRUZ;0;;;BIDIRECCIONAL CON BANDEJON;CONCRETO;BUENO;SECO;DESPEJADO;0;0;0;0
-7876926,537;-3979326,146;9384;2024;1622400;-33,630737;-70,759635;1;2024/06/06 00:00:00+00;1899/12/30 00:00:00+00;REGION METROPOLITANA;CALERA DE TANGO;COLISION LATERAL;COLISION;URBANA;CRUCE CON SENAL CEDA EL PASO;IMPRUDENCIA DEL CONDUCTOR;ADELANTAMIENTO SIN EL ESPACIO O TIEMPO SUFICIENTE;CAMINO A CATEMITO;CALERA DE TANGO;CALERA DE TANGO - CAMINO A CATEMITO;0;;;BIDIRECCIONAL;ASFALTO;BUENO;SECO;DESPEJADO;0;0;0;0
-7854164,818;-3954747,796;9385;2024;1622401;-33,446705;-70,555163;1;2024/05/23 00:00:00+00;1899/12/30 00:00:00+00;REGION METROPOLITANA;LA REINA;CHOQUE POSTERIOR/LADO;CHOQUE;URBANA;OTROS NO CONSIDERADOS;IMPRUDENCIA DEL CONDUCTOR;CONDUCCION NO ATENTO CONDICIONES TRANSITO MOMENTO;SIMON GONZALEZ;;- SIMON GONZALEZ;7276;;;UNIDIRECCIONAL;CONCRETO;BUENO;SECO;DESPEJADO;0;0;0;0
-7854802,679;-3957449,32;9386;2024;1622406;-33,466952;-70,560893;1;2024/07/03 00:00:00+00;1899/12/30 00:00:00+00;REGION METROPOLITANA;PENALOLEN;COLISION FRONTAL;COLISION;URBANA;CRUCE CON SEMAFORO FUNCIONANDO;IMPRUDENCIA DEL CONDUCTOR;NO RESPETAR DERECHO PREFERENTE DE PASO A VEHICULO;ICTINOS;ORIENTAL;ICTINOS - ORIENTAL;0;;;BIDIRECCIONAL;CONCRETO;BUENO;SECO;DESPEJADO;0;1;0;0
-7884449,285;-3982264,382;9387;2024;1622408;-33,652711;-70,827213;1;2024/06/10 00:00:00+00;1899/12/30 00:00:00+00;REGION METROPOLITANA;CALERA DE TANGO;COLISION FRONTAL;COLISION;URBANA;TRAMO DE VIA RECTA;IMPRUDENCIA DEL CONDUCTOR;CONDUCCION NO ATENTO CONDICIONES TRANSITO MOMENTO;CAMINO A LONQUEN;CAMINO A LORETO;CAMINO A LONQUEN - CAMINO A LORETO;0;;;BIDIRECCIONAL;ASFALTO;BUENO;SECO;NUBLADO;0;0;0;1
-7851870,746;-3954101,429;9388;2024;1622409;-33,44186;-70,534555;1;2024/06/01 00:00:00+00;1899/12/30 00:00:00+00;REGION METROPOLITANA;LA REINA;CHOQUE FRENTE/LADO;CHOQUE;URBANA;OTROS NO CONSIDERADOS;IMPRUDENCIA DEL CONDUCTOR;CONDUCCION NO ATENTO CONDICIONES TRANSITO MOMENTO;JOSE ZAPIDA;;- JOSE ZAPIDA;8771;;;UNIDIRECCIONAL;CONCRETO;BUENO;SECO;DESPEJADO;0;0;0;0
-7870622,514;-3973912,416;9389;2024;1622411;-33,590235;-70,703005;1;2024/07/03 00:00:00+00;1899/12/30 00:00:00+00;REGION METROPOLITANA;SAN BERNARDO;VOLCADURA;VOLCADURA;URBANA;CRUCE CON SEMAFORO FUNCIONANDO;VELOCIDAD IMPRUDENTE;VELOCIDAD NO RAZONABLE NI PRUDENTE;COLON SUR;FREIRE;COLON SUR - FREIRE;0;;;BIDIRECCIONAL;ASFALTO;BUENO;SECO;DESPEJADO;0;0;0;2
-7870281,877;-3951887,779;9390;2024;1622412;-33,425265;-70,699945;1;2024/07/05 00:00:00+00;1899/12/30 00:00:00+00;REGION METROPOLITANA;QUINTA NORMAL;COLISION FRONTAL;COLISION;URBANA;TRAMO DE VIA RECTA;IMPRUDENCIA DEL CONDUCTOR;ADELANTAMIENTO SIN EL ESPACIO O TIEMPO SUFICIENTE;SALVADOR GUTIERREZ;SANTIAGO DE URIONA;SALVADOR GUTIERREZ - SANTIAGO DE URIONA;0;;;BIDIRECCIONAL;ASFALTO;REGULAR;SECO;DESPEJADO;0;0;0;1
-7876900,154;-3979583,917;9391;2024;1622416;-33,632665;-70,759398;1;2024/06/10 00:00:00+00;1899/12/30 00:00:00+00;REGION METROPOLITANA;CALERA DE TANGO;CHOQUE FRENTE/LADO;CHOQUE;URBANA;TRAMO DE VIA RECTA;IMPRUDENCIA DEL CONDUCTOR;CONDUCCION NO ATENTO CONDICIONES TRANSITO MOMENTO;ALFONSO RUIZ TAGLE;;- ALFONSO RUIZ TAGLE;82;;;BIDIRECCIONAL;ASFALTO;BUENO;SECO;DESPEJADO;0;0;0;0
-7856042,333;-3954535,805;9392;2024;1622420;-33,445116;-70,572029;1;2024/06/05 00:00:00+00;1899/12/30 00:00:00+00;REGION METROPOLITANA;LA REINA;OTRO TIPO;OTRO TIPO;URBANA;OTROS NO CONSIDERADOS;OTRAS CAUSAS;OTRAS CAUSAS;OSSA;ECHENIQUE;ECHENIQUE - OSSA;0;;;BIDIRECCIONAL;CONCRETO;BUENO;SECO;DESPEJADO;0;0;0;0
-7879602,324;-3974678,166;9393;2024;1622426;-33,595965;-70,783672;1;2024/06/10 00:00:00+00;1899/12/30 00:00:00+00;REGION METROPOLITANA;CALERA DE TANGO;OTRO TIPO;OTRO TIPO;URBANA;TRAMO DE VIA RECTA;CAUSAS NO DETERMINADAS;CAUSAS NO DETERMINADAS;CAMINO A LONQUEN;CAMINO SAN JOSE DE TANGO;CAMINO A LONQUEN - CAMINO SAN JOSE DE TANGO;0;;;BIDIRECCIONAL;ASFALTO;BUENO;SECO;DESPEJADO;0;0;0;2
-7858060,666;-3957189,641;9394;2024;1622427;-33,465006;-70,59016;1;2024/07/05 00:00:00+00;1899/12/30 00:00:00+00;REGION METROPOLITANA;NUNOA;CHOQUE LADO/FRENTE;CHOQUE;URBANA;TRAMO DE VIA RECTA;IMPRUDENCIA DEL CONDUCTOR;CONDUCCION NO ATENTO CONDICIONES TRANSITO MOMENTO;GRECIA;;- GRECIA;3980;;;BIDIRECCIONAL CON BANDEJON;CONCRETO;BUENO;SECO;DESPEJADO;0;0;0;0
-7855598,39;-3968205,503;9395;2024;1622429;-33,547519;-70,568041;1;2024/07/01 00:00:00+00;1899/12/30 00:00:00+00;REGION METROPOLITANA;LA FLORIDA;COLISION POR ALCANCE;COLISION;URBANA;TRAMO DE VIA RECTA;IMPRUDENCIA DEL CONDUCTOR;CONDUCCION NO ATENTO CONDICIONES TRANSITO MOMENTO;LA FLORIDA;CAMILO HENRIQUEZ;CAMILO HENRIQUEZ - LA FLORIDA;0;;;BIDIRECCIONAL;CONCRETO;BUENO;SECO;DESPEJADO;0;0;0;0
-7854889,063;-3955080,265;9396;2024;1622434;-33,449197;-70,561669;1;2024/06/08 00:00:00+00;1899/12/30 00:00:00+00;REGION METROPOLITANA;LA REINA;CHOQUE FRENTE/POSTERIOR;CHOQUE;URBANA;OTROS NO CONSIDERADOS;IMPRUDENCIA DEL CONDUCTOR;CONDUCCION NO ATENTO CONDICIONES TRANSITO MOMENTO;AMERICO VESPUCIO;TOBALABA;AMERICO VESPUCIO - TOBALABA;0;;;BIDIRECCIONAL;CONCRETO;BUENO;SECO;DESPEJADO;0;0;0;0