ï»¿X;Y;FID;AÃ±o;IdAccident;Latitud;longitud;ClaseAccid;Fecha;Hora;RegiÃ³n;Comuna;Tipo_Accid;Tipo__CONA;Zona;UbicaciÃ³n;Causa__CON;Causa_Acci;Calle_Uno;Calle_Dos;Intersecci;NÃºmero;Ruta;Ubicaci_1;Calzada;Tipo_Calza;Estado_Cal;CondiciÃ³n;Estado_Atm;Fallecidos;Graves;Menos_Grav;Leves
-7869294,695;-3950561,792;9599;2024;1623344;-33,415323;-70,691077;1;2024/07/04 00:00:00+00;1899/12/30 00:00:00+00;REGION METROPOLITANA;RENCA;CHOQUE;CHOQUE;URBANA;TRAMO DE VIA RECTA;IMPRUDENCIA DEL CONDUCTOR;CONDUCCION NO ATENTO CONDICIONES TRANSITO MOMENTO;MERCEDES BADILLA;APOSTOL SANTIAGO;APOSTOL SANTIAGO - MERCEDES BADILLA;0;;;UNIDIRECCIONAL;ASFALTO;REGULAR;SECO;DESPEJADO;0;0;0;0
-7870923,856;-3956173,8;9600;2024;1623346;-33,457393;-70,705712;1;2024/06/15 00:00:00+00;1899/12/30 00:00:00+00;REGION METROPOLITANA;ESTACION CENTRAL;COLISION LATERAL;COLISION;URBANA;CRUCE CON SEMAFORO FUNCIONANDO;IMPRUDENCIA DEL CONDUCTOR;CONDUCCION CAMBIAR SORPRESIVAMENTE PISTA CIRCULACION;LAS REJAS SUR;LIBER BERNARDO O'HIGGINS;LAS REJAS SUR - LIBER BERNARDO O'HIGGINS;0;;;UNIDIRECCIONAL;ASFALTO;BUENO;SECO;DESPEJADO;0;0;0;0
-7869239,258;-3966309,925;9601;2024;1623353;-33,533326;-70,690579;1;2024/06/15 00:00:00+00;1899/12/30 00:00:00+00;REGION METROPOLITANA;LO ESPEJO;COLISION POR ALCANCE;COLISION;URBANA;CRUCE CON SEMAFORO FUNCIONANDO;IMPRUDENCIA DEL CONDUCTOR;CONDUCCION NO ATENTO CONDICIONES TRANSITO MOMENTO;LO ESPEJO;JORGE GUERRA SQUELLA;JORGE GUERRA SQUELLA - LO ESPEJO;0;;;BIDIRECCIONAL;ASFALTO;BUENO;SECO;DESPEJADO;0;0;0;0
-7869238,59;-3964809,763;9602;2024;1623357;-33,522092;-70,690573;1;2024/06/19 00:00:00+00;1899/12/30 00:00:00+00;REGION METROPOLITANA;LO ESPEJO;CHOQUE LADO/LADO;CHOQUE;URBANA;CRUCE CON SENAL CEDA EL PASO;IMPRUDENCIA DEL CONDUCTOR;CONDUCCION NO ATENTO CONDICIONES TRANSITO MOMENTO;QUIRIQUINA;CENTRAL CARD SILVA HENRIQUEZ;CENTRAL CARD SILVA HENRIQUEZ - QUIRIQUINA;0;;;UNIDIRECCIONAL;CONCRETO;BUENO;SECO;DESPEJADO;0;0;0;0
-7869564,534;-3965689,218;9603;2024;1623365;-33,528678;-70,693501;1;2024/06/24 00:00:00+00;1899/12/30 00:00:00+00;REGION METROPOLITANA;LO ESPEJO;COLISION POR ALCANCE;COLISION;URBANA;CRUCE CON SENAL CEDA EL PASO;IMPRUDENCIA DEL CONDUCTOR;CONDUCCION NO ATENTO CONDICIONES TRANSITO MOMENTO;9 DE ENERO;FERRARI;9 DE ENERO - FERRARI;0;;;BIDIRECCIONAL;CONCRETO;BUENO;SECO;DESPEJADO;0;0;0;0
-7870632,644;-3966223,521;9604;2024;1623367;-33,532679;-70,703096;1;2024/06/26 00:00:00+00;1899/12/30 00:00:00+00;REGION METROPOLITANA;SAN BERNARDO;CHOQUE POSTERIOR/LADO;CHOQUE;URBANA;CRUCE CON SEMAFORO FUNCIONANDO;IMPRUDENCIA DEL CONDUCTOR;CONDUCCION NO ATENTO CONDICIONES TRANSITO MOMENTO;LO ESPEJO;LAGO LLANQUIHUE;LAGO LLANQUIHUE - LO ESPEJO;0;;;BIDIRECCIONAL;CONCRETO;BUENO;SECO;DESPEJADO;0;0;0;0
-7870459,542;-3964692,124;9605;2024;1623371;-33,521211;-70,701541;1;2024/07/01 00:00:00+00;1899/12/30 00:00:00+00;REGION METROPOLITANA;LO ESPEJO;VOLCADURA;VOLCADURA;URBANA;ENLACE A NIVEL;ALCOHOL EN CONDUCTOR;CONDUCCION BAJO LA INFLUENCIA DEL ALCOHOL;AMERICO VESPUCIO;DON MIGUEL ANGEL;AMERICO VESPUCIO - DON MIGUEL ANGEL;0;;;UNIDIRECCIONAL;ASFALTO;BUENO;SECO;DESPEJADO;0;0;1;0
-7867777,522;-3948730,041;9606;2024;1623382;-33,401587;-70,677448;1;2024/07/01 00:00:00+00;1899/12/30 00:00:00+00;REGION METROPOLITANA;CONCHALI;COLISION LATERAL;COLISION;URBANA;TRAMO DE VIA RECTA;IMPRUDENCIA DEL CONDUCTOR;CONDUCCION NO ATENTO CONDICIONES TRANSITO MOMENTO;PRIMAVERA;14 DE LA FAMA;14 DE LA FAMA - PRIMAVERA;0;;;UNIDIRECCIONAL;CONCRETO;BUENO;SECO;DESPEJADO;0;0;0;2
-7860007,867;-3953640,656;9607;2024;1623385;-33,438406;-70,607652;1;2024/07/03 00:00:00+00;1899/12/30 00:00:00+00;REGION METROPOLITANA;PROVIDENCIA;COLISION LATERAL;COLISION;URBANA;CRUCE CON SEMAFORO FUNCIONANDO;IMPRUDENCIA DEL CONDUCTOR;CONDUCCION NO ATENTO CONDICIONES TRANSITO MOMENTO;FRANCISCO BILBAO;ITALIA;FRANCISCO BILBAO - ITALIA;0;;;BIDIRECCIONAL;ASFALTO;BUENO;HUMEDO;DESPEJADO;0;0;0;1
-7860208,576;-3952711,829;9608;2024;1623389;-33,431443;-70,609455;1;2024/07/04 00:00:00+00;1899/12/30 00:00:00+00;REGION METROPOLITANA;PROVIDENCIA;COLISION LATERAL;COLISION;URBANA;CRUCE CON SEMAFORO FUNCIONANDO;IMPRUDENCIA DEL CONDUCTOR;CONDUCCION NO ATENTO CONDICIONES TRANSITO MOMENTO;PROVIDENCIA;;- PROVIDENCIA;100;;;UNIDIRECCIONAL;ASFALTO;REGULAR;MOJADO;NUBLADO;0;0;0;1
-7861541,961;-3953774,19;9609;2024;1623391;-33,439407;-70,621433;1;2024/07/04 00:00:00+00;1899/12/30 00:00:00+00;REGION METROPOLITANA;PROVIDENCIA;COLISION LATERAL;COLISION;URBANA;TRAMO DE VIA RECTA;IMPRUDENCIA DEL CONDUCTOR;CONDUCCION NO ATENTO CONDICIONES TRANSITO MOMENTO;RANCAGUA;JOSE MANUEL INFANTE;JOSE MANUEL INFANTE - RANCAGUA;0;;;UNIDIRECCIONAL;ASFALTO;REGULAR;SECO;NUBLADO;0;0;0;1
-7857461,99;-3983858,302;9610;2024;1623394;-33,664629;-70,584782;1;2024/06/06 00:00:00+00;1899/12/30 00:00:00+00;REGION METROPOLITANA;PIRQUE;CHOQUE FRONTAL;CHOQUE;RURAL;TRAMO DE VIA RECTA;VELOCIDAD IMPRUDENTE;VELOCIDAD NO RAZONABLE NI PRUDENTE;ALCALDE HERNAN PRIETO;;- ALCALDE HERNAN PRIETO;2600;;;BIDIRECCIONAL;ASFALTO;BUENO;SECO;NUBLADO;0;0;0;1
-7861866,234;-3954658,143;9611;2024;1623395;-33,446033;-70,624346;1;2024/07/08 00:00:00+00;1899/12/30 00:00:00+00;REGION METROPOLITANA;PROVIDENCIA;COLISION FRONTAL;COLISION;URBANA;CRUCE CON SENAL PARE;DESOBEDIENCIA A SENALIZACION;SENALIZACION DESOBEDECER SENAL PARE;STA ISABEL;GIRARDI;GIRARDI - STA ISABEL;0;;;BIDIRECCIONAL;ASFALTO;BUENO;HUMEDO;NUBLADO;0;0;0;1
-7861866,234;-3954658,143;9612;2024;1623398;-33,446033;-70,624346;1;2024/06/30 00:00:00+00;1899/12/30 00:00:00+00;REGION METROPOLITANA;PROVIDENCIA;COLISION POR ALCANCE;COLISION;URBANA;CRUCE CON SEMAFORO FUNCIONANDO;ALCOHOL EN CONDUCTOR;CONDUCCION BAJO LA INFLUENCIA DEL ALCOHOL;GIRARDI;STA ISABEL;GIRARDI - STA ISABEL;0;;;UNIDIRECCIONAL;ASFALTO;REGULAR;SECO;DESPEJADO;0;0;0;0
-7861743,894;-3954939,912;9613;2024;1623400;-33,448145;-70,623247;1;2024/07/05 00:00:00+00;1899/12/30 00:00:00+00;REGION METROPOLITANA;PROVIDENCIA;COLISION FRONTAL;COLISION;URBANA;CRUCE CON SENAL CEDA EL PASO;ALCOHOL EN CONDUCTOR;CONDUCCION EN ESTADO DE EBRIEDAD;CAUPOLICAN;TEGUALDA;CAUPOLICAN - TEGUALDA;0;;;UNIDIRECCIONAL;ASFALTO;BUENO;HUMEDO;NUBLADO;0;0;0;2
-7861836,623;-3954177,337;9614;2024;1623402;-33,442429;-70,62408;1;2024/07/06 00:00:00+00;1899/12/30 00:00:00+00;REGION METROPOLITANA;PROVIDENCIA;COLISION LATERAL;COLISION;URBANA;TRAMO DE VIA RECTA;IMPRUDENCIA DEL CONDUCTOR;CONDUCCION CAMBIAR SORPRESIVAMENTE PISTA CIRCULACION;SALVADOR;;- SALVADOR;943;;;BIDIRECCIONAL;ASFALTO;REGULAR;SECO;DESPEJADO;0;0;0;0
-7862872,34;-3954288,331;9615;2024;1623403;-33,443261;-70,633384;1;2024/07/06 00:00:00+00;1899/12/30 00:00:00+00;REGION METROPOLITANA;PROVIDENCIA;CHOQUE FRONTAL;CHOQUE;URBANA;TRAMO DE VIA RECTA;ALCOHOL EN CONDUCTOR;CONDUCCION EN ESTADO DE EBRIEDAD;FRANCISCO BILBAO;VICUNA MACKENNA;FRANCISCO BILBAO - VICUNA MACKENNA;0;;;UNIDIRECCIONAL;ASFALTO;BUENO;HUMEDO;NUBLADO;0;0;0;1
-7858832,89;-3973278,472;9616;2024;1623404;-33,585491;-70,597097;1;2024/06/21 00:00:00+00;1899/12/30 00:00:00+00;REGION METROPOLITANA;PUENTE ALTO;COLISION;COLISION;URBANA;TRAMO DE VIA RECTA;IMPRUDENCIA DEL CONDUCTOR;CONDUCCION SIN MANTENER DISTANCIA RAZONABLE NI PRUDENTE;EJERCITO LIBERTADOR;OBPO OSCAR ROMERO;EJERCITO LIBERTADOR - OBPO OSCAR ROMERO;0;;;BIDIRECCIONAL;CONCRETO;REGULAR;SECO;DESPEJADO;0;0;0;0
-7862339,231;-3953643,057;9617;2024;1623405;-33,438424;-70,628595;1;2024/07/01 00:00:00+00;1899/12/30 00:00:00+00;REGION METROPOLITANA;PROVIDENCIA;CHOQUE LADO/LADO;CHOQUE;URBANA;TRAMO DE VIA RECTA;ALCOHOL EN CONDUCTOR;CONDUCCION EN ESTADO DE EBRIEDAD;CLOVIS MONTERO;OBPO DONOSO;CLOVIS MONTERO - OBPO DONOSO;0;;;UNIDIRECCIONAL;ASFALTO;BUENO;SECO;NUBLADO;0;0;0;0
-7860208,576;-3952711,829;9618;2024;1623411;-33,431443;-70,609455;1;2024/07/08 00:00:00+00;1899/12/30 00:00:00+00;REGION METROPOLITANA;PROVIDENCIA;COLISION LATERAL;COLISION;URBANA;TRAMO DE VIA RECTA;IMPRUDENCIA DEL CONDUCTOR;CONDUCCION NO ATENTO CONDICIONES TRANSITO MOMENTO;PROVIDENCIA;;- PROVIDENCIA;337;;;UNIDIRECCIONAL;ASFALTO;BUENO;SECO;DESPEJADO;0;0;0;0
-7861944,047;-3952284,457;9619;2024;1623413;-33,428239;-70,625045;1;2024/07/08 00:00:00+00;1899/12/30 00:00:00+00;REGION METROPOLITANA;PROVIDENCIA;COLISION POR ALCANCE;COLISION;URBANA;TRAMO DE VIA RECTA;IMPRUDENCIA DEL CONDUCTOR;CONDUCCION NO ATENTO CONDICIONES TRANSITO MOMENTO;FRANCISCO PUELMA;BELLAVISTA;BELLAVISTA - FRANCISCO PUELMA;0;;;UNIDIRECCIONAL;ASFALTO;BUENO;SECO;NUBLADO;0;0;0;0
-7867005,299;-3947182,96;9620;2024;1623414;-33,389984;-70,670511;1;2024/07/02 00:00:00+00;1899/12/30 00:00:00+00;REGION METROPOLITANA;CONCHALI;ATROPELLO;ATROPELLO;URBANA;OTROS NO CONSIDERADOS;IMPRUDENCIA DEL CONDUCTOR;NO RESPETAR DERECHO PREFERENTE DE PASO A PEATON;EL OLIVO;PEDRO FONTOVA;EL OLIVO - PEDRO FONTOVA;0;;;BIDIRECCIONAL;CONCRETO;BUENO;SECO;DESPEJADO;0;0;0;0
-7927482,395;-3986584,981;9621;2024;1623420;-33,685013;-71,213786;1;2024/07/03 00:00:00+00;1899/12/30 00:00:00+00;REGION METROPOLITANA;MELIPILLA;COLISION LATERAL;COLISION;URBANA;TRAMO DE VIA RECTA;IMPRUDENCIA DEL CONDUCTOR;CONDUCCION NO ATENTO CONDICIONES TRANSITO MOMENTO;SERRANO;VARGAS;SERRANO - VARGAS;0;;;UNIDIRECCIONAL;ASFALTO;BUENO;SECO;DESPEJADO;0;0;0;0
-7869440,635;-3952863,76;9622;2024;1623437;-33,432582;-70,692388;1;2024/06/27 00:00:00+00;1899/12/30 00:00:00+00;REGION METROPOLITANA;QUINTA NORMAL;COLISION LATERAL;COLISION;URBANA;TRAMO DE VIA RECTA;IMPRUDENCIA DEL CONDUCTOR;ADELANTAMIENTO SIN EFECTUAR LA SENAL RESPECTIVA;GRAL VELASQUEZ;;- GRAL VELASQUEZ;3700;;;BIDIRECCIONAL;ASFALTO;BUENO;SECO;DESPEJADO;0;0;0;1
-7871124,676;-3966937,609;9623;2024;1620551;-33,538026;-70,707516;1;2024/06/27 00:00:00+00;1899/12/30 00:00:00+00;REGION METROPOLITANA;SAN BERNARDO;COLISION POR ALCANCE;COLISION;URBANA;TRAMO DE VIA RECTA;IMPRUDENCIA DEL CONDUCTOR;CONDUCCION NO ATENTO CONDICIONES TRANSITO MOMENTO;GRAL VELASQUEZ;;- GRAL VELASQUEZ;7777;;;BIDIRECCIONAL;ASFALTO;BUENO;SECO;DESPEJADO;0;0;0;0
-7870904,932;-3973783,059;9624;2024;1620552;-33,589267;-70,705542;1;2024/06/27 00:00:00+00;1899/12/30 00:00:00+00;REGION METROPOLITANA;SAN BERNARDO;CHOQUE LATERAL;CHOQUE;URBANA;TRAMO DE VIA RECTA;IMPRUDENCIA DEL CONDUCTOR;CONDUCCION NO ATENTO CONDICIONES TRANSITO MOMENTO;COLON NORTE;URMENETA;COLON NORTE - URMENETA;0;;;BIDIRECCIONAL;ASFALTO;BUENO;SECO;DESPEJADO;0;0;0;0
-7871485,685;-3969790,934;9625;2024;1620553;-33,559388;-70,710759;1;2024/06/27 00:00:00+00;1899/12/30 00:00:00+00;REGION METROPOLITANA;SAN BERNARDO;CHOQUE LATERAL;CHOQUE;URBANA;TRAMO DE VIA RECTA;IMPRUDENCIA DEL CONDUCTOR;CONDUCCION NO ATENTO CONDICIONES TRANSITO MOMENTO;PDTE JORGE ALESSANDRI RODRIGUEZ;;- PDTE JORGE ALESSANDRI RODRIGUEZ;21521;;;BIDIRECCIONAL;ASFALTO;BUENO;SECO;DESPEJADO;0;0;0;1
-7870078,718;-3976625,78;9626;2024;1620560;-33,610537;-70,69812;1;2024/06/28 00:00:00+00;1899/12/30 00:00:00+00;REGION METROPOLITANA;SAN BERNARDO;ATROPELLO;ATROPELLO;URBANA;CRUCE CON SENAL CEDA EL PASO;IMPRUDENCIA DEL CONDUCTOR;CONDUCCION NO ATENTO CONDICIONES TRANSITO MOMENTO;EUCALIPTUS;CRESCENTE ERRAZURIZ;CRESCENTE ERRAZURIZ - EUCALIPTUS;0;;;BIDIRECCIONAL CON BANDEJON;ASFALTO;BUENO;SECO;DESPEJADO;0;0;0;1
-7869753,554;-3976759,847;9627;2024;1620563;-33,61154;-70,695199;1;2024/06/28 00:00:00+00;1899/12/30 00:00:00+00;REGION METROPOLITANA;SAN BERNARDO;COLISION LATERAL;COLISION;URBANA;CRUCE CON SEMAFORO FUNCIONANDO;IMPRUDENCIA DEL CONDUCTOR;CONDUCCION NO ATENTO CONDICIONES TRANSITO MOMENTO;PORTALES ORIENTE;ALMTE RIVEROS;ALMTE RIVEROS - PORTALES ORIENTE;0;;;BIDIRECCIONAL;ASFALTO;BUENO;SECO;DESPEJADO;0;0;0;0
-7869730,511;-3967217,808;9628;2024;1620570;-33,540124;-70,694992;1;2024/06/29 00:00:00+00;1899/12/30 00:00:00+00;REGION METROPOLITANA;SAN BERNARDO;COLISION POR ALCANCE;COLISION;URBANA;TRAMO DE VIA RECTA;IMPRUDENCIA DEL CONDUCTOR;CONDUCCION SIN MANTENER DISTANCIA RAZONABLE NI PRUDENTE;LA DIVISA;LAGO RINIHUE;LA DIVISA - LAGO RINIHUE;0;;;BIDIRECCIONAL;ASFALTO;BUENO;SECO;DESPEJADO;0;0;1;0
-7869264,528;-3978240,309;9629;2024;1620573;-33,622615;-70,690806;1;2024/06/28 00:00:00+00;1899/12/30 00:00:00+00;REGION METROPOLITANA;SAN BERNARDO;COLISION LATERAL;COLISION;URBANA;OTROS NO CONSIDERADOS;IMPRUDENCIA DEL CONDUCTOR;CONDUCCION NO ATENTO CONDICIONES TRANSITO MOMENTO;LOS VINEDOS;LA COLINA;LA COLINA - LOS VINEDOS;0;;;BIDIRECCIONAL;ASFALTO;BUENO;SECO;DESPEJADO;0;0;0;0
-7870185,474;-3973327,246;9630;2024;1620577;-33,585856;-70,699079;1;2024/06/29 00:00:00+00;1899/12/30 00:00:00+00;REGION METROPOLITANA;SAN BERNARDO;CHOQUE POSTERIOR;CHOQUE;URBANA;ACERA O BERMA;IMPRUDENCIA DEL CONDUCTOR;CONDUCIR VEHICULO EN RETROCESO;DUCAUD;CENTRAL;CENTRAL - DUCAUD;0;;;BIDIRECCIONAL;ASFALTO;BUENO;SECO;DESPEJADO;0;0;0;0
-7871075,918;-3973450,718;9631;2024;1620582;-33,58678;-70,707078;1;2024/06/28 00:00:00+00;1899/12/30 00:00:00+00;REGION METROPOLITANA;SAN BERNARDO;COLISION LATERAL;COLISION;URBANA;CRUCE CON SEMAFORO FUNCIONANDO;IMPRUDENCIA DEL CONDUCTOR;CONDUCCION NO ATENTO CONDICIONES TRANSITO MOMENTO;AMERICA;FLORIDA;AMERICA - FLORIDA;0;;;BIDIRECCIONAL;ASFALTO;BUENO;SECO;DESPEJADO;0;0;0;0
-7870185,474;-3973327,246;9632;2024;1620583;-33,585856;-70,699079;1;2024/06/30 00:00:00+00;1899/12/30 00:00:00+00;REGION METROPOLITANA;SAN BERNARDO;CHOQUE LADO/POSTERIOR;CHOQUE;URBANA;TRAMO DE VIA RECTA;IMPRUDENCIA DEL CONDUCTOR;CONDUCCION NO ATENTO CONDICIONES TRANSITO MOMENTO;FRAY JORGE;;- FRAY JORGE;350;;;BIDIRECCIONAL;ASFALTO;BUENO;SECO;DESPEJADO;0;0;0;0
-7869852,74;-3949603,874;9633;2024;1620591;-33,40814;-70,69609;1;2024/06/08 00:00:00+00;1899/12/30 00:00:00+00;REGION METROPOLITANA;RENCA;COLISION;COLISION;URBANA;TRAMO DE VIA RECTA;IMPRUDENCIA DEL CONDUCTOR;CONDUCCION NO ATENTO CONDICIONES TRANSITO MOMENTO;DOMINGO SANTA MARIA;COST NORTE;COST NORTE - DOMINGO SANTA MARIA;0;;;UNIDIRECCIONAL;ASFALTO;BUENO;SECO;DESPEJADO;0;0;0;0
-7890556,941;-3933452,81;9634;2024;1620619;-33,286941;-70,882079;1;2024/06/30 00:00:00+00;1899/12/30 00:00:00+00;REGION METROPOLITANA;LAMPA;ATROPELLO;ATROPELLO;URBANA;ACERA O BERMA;IMPRUDENCIA DEL CONDUCTOR;NO RESPETAR DERECHO PREFERENTE DE PASO A PEATON;ARTURO PRAT;RUBEN DARIO;ARTURO PRAT - RUBEN DARIO;0;;;BIDIRECCIONAL;ASFALTO;BUENO;SECO;DESPEJADO;1;0;0;0
-7857035,97;-3972907,529;9635;2024;1620640;-33,582715;-70,580955;1;2024/06/19 00:00:00+00;1899/12/30 00:00:00+00;REGION METROPOLITANA;PUENTE ALTO;COLISION LATERAL;COLISION;URBANA;TRAMO DE VIA RECTA;IMPRUDENCIA DEL CONDUCTOR;CONDUCCION NO ATENTO CONDICIONES TRANSITO MOMENTO;CONCHA Y TORO;MAESTRO PALOMO;CONCHA Y TORO - MAESTRO PALOMO;0;;;BIDIRECCIONAL;CONCRETO;BUENO;SECO;DESPEJADO;0;0;0;0
-7852288,862;-3942152,607;9636;2024;1620643;-33,352246;-70,538311;1;2024/06/29 00:00:00+00;1899/12/30 00:00:00+00;REGION METROPOLITANA;LO BARNECHEA;CHOQUE FRONTAL;CHOQUE;URBANA;CRUCE CON SEMAFORO FUNCIONANDO;ALCOHOL EN CONDUCTOR;CONDUCCION EN ESTADO DE EBRIEDAD;LOS SAUZALES;;- LOS SAUZALES;2419;;;BIDIRECCIONAL;CONCRETO;BUENO;SECO;DESPEJADO;0;0;0;0
-7864722,025;-3964089,797;9637;2024;1620647;-33,5167;-70,65;1;2024/06/26 00:00:00+00;1899/12/30 00:00:00+00;REGION METROPOLITANA;LA CISTERNA;COLISION PERPENDICULAR;COLISION;URBANA;CRUCE CON SENAL PARE;DESOBEDIENCIA A SENALIZACION;SENALIZACION DESOBEDECER SENAL PARE;LO OVALLE;SAN FRANCISCO;LO OVALLE - SAN FRANCISCO;0;;;BIDIRECCIONAL;CONCRETO;BUENO;SECO;DESPEJADO;0;0;0;0
-7866577,943;-3966718,717;9638;2024;1620649;-33,536387;-70,666672;1;2024/06/27 00:00:00+00;1899/12/30 00:00:00+00;REGION METROPOLITANA;LA CISTERNA;COLISION POR ALCANCE;COLISION;URBANA;CRUCE CON SENAL CEDA EL PASO;IMPRUDENCIA DEL CONDUCTOR;CONDUCCION SIN MANTENER DISTANCIA RAZONABLE NI PRUDENTE;AMERICO VESPUCIO;CAPRICORNIO;AMERICO VESPUCIO - CAPRICORNIO;0;;;UNIDIRECCIONAL;CONCRETO;BUENO;SECO;DESPEJADO;0;0;0;0
-7865755,181;-3964338,682;9639;2024;1620651;-33,518564;-70,659281;1;2024/06/28 00:00:00+00;1899/12/30 00:00:00+00;REGION METROPOLITANA;LA CISTERNA;COLISION POR ALCANCE;COLISION;URBANA;CRUCE CON SEMAFORO FUNCIONANDO;IMPRUDENCIA DEL CONDUCTOR;CONDUCCION CAMBIAR SORPRESIVAMENTE PISTA CIRCULACION;STA ELISA;GRAN AVDA JOSE MIGUEL CARRERA;GRAN AVDA JOSE MIGUEL CARRERA - STA ELISA;0;;;UNIDIRECCIONAL;CONCRETO;BUENO;SECO;DESPEJADO;0;0;0;0
-7865766,313;-3964473,942;9640;2024;1620653;-33,519577;-70,659381;1;2024/06/28 00:00:00+00;1899/12/30 00:00:00+00;REGION METROPOLITANA;LA CISTERNA;COLISION LATERAL;COLISION;URBANA;CRUCE CON SEMAFORO FUNCIONANDO;IMPRUDENCIA DEL CONDUCTOR;CONDUCCION CAMBIAR SORPRESIVAMENTE PISTA CIRCULACION;STA CLARA;GRAN AVDA JOSE MIGUEL CARRERA;GRAN AVDA JOSE MIGUEL CARRERA - STA CLARA;0;;;UNIDIRECCIONAL;CONCRETO;BUENO;SECO;DESPEJADO;0;0;0;0
-7866477,533;-3967539,017;9641;2024;1620658;-33,542529;-70,66577;1;2024/06/28 00:00:00+00;1899/12/30 00:00:00+00;REGION METROPOLITANA;LA CISTERNA;COLISION POR ALCANCE;COLISION;URBANA;CRUCE CON SEMAFORO FUNCIONANDO;IMPRUDENCIA DEL CONDUCTOR;CONDUCCION CAMBIAR SORPRESIVAMENTE PISTA CIRCULACION;GRAN AVDA JOSE MIGUEL CARRERA;VICUNA MACKENNA;GRAN AVDA JOSE MIGUEL CARRERA - VICUNA MACKENNA;0;;;BIDIRECCIONAL CON BANDEJON;CONCRETO;BUENO;SECO;DESPEJADO;0;0;0;0
-7867391,355;-3967045,388;9642;2024;1620659;-33,538833;-70,673979;1;2024/06/29 00:00:00+00;1899/12/30 00:00:00+00;REGION METROPOLITANA;LA CISTERNA;COLISION PERPENDICULAR;COLISION;URBANA;CRUCE CON SENAL CEDA EL PASO;DESOBEDIENCIA A SENALIZACION;SENALIZACION DESOBEDECER SENAL CEDA EL PASO;ALC BARRERA;INES RIVAS;ALC BARRERA - INES RIVAS;0;;;BIDIRECCIONAL;CONCRETO;BUENO;SECO;DESPEJADO;0;0;0;0
-7864952,233;-3967240,379;9643;2024;1620661;-33,540293;-70,652068;1;2024/06/29 00:00:00+00;1899/12/30 00:00:00+00;REGION METROPOLITANA;LA CISTERNA;CHOQUE FRENTE/POSTERIOR;CHOQUE;URBANA;TRAMO DE VIA RECTA;IMPRUDENCIA DEL CONDUCTOR;CONDUCCION CAMBIAR SORPRESIVAMENTE PISTA CIRCULACION;AMERICO VESPUCIO;;- AMERICO VESPUCIO;1173;;;UNIDIRECCIONAL;CONCRETO;BUENO;SECO;DESPEJADO;0;0;0;0
-7859754,058;-3956144,312;9644;2024;1620667;-33,457172;-70,605372;1;2024/02/17 00:00:00+00;1899/12/30 00:00:00+00;REGION METROPOLITANA;NUNOA;CAIDA;CAIDA;URBANA;CRUCE CON SEMAFORO FUNCIONANDO;IMPRUDENCIA DEL CONDUCTOR;CONDUCCION NO ATENTO CONDICIONES TRANSITO MOMENTO;PEDRO DE VALDIVIA;JOSE DOMINGO CANAS;JOSE DOMINGO CANAS - PEDRO DE VALDIVIA;0;;;BIDIRECCIONAL CON BANDEJON;ASFALTO;BUENO;SECO;DESPEJADO;0;1;0;0
-7859878,291;-3958027,681;9645;2024;1620671;-33,471286;-70,606488;1;2024/05/31 00:00:00+00;1899/12/30 00:00:00+00;REGION METROPOLITANA;NUNOA;COLISION;COLISION;URBANA;CRUCE CON SENAL PARE;IMPRUDENCIA DEL CONDUCTOR;CONDUCCION NO ATENTO CONDICIONES TRANSITO MOMENTO;PEDRO DE VALDIVIA;LOS ALERCES;LOS ALERCES - PEDRO DE VALDIVIA;0;;;BIDIRECCIONAL;ASFALTO;BUENO;SECO;DESPEJADO;0;0;0;1
-7860255,775;-3958423,769;9646;2024;1620676;-33,474254;-70,609879;1;2024/06/01 00:00:00+00;1899/12/30 00:00:00+00;REGION METROPOLITANA;NUNOA;ATROPELLO;ATROPELLO;URBANA;PASO PARA PEATONES;ALCOHOL EN CONDUCTOR;CONDUCCION BAJO LA INFLUENCIA DEL ALCOHOL;RODRIGO DE ARAYA;CASTILLO URIZAR;CASTILLO URIZAR - RODRIGO DE ARAYA;0;;;BIDIRECCIONAL;ASFALTO;BUENO;SECO;DESPEJADO;0;0;0;1
-7852369,447;-3952357,428;9647;2024;1620681;-33,428786;-70,539035;1;2024/05/30 00:00:00+00;1899/12/30 00:00:00+00;REGION METROPOLITANA;LAS CONDES;COLISION;COLISION;URBANA;CRUCE CON SEMAFORO FUNCIONANDO;IMPRUDENCIA DEL CONDUCTOR;CONDUCCION CAMBIAR SORPRESIVAMENTE PISTA CIRCULACION;PADRE HURTADO SUR;FRANCISCO BILBAO;FRANCISCO BILBAO - PADRE HURTADO SUR;0;;;BIDIRECCIONAL CON BANDEJON;ASFALTO;BUENO;SECO;DESPEJADO;0;0;0;0
-7853024,572;-3944011,443;9648;2024;1620684;-33,366193;-70,54492;1;2024/06/29 00:00:00+00;1899/12/30 00:00:00+00;REGION METROPOLITANA;LO BARNECHEA;COLISION;COLISION;URBANA;TRAMO DE VIA RECTA;IMPRUDENCIA DEL CONDUCTOR;CONDUCCION NO ATENTO CONDICIONES TRANSITO MOMENTO;JOSE ALCALDE DELANO;STA TERESA DE LOS ANDES;JOSE ALCALDE DELANO - STA TERESA DE LOS ANDES;0;;;BIDIRECCIONAL CON BANDEJON;CONCRETO;BUENO;SECO;DESPEJADO;0;0;0;0