ï»¿X;Y;FID;AÃ±o;IdAccident;Latitud;longitud;ClaseAccid;Fecha;Hora;RegiÃ³n;Comuna;Tipo_Accid;Tipo__CONA;Zona;UbicaciÃ³n;Causa__CON;Causa_Acci;Calle_Uno;Calle_Dos;Intersecci;NÃºmero;Ruta;Ubicaci_1;Calzada;Tipo_Calza;Estado_Cal;CondiciÃ³n;Estado_Atm;Fallecidos;Graves;Menos_Grav;Leves
-7858389,838;-3955465,579;9700;2024;1620940;-33,452085;-70,593117;1;2024/06/29 00:00:00+00;1899/12/30 00:00:00+00;REGION METROPOLITANA;NUNOA;CHOQUE LATERAL;CHOQUE;URBANA;TRAMO DE VIA RECTA;ALCOHOL EN CONDUCTOR;CONDUCCION EN ESTADO DE EBRIEDAD;MANUEL DE SALAS;;- MANUEL DE SALAS;326;;;UNIDIRECCIONAL;CONCRETO;BUENO;SECO;DESPEJADO;0;0;0;0
-7864896,907;-3919660,52;9701;2024;1620942;-33,183309;-70,651571;1;2024/06/30 00:00:00+00;1899/12/30 00:00:00+00;REGION METROPOLITANA;COLINA;COLISION FRONTAL;COLISION;URBANA;TRAMO DE VIA CURVA HORIZONTAL;ALCOHOL EN CONDUCTOR;CONDUCCION EN ESTADO DE EBRIEDAD;CALETERA GRAL SAN MARTIN;;- CALETERA GRAL SAN MARTIN;8000;;;BIDIRECCIONAL;ASFALTO;BUENO;SECO;DESPEJADO;0;0;0;0
-7858401,304;-3955886,263;9702;2024;1620943;-33,455238;-70,59322;1;2024/06/30 00:00:00+00;1899/12/30 00:00:00+00;REGION METROPOLITANA;NUNOA;COLISION;COLISION;URBANA;CRUCE CON SEMAFORO FUNCIONANDO;ALCOHOL EN CONDUCTOR;CONDUCCION EN ESTADO DE EBRIEDAD;IRARRAZAVAL;MANUEL DE SALAS;IRARRAZAVAL - MANUEL DE SALAS;0;;;BIDIRECCIONAL CON BANDEJON;CONCRETO;BUENO;SECO;DESPEJADO;0;0;0;0
-7888826,145;-3934470,925;9703;2024;1620970;-33,294586;-70,866531;1;2024/06/27 00:00:00+00;1899/12/30 00:00:00+00;REGION METROPOLITANA;LAMPA;COLISION LATERAL;COLISION;URBANA;TRAMO DE VIA RECTA;IMPRUDENCIA DEL CONDUCTOR;CONDUCCION NO ATENTO CONDICIONES TRANSITO MOMENTO;BARROS LUCO;LOS HALCONES;BARROS LUCO - LOS HALCONES;0;;;UNIDIRECCIONAL;ASFALTO;BUENO;SECO;DESPEJADO;0;0;0;0
-7879777,986;-3932604,827;9704;2024;1620976;-33,280573;-70,78525;1;2024/06/28 00:00:00+00;1899/12/30 00:00:00+00;REGION METROPOLITANA;LAMPA;COLISION FRONTAL;COLISION;RURAL;TRAMO DE VIA RECTA;IMPRUDENCIA DEL CONDUCTOR;CONDUCCION NO ATENTO CONDICIONES TRANSITO MOMENTO;CACIQUE COLIN;LOS ESPINOS;CACIQUE COLIN - LOS ESPINOS;0;;;BIDIRECCIONAL;ASFALTO;BUENO;SECO;DESPEJADO;0;1;0;0
-7862679,453;-3955428,96;9705;2024;1620978;-33,451811;-70,631651;1;2024/06/15 00:00:00+00;1899/12/30 00:00:00+00;REGION METROPOLITANA;SANTIAGO;ATROPELLO;ATROPELLO;URBANA;CRUCE CON SEMAFORO FUNCIONANDO;IMPRUDENCIA DEL CONDUCTOR;CONDUCCION NO ATENTO CONDICIONES TRANSITO MOMENTO;10 DE JULIO HUAMACHUCO;FRAY ANDRESITO;10 DE JULIO HUAMACHUCO - FRAY ANDRESITO;0;;;UNIDIRECCIONAL;ASFALTO;BUENO;SECO;DESPEJADO;0;0;0;1
-7878552,692;-3933749,513;9706;2024;1620979;-33,289169;-70,774243;1;2024/06/29 00:00:00+00;1899/12/30 00:00:00+00;REGION METROPOLITANA;LAMPA;COLISION LATERAL;COLISION;RURAL;TRAMO DE VIA RECTA;IMPRUDENCIA DEL CONDUCTOR;CONDUCCION NO ATENTO CONDICIONES TRANSITO MOMENTO;CACIQUE COLIN;LO CASTRO;CACIQUE COLIN - LO CASTRO;0;;;BIDIRECCIONAL;ASFALTO;BUENO;SECO;DESPEJADO;0;0;0;0
-7867306,307;-3955737,628;9707;2024;1620980;-33,454124;-70,673215;1;2024/06/17 00:00:00+00;1899/12/30 00:00:00+00;REGION METROPOLITANA;SANTIAGO;COLISION POR ALCANCE;COLISION;URBANA;CRUCE CON SEMAFORO FUNCIONANDO;IMPRUDENCIA DEL CONDUCTOR;CONDUCCION CAMBIAR SORPRESIVAMENTE PISTA CIRCULACION;LIBER BERNARDO O'HIGGINS;UNION AMERICANA;LIBER BERNARDO O'HIGGINS - UNION AMERICANA;0;;;BIDIRECCIONAL CON BANDEJON;ASFALTO;BUENO;MOJADO;NUBLADO;0;0;0;1
-7863067,817;-3953481,644;9708;2024;1620982;-33,437214;-70,63514;1;2024/06/17 00:00:00+00;1899/12/30 00:00:00+00;REGION METROPOLITANA;PROVIDENCIA;COLISION LATERAL;COLISION;URBANA;TRAMO DE VIA RECTA;IMPRUDENCIA DEL CONDUCTOR;CONDUCCION NO ATENTO CONDICIONES TRANSITO MOMENTO;PROVIDENCIA;VICUNA MACKENNA;PROVIDENCIA - VICUNA MACKENNA;0;;;UNIDIRECCIONAL;CONCRETO;BUENO;MOJADO;LLUVIA;0;0;0;0
-7882805,987;-3926282,458;9709;2024;1620984;-33,23308;-70,812451;1;2024/06/30 00:00:00+00;1899/12/30 00:00:00+00;REGION METROPOLITANA;LAMPA;COLISION FRONTAL;COLISION;URBANA;ACERA O BERMA;IMPRUDENCIA DEL CONDUCTOR;CONDUCCION NO ATENTO CONDICIONES TRANSITO MOMENTO;ARGENTINA;FIGUEROA;ARGENTINA - FIGUEROA;0;;;BIDIRECCIONAL;ASFALTO;BUENO;SECO;DESPEJADO;0;0;0;0
-7865492,355;-3957101,837;9710;2024;1620985;-33,464348;-70,65692;1;2024/06/18 00:00:00+00;1899/12/30 00:00:00+00;REGION METROPOLITANA;SANTIAGO;COLISION POR ALCANCE;COLISION;URBANA;TRAMO DE VIA RECTA;IMPRUDENCIA DEL CONDUCTOR;CONDUCCION NO ATENTO CONDICIONES TRANSITO MOMENTO;VIEL;;- VIEL;1479;;;UNIDIRECCIONAL;ASFALTO;BUENO;SECO;DESPEJADO;0;0;0;0
-7864765,55;-3955435,826;9711;2024;1620986;-33,451862;-70,650391;1;2024/06/18 00:00:00+00;1899/12/30 00:00:00+00;REGION METROPOLITANA;SANTIAGO;COLISION LATERAL;COLISION;URBANA;TRAMO DE VIA RECTA;IMPRUDENCIA DEL CONDUCTOR;CONDUCCION CAMBIAR SORPRESIVAMENTE PISTA CIRCULACION;SAN DIEGO;STA ISABEL;SAN DIEGO - STA ISABEL;0;;;UNIDIRECCIONAL;CONCRETO;BUENO;MOJADO;LLUVIA;0;0;0;0
-7855987,007;-3966434,257;9712;2024;1620987;-33,534257;-70,571532;1;2024/06/15 00:00:00+00;1899/12/30 00:00:00+00;REGION METROPOLITANA;LA FLORIDA;COLISION POR ALCANCE;COLISION;URBANA;OTROS NO CONSIDERADOS;IMPRUDENCIA DEL CONDUCTOR;CONDUCCION CONTRA SENTIDO DEL TRANSITO;LA FLORIDA;;- LA FLORIDA;8988;;;BIDIRECCIONAL;ASFALTO;BUENO;SECO;NUBLADO;0;0;0;0
-7863087,743;-3953426,417;9713;2024;1620990;-33,4368;-70,635319;1;2024/06/19 00:00:00+00;1899/12/30 00:00:00+00;REGION METROPOLITANA;SANTIAGO;COLISION FRONTAL;COLISION;URBANA;CRUCE CON SEMAFORO FUNCIONANDO;IMPRUDENCIA DEL CONDUCTOR;CONDUCCION NO ATENTO CONDICIONES TRANSITO MOMENTO;MERCED;VICUNA MACKENNA;MERCED - VICUNA MACKENNA;0;;;UNIDIRECCIONAL;ASFALTO;BUENO;MOJADO;DESPEJADO;0;0;0;0
-7865470,314;-3953727,099;9714;2024;1620991;-33,439054;-70,656722;1;2024/06/19 00:00:00+00;1899/12/30 00:00:00+00;REGION METROPOLITANA;SANTIAGO;CHOQUE FRENTE/POSTERIOR;CHOQUE;URBANA;TRAMO DE VIA RECTA;IMPRUDENCIA DEL CONDUCTOR;CONDUCCION CAMBIAR SORPRESIVAMENTE PISTA CIRCULACION;AMUNATEGUI;LIBER BERNARDO O'HIGGINS;AMUNATEGUI - LIBER BERNARDO O'HIGGINS;0;;;UNIDIRECCIONAL;ASFALTO;BUENO;SECO;DESPEJADO;0;0;0;0
-7856929,438;-3966395,795;9715;2024;1620992;-33,533969;-70,579998;1;2024/06/15 00:00:00+00;1899/12/30 00:00:00+00;REGION METROPOLITANA;LA FLORIDA;CHOQUE FRENTE/POSTERIOR;CHOQUE;URBANA;TRAMO DE VIA RECTA;IMPRUDENCIA DEL CONDUCTOR;CONDUCCION NO ATENTO CONDICIONES TRANSITO MOMENTO;PANAMA;;- PANAMA;98;;;UNIDIRECCIONAL;ASFALTO;BUENO;MOJADO;LLUVIA;0;0;0;0
-7890294,672;-3933662,951;9716;2024;1620993;-33,288519;-70,879723;1;2024/07/01 00:00:00+00;1899/12/30 00:00:00+00;REGION METROPOLITANA;LAMPA;COLISION FRONTAL;COLISION;URBANA;CRUCE CON SEMAFORO FUNCIONANDO;IMPRUDENCIA DEL CONDUCTOR;CONDUCCION NO ATENTO CONDICIONES TRANSITO MOMENTO;JOAQUIN UNDURRAGA;;- JOAQUIN UNDURRAGA;1;;;BIDIRECCIONAL;ASFALTO;BUENO;SECO;DESPEJADO;0;0;0;0
-7864536,566;-3953615,443;9717;2024;1620994;-33,438217;-70,648334;1;2024/06/20 00:00:00+00;1899/12/30 00:00:00+00;REGION METROPOLITANA;SANTIAGO;OTRO TIPO;OTRO TIPO;URBANA;CRUCE CON SEMAFORO FUNCIONANDO;CAUSAS NO DETERMINADAS;CAUSAS NO DETERMINADAS;SAN ANTONIO;MERCED;MERCED - SAN ANTONIO;0;;;UNIDIRECCIONAL;ASFALTO;BUENO;SECO;DESPEJADO;0;1;0;0
-7864550,593;-3956072,928;9718;2024;1620995;-33,456637;-70,64846;1;2024/06/20 00:00:00+00;1899/12/30 00:00:00+00;REGION METROPOLITANA;SANTIAGO;OTRO TIPO;OTRO TIPO;URBANA;TRAMO DE VIA RECTA;IMPRUDENCIA DEL CONDUCTOR;CONDUCCION NO ATENTO CONDICIONES TRANSITO MOMENTO;COQUIMBO;;- COQUIMBO;1033;;;UNIDIRECCIONAL;ASFALTO;BUENO;SECO;DESPEJADO;0;1;0;0
-7857444,958;-3970380,466;9719;2024;1620998;-33,563801;-70,584629;1;2024/06/16 00:00:00+00;1899/12/30 00:00:00+00;REGION METROPOLITANA;LA FLORIDA;COLISION LATERAL;COLISION;URBANA;CRUCE CON SEMAFORO FUNCIONANDO;IMPRUDENCIA DEL CONDUCTOR;CONDUCCION CAMBIAR SORPRESIVAMENTE PISTA CIRCULACION;VICUNA MACKENNA;DIEGO PORTALES;DIEGO PORTALES - VICUNA MACKENNA;0;;;BIDIRECCIONAL CON BANDEJON;ASFALTO;BUENO;SECO;NUBLADO;0;0;0;0
-7866866,595;-3955039,306;9720;2024;1620999;-33,44889;-70,669265;1;2024/06/24 00:00:00+00;1899/12/30 00:00:00+00;REGION METROPOLITANA;SANTIAGO;COLISION POR ALCANCE;COLISION;URBANA;CRUCE CON SEMAFORO FUNCIONANDO;IMPRUDENCIA DEL CONDUCTOR;CONDUCCION SIN MANTENER DISTANCIA RAZONABLE NI PRUDENTE;LIBER BERNARDO O'HIGGINS;;- LIBER BERNARDO O'HIGGINS;20;;;BIDIRECCIONAL CON BANDEJON;ASFALTO;BUENO;SECO;DESPEJADO;0;0;0;1
-7876268,193;-3954399,327;9721;2024;1621002;-33,444093;-70,753721;1;2024/06/24 00:00:00+00;1899/12/30 00:00:00+00;REGION METROPOLITANA;PUDAHUEL;CHOQUE;CHOQUE;URBANA;TRAMO DE VIA RECTA;DESOBEDIENCIA A SENALIZACION;SENALIZACION DESOBEDECER SENAL PARE;LA ESTRELLA;SAN PABLO;LA ESTRELLA - SAN PABLO;0;;;UNIDIRECCIONAL;ASFALTO;BUENO;SECO;DESPEJADO;0;1;0;0
-7858113,098;-3963201,785;9722;2024;1621004;-33,510049;-70,590631;1;2024/06/17 00:00:00+00;1899/12/30 00:00:00+00;REGION METROPOLITANA;LA FLORIDA;COLISION LATERAL;COLISION;URBANA;CRUCE CON SEMAFORO FUNCIONANDO;ALCOHOL EN CONDUCTOR;CONDUCCION BAJO LA INFLUENCIA DEL ALCOHOL;AMERICO VESPUCIO;DEPARTAMENTAL;AMERICO VESPUCIO - DEPARTAMENTAL;0;;;BIDIRECCIONAL;ASFALTO;BUENO;SECO;NUBLADO;0;0;0;1
-7864302,239;-3954241,238;9723;2024;1621006;-33,442908;-70,646229;1;2024/06/24 00:00:00+00;1899/12/30 00:00:00+00;REGION METROPOLITANA;SANTIAGO;COLISION LATERAL;COLISION;URBANA;TRAMO DE VIA RECTA;IMPRUDENCIA DEL CONDUCTOR;CONDUCCION NO ATENTO CONDICIONES TRANSITO MOMENTO;STA ROSA;LIBER BERNARDO O'HIGGINS;LIBER BERNARDO O'HIGGINS - STA ROSA;0;;;UNIDIRECCIONAL;ASFALTO;BUENO;SECO;NUBLADO;0;0;0;0
-7855601,396;-3969089,625;9724;2024;1621013;-33,554138;-70,568068;1;2024/06/20 00:00:00+00;1899/12/30 00:00:00+00;REGION METROPOLITANA;LA FLORIDA;CHOQUE LADO/LADO;CHOQUE;URBANA;TRAMO DE VIA RECTA;IMPRUDENCIA DEL CONDUCTOR;CONDUCCION SIN MANTENER DISTANCIA RAZONABLE NI PRUDENTE;SAN PEDRO;;- SAN PEDRO;2178;;;BIDIRECCIONAL;ASFALTO;BUENO;MOJADO;LLUVIA;0;0;0;0
-7858919,162;-3951828,958;9725;2024;1621023;-33,424824;-70,597872;1;2024/06/11 00:00:00+00;1899/12/30 00:00:00+00;REGION METROPOLITANA;PROVIDENCIA;COLISION FRONTAL;COLISION;URBANA;TRAMO DE VIA RECTA;IMPRUDENCIA DEL CONDUCTOR;ADELANTAMIENTO SIN EL ESPACIO O TIEMPO SUFICIENTE;EL BOSQUE;;- EL BOSQUE;557;;;UNIDIRECCIONAL;ASFALTO;BUENO;HUMEDO;NUBLADO;0;1;0;0
-7865084,703;-3961587,224;9726;2024;1621024;-33,497955;-70,653258;1;2024/06/05 00:00:00+00;1899/12/30 00:00:00+00;REGION METROPOLITANA;SAN MIGUEL;COLISION LATERAL;COLISION;URBANA;OTROS NO CONSIDERADOS;IMPRUDENCIA DEL CONDUCTOR;CONDUCCION NO ATENTO CONDICIONES TRANSITO MOMENTO;SEGUNDA TRANSVERSAL;GRAN AVDA JOSE MIGUEL CARRERA;GRAN AVDA JOSE MIGUEL CARRERA - SEGUNDA TRANSVERSAL;0;;;BIDIRECCIONAL;ASFALTO;BUENO;SECO;DESPEJADO;0;0;0;0
-7862355,706;-3952862,159;9727;2024;1621026;-33,43257;-70,628743;1;2024/06/28 00:00:00+00;1899/12/30 00:00:00+00;REGION METROPOLITANA;PROVIDENCIA;CHOQUE LATERAL;CHOQUE;URBANA;TRAMO DE VIA RECTA;IMPRUDENCIA DEL CONDUCTOR;CONDUCCION NO ATENTO CONDICIONES TRANSITO MOMENTO;STA MARIA;;- STA MARIA;500;;;UNIDIRECCIONAL;ASFALTO;REGULAR;MOJADO;NUBLADO;0;0;0;1
-7853633,49;-3959306,742;9728;2024;1621027;-33,48087;-70,55039;1;2024/06/25 00:00:00+00;1899/12/30 00:00:00+00;REGION METROPOLITANA;PENALOLEN;ATROPELLO;ATROPELLO;URBANA;TRAMO DE VIA RECTA;IMPRUDENCIA DEL PEATON;IMPRUDENCIA DEL PEATON;13 ORIENTE;;- 13 ORIENTE;2441;;;BIDIRECCIONAL;CONCRETO;BUENO;SECO;NUBLADO;0;1;0;0
-7859456,724;-3953336,241;9729;2024;1621028;-33,436124;-70,602701;1;2024/06/23 00:00:00+00;1899/12/30 00:00:00+00;REGION METROPOLITANA;PROVIDENCIA;COLISION FRONTAL;COLISION;URBANA;CRUCE SIN SENALIZACION;IMPRUDENCIA DEL CONDUCTOR;CONDUCCION NO ATENTO CONDICIONES TRANSITO MOMENTO;CALIFORNIA;SUECIA;CALIFORNIA - SUECIA;0;;;UNIDIRECCIONAL;ASFALTO;BUENO;HUMEDO;NUBLADO;0;0;0;1
-7864535,898;-3959140,446;9730;2024;1621029;-33,479624;-70,648328;1;2024/06/06 00:00:00+00;1899/12/30 00:00:00+00;REGION METROPOLITANA;SAN MIGUEL;COLISION POR ALCANCE;COLISION;URBANA;TRAMO DE VIA RECTA;IMPRUDENCIA DEL CONDUCTOR;CONDUCCION SIN MANTENER DISTANCIA RAZONABLE NI PRUDENTE;ALC CARLOS VALDOVINOS;GRAN AVDA JOSE MIGUEL CARRERA;ALC CARLOS VALDOVINOS - GRAN AVDA JOSE MIGUEL CARRERA;0;;;UNIDIRECCIONAL;ASFALTO;BUENO;SECO;DESPEJADO;0;0;0;0
-7865890,211;-3960744,521;9731;2024;1621030;-33,491642;-70,660494;1;2024/06/07 00:00:00+00;1899/12/30 00:00:00+00;REGION METROPOLITANA;SAN MIGUEL;COLISION POR ALCANCE;COLISION;URBANA;TRAMO DE VIA RECTA;IMPRUDENCIA DEL CONDUCTOR;CONDUCCION NO ATENTO CONDICIONES TRANSITO MOMENTO;PDTE JORGE ALESSANDRI RODRIGUEZ;TERESA VIAL;PDTE JORGE ALESSANDRI RODRIGUEZ - TERESA VIAL;0;;;UNIDIRECCIONAL;ASFALTO;BUENO;SECO;DESPEJADO;0;0;0;0
-7858885,321;-3954256,847;9732;2024;1621031;-33,443025;-70,597568;1;2024/06/13 00:00:00+00;1899/12/30 00:00:00+00;REGION METROPOLITANA;PROVIDENCIA;CHOQUE POSTERIOR/LADO;CHOQUE;URBANA;CRUCE CON SEMAFORO FUNCIONANDO;IMPRUDENCIA DEL CONDUCTOR;ADELANTAMIENTO SIN EL ESPACIO O TIEMPO SUFICIENTE;HOLANDA;EL AGUILUCHO;EL AGUILUCHO - HOLANDA;0;;;UNIDIRECCIONAL;ASFALTO;BUENO;MOJADO;LLUVIA;0;0;0;1
-7864806,739;-3961866,225;9733;2024;1621033;-33,500045;-70,650761;1;2024/06/07 00:00:00+00;1899/12/30 00:00:00+00;REGION METROPOLITANA;SAN MIGUEL;CHOQUE LADO/FRENTE;CHOQUE;URBANA;OTROS NO CONSIDERADOS;IMPRUDENCIA DEL CONDUCTOR;CONDUCCION NO ATENTO CONDICIONES TRANSITO MOMENTO;CHILOE;SAN NICOLAS;CHILOE - SAN NICOLAS;0;;;BIDIRECCIONAL;CONCRETO;BUENO;SECO;DESPEJADO;0;0;0;0
-7857275,53;-3953161,359;9734;2024;1621034;-33,434813;-70,583107;1;2024/06/11 00:00:00+00;1899/12/30 00:00:00+00;REGION METROPOLITANA;PROVIDENCIA;COLISION LATERAL;COLISION;URBANA;TRAMO DE VIA RECTA;IMPRUDENCIA DEL CONDUCTOR;CONDUCCION CONTRA SENTIDO DEL TRANSITO;ELIECER PARADA;SAN JUAN DE LUZ;ELIECER PARADA - SAN JUAN DE LUZ;0;;;UNIDIRECCIONAL;ASFALTO;BUENO;SECO;DESPEJADO;0;0;0;1
-7864918,949;-3960835,156;9735;2024;1621035;-33,492321;-70,651769;1;2024/06/08 00:00:00+00;1899/12/30 00:00:00+00;REGION METROPOLITANA;SAN MIGUEL;COLISION POR ALCANCE;COLISION;URBANA;CRUCE CON SEMAFORO APAGADO;IMPRUDENCIA DEL CONDUCTOR;CONDUCCION NO ATENTO CONDICIONES TRANSITO MOMENTO;GRAN AVDA JOSE MIGUEL CARRERA;CENTENARIO DE SAN MIGUEL;CENTENARIO DE SAN MIGUEL - GRAN AVDA JOSE MIGUEL CARRERA;0;;;BIDIRECCIONAL CON BANDEJON;ASFALTO;BUENO;SECO;NUBLADO;0;0;0;0
-7859513,052;-3952272,052;9736;2024;1621036;-33,428146;-70,603207;1;2024/06/10 00:00:00+00;1899/12/30 00:00:00+00;REGION METROPOLITANA;PROVIDENCIA;COLISION LATERAL;COLISION;URBANA;CRUCE CON SENAL CEDA EL PASO;DESOBEDIENCIA A SENALIZACION;SENALIZACION DESOBEDECER SENAL CEDA EL PASO;LOS LEONES;LAS HORTENSIAS;LAS HORTENSIAS - LOS LEONES;0;;;UNIDIRECCIONAL;ASFALTO;BUENO;SECO;DESPEJADO;0;0;0;1
-7866115,967;-3963493,643;9737;2024;1621039;-33,512235;-70,662522;1;2024/06/08 00:00:00+00;1899/12/30 00:00:00+00;REGION METROPOLITANA;SAN MIGUEL;COLISION POR ALCANCE;COLISION;URBANA;TRAMO DE VIA RECTA;IMPRUDENCIA DEL CONDUCTOR;CONDUCCION SIN MANTENER DISTANCIA RAZONABLE NI PRUDENTE;DEPARTAMENTAL;SEGUNDA TRANSVERSAL;DEPARTAMENTAL - SEGUNDA TRANSVERSAL;0;;;BIDIRECCIONAL;CONCRETO;BUENO;SECO;DESPEJADO;0;0;0;0
-7862529,921;-3954801,428;9738;2024;1621040;-33,447107;-70,630308;1;2024/06/13 00:00:00+00;1899/12/30 00:00:00+00;REGION METROPOLITANA;PROVIDENCIA;ATROPELLO;ATROPELLO;URBANA;TRAMO DE VIA RECTA;IMPRUDENCIA DEL CONDUCTOR;CONDUCCION NO ATENTO CONDICIONES TRANSITO MOMENTO;STA ISABEL;GRAL BUSTAMANTE;GRAL BUSTAMANTE - STA ISABEL;0;;;UNIDIRECCIONAL;ADOQUIN;BUENO;SECO;DESPEJADO;0;0;0;1
-7859074,787;-3954438,149;9739;2024;1621041;-33,444384;-70,59927;1;2024/06/30 00:00:00+00;1899/12/30 00:00:00+00;REGION METROPOLITANA;PROVIDENCIA;COLISION LATERAL;COLISION;URBANA;TRAMO DE VIA RECTA;IMPRUDENCIA DEL CONDUCTOR;CONDUCCION NO ATENTO CONDICIONES TRANSITO MOMENTO;DR PEDRO LAUTARO FERRER;LOS LEONES;DR PEDRO LAUTARO FERRER - LOS LEONES;0;;;UNIDIRECCIONAL;ASFALTO;BUENO;HUMEDO;DESPEJADO;0;0;0;0
-7865271,609;-3962305,965;9740;2024;1621042;-33,503339;-70,654937;1;2024/06/09 00:00:00+00;1899/12/30 00:00:00+00;REGION METROPOLITANA;SAN MIGUEL;COLISION FRONTAL;COLISION;URBANA;OTROS NO CONSIDERADOS;IMPRUDENCIA DEL CONDUCTOR;CONDUCCION NO ATENTO CONDICIONES TRANSITO MOMENTO;GRAN AVDA JOSE MIGUEL CARRERA;DEPARTAMENTAL;DEPARTAMENTAL - GRAN AVDA JOSE MIGUEL CARRERA;0;;;BIDIRECCIONAL CON BANDEJON;ASFALTO;BUENO;SECO;DESPEJADO;0;0;0;1
-7859335,386;-3952078,647;9741;2024;1621043;-33,426696;-70,601611;1;2024/06/11 00:00:00+00;1899/12/30 00:00:00+00;REGION METROPOLITANA;PROVIDENCIA;COLISION FRONTAL;COLISION;URBANA;TRAMO DE VIA RECTA;IMPRUDENCIA DEL CONDUCTOR;CONDUCCION NO ATENTO CONDICIONES TRANSITO MOMENTO;CARLOS ANTUNEZ;HOLANDA;CARLOS ANTUNEZ - HOLANDA;0;;;UNIDIRECCIONAL;ASFALTO;BUENO;HUMEDO;DESPEJADO;0;0;0;0
-7859586,745;-3953535,27;9742;2024;1621044;-33,437616;-70,603869;1;2024/06/22 00:00:00+00;1899/12/30 00:00:00+00;REGION METROPOLITANA;PROVIDENCIA;COLISION FRONTAL;COLISION;URBANA;CRUCE CON SEMAFORO APAGADO;IMPRUDENCIA DEL CONDUCTOR;CONDUCCION NO ATENTO CONDICIONES TRANSITO MOMENTO;FRANCISCO BILBAO;RICARDO LYON;FRANCISCO BILBAO - RICARDO LYON;0;;;BIDIRECCIONAL;ASFALTO;BUENO;HUMEDO;DESPEJADO;0;0;0;0
-7859458,394;-3952518,682;9743;2024;1621047;-33,429995;-70,602716;1;2024/06/21 00:00:00+00;1899/12/30 00:00:00+00;REGION METROPOLITANA;PROVIDENCIA;COLISION LATERAL;COLISION;URBANA;CRUCE CON SEMAFORO FUNCIONANDO;IMPRUDENCIA DEL CONDUCTOR;CONDUCCION NO ATENTO CONDICIONES TRANSITO MOMENTO;LOS LEONES;ELIODORO YANEZ;ELIODORO YANEZ - LOS LEONES;0;;;UNIDIRECCIONAL;ASFALTO;BUENO;MOJADO;LLUVIA;0;0;0;1
-7859586,745;-3953535,27;9744;2024;1621048;-33,437616;-70,603869;1;2024/06/22 00:00:00+00;1899/12/30 00:00:00+00;REGION METROPOLITANA;PROVIDENCIA;COLISION FRONTAL;COLISION;URBANA;CRUCE CON SEMAFORO APAGADO;VELOCIDAD IMPRUDENTE;VELOCIDAD EXCESO EN ZONA RESTRINGIDA;FRANCISCO BILBAO;RICARDO LYON;FRANCISCO BILBAO - RICARDO LYON;0;;;BIDIRECCIONAL;ASFALTO;BUENO;HUMEDO;DESPEJADO;0;0;0;0
-7860412,179;-3954711,774;9745;2024;1621051;-33,446435;-70,611284;1;2024/06/22 00:00:00+00;1899/12/30 00:00:00+00;REGION METROPOLITANA;PROVIDENCIA;COLISION FRONTAL;COLISION;URBANA;CRUCE CON SEMAFORO APAGADO;IMPRUDENCIA DEL CONDUCTOR;CONDUCCION NO ATENTO CONDICIONES TRANSITO MOMENTO;ANTONIO VARAS;DIAG ORIENTE;ANTONIO VARAS - DIAG ORIENTE;0;;;UNIDIRECCIONAL;ASFALTO;BUENO;MOJADO;LLUVIA;0;0;0;0
-7861110,152;-3952626,193;9746;2024;1621053;-33,430801;-70,617554;1;2024/06/30 00:00:00+00;1899/12/30 00:00:00+00;REGION METROPOLITANA;PROVIDENCIA;COLISION LATERAL;COLISION;URBANA;TRAMO DE VIA RECTA;IMPRUDENCIA DEL CONDUCTOR;CONDUCCION NO ATENTO CONDICIONES TRANSITO MOMENTO;GRAL DEL CANTO;;- GRAL DEL CANTO;307;;;UNIDIRECCIONAL;ASFALTO;BUENO;HUMEDO;LLOVIZNA;0;0;0;0
-7860855,787;-3953117,739;9747;2024;1621054;-33,434486;-70,615269;1;2024/06/27 00:00:00+00;1899/12/30 00:00:00+00;REGION METROPOLITANA;PROVIDENCIA;COLISION LATERAL;COLISION;URBANA;TRAMO DE VIA RECTA;IMPRUDENCIA DEL CONDUCTOR;CONDUCCION NO ATENTO CONDICIONES TRANSITO MOMENTO;ANTONIO VARAS;VALENZUELA CASTILLO;ANTONIO VARAS - VALENZUELA CASTILLO;0;;;UNIDIRECCIONAL;ASFALTO;BUENO;HUMEDO;DESPEJADO;0;0;0;0
-7861627,788;-3952069,043;9748;2024;1621058;-33,426624;-70,622204;1;2024/06/29 00:00:00+00;1899/12/30 00:00:00+00;REGION METROPOLITANA;PROVIDENCIA;CHOQUE FRENTE/FRENTE;CHOQUE;URBANA;CRUCE CON SEMAFORO FUNCIONANDO;IMPRUDENCIA DEL CONDUCTOR;CONDUCIR VEHICULO EN RETROCESO;ANDRES BELLO;ARZ CASANOVA;ANDRES BELLO - ARZ CASANOVA;0;;;UNIDIRECCIONAL;ASFALTO;BUENO;MOJADO;LLUVIA;0;0;0;0
-7863067,817;-3953481,644;9749;2024;1621059;-33,437214;-70,63514;1;2024/06/27 00:00:00+00;1899/12/30 00:00:00+00;REGION METROPOLITANA;PROVIDENCIA;COLISION LATERAL;COLISION;URBANA;TRAMO DE VIA RECTA;IMPRUDENCIA DEL CONDUCTOR;CONDUCCION NO ATENTO CONDICIONES TRANSITO MOMENTO;PROVIDENCIA;VICUNA MACKENNA;PROVIDENCIA - VICUNA MACKENNA;0;;;UNIDIRECCIONAL;ASFALTO;BUENO;HUMEDO;NUBLADO;0;0;0;0