ï»¿X;Y;FID;AÃ±o;IdAccident;Latitud;longitud;ClaseAccid;Fecha;Hora;RegiÃ³n;Comuna;Tipo_Accid;Tipo__CONA;Zona;UbicaciÃ³n;Causa__CON;Causa_Acci;Calle_Uno;Calle_Dos;Intersecci;NÃºmero;Ruta;Ubicaci_1;Calzada;Tipo_Calza;Estado_Cal;CondiciÃ³n;Estado_Atm;Fallecidos;Graves;Menos_Grav;Leves
-7866763,29;-3962012,803;9953;2024;1621746;-33,501143;-70,668337;1;2024/05/09 00:00:00+00;1899/12/30 00:00:00+00;REGION METROPOLITANA;PEDRO AGUIRRE CERDA;CHOQUE LATERAL;CHOQUE;URBANA;TRAMO DE VIA RECTA;DESOBEDIENCIA A SENALIZACION;SENALIZACION DESOBEDECER OTRA;JOSE JOAQUIN PRIETO VIAL;;- JOSE JOAQUIN PRIETO VIAL;5531;;;BIDIRECCIONAL;ASFALTO;BUENO;SECO;DESPEJADO;0;0;0;0
-7867382,894;-3962803,397;9954;2024;1621753;-33,507065;-70,673903;1;2024/05/09 00:00:00+00;1899/12/30 00:00:00+00;REGION METROPOLITANA;PEDRO AGUIRRE CERDA;COLISION LATERAL;COLISION;URBANA;TRAMO DE VIA RECTA;IMPRUDENCIA DEL CONDUCTOR;CONDUCCION NO ATENTO CONDICIONES TRANSITO MOMENTO;ABRANQUIL;MELINKA;ABRANQUIL - MELINKA;0;;;BIDIRECCIONAL;ASFALTO;BUENO;SECO;DESPEJADO;0;0;0;0
-7866825,518;-3961774,38;9955;2024;1621755;-33,499357;-70,668896;1;2024/05/14 00:00:00+00;1899/12/30 00:00:00+00;REGION METROPOLITANA;PEDRO AGUIRRE CERDA;COLISION POR ALCANCE;COLISION;URBANA;TRAMO DE VIA RECTA;DESOBEDIENCIA A SENALIZACION;SENALIZACION DESOBEDECER OTRA;DEPARTAMENTAL;ABRANQUIL;ABRANQUIL - DEPARTAMENTAL;0;;;BIDIRECCIONAL;ASFALTO;BUENO;SECO;DESPEJADO;0;0;0;0
-7857228,553;-3951031,245;9956;2024;1621770;-33,418843;-70,582685;1;2024/06/07 00:00:00+00;1899/12/30 00:00:00+00;REGION METROPOLITANA;LAS CONDES;ATROPELLO;ATROPELLO;URBANA;TRAMO DE VIA RECTA;ALCOHOL EN CONDUCTOR;CONDUCCION EN ESTADO DE EBRIEDAD;AMERICO VESPUCIO SUR;PDTE ERRAZURIZ;AMERICO VESPUCIO SUR - PDTE ERRAZURIZ;0;;;BIDIRECCIONAL CON BANDEJON;ASFALTO;BUENO;SECO;NUBLADO;0;0;0;2
-7864883,326;-3956688,981;9957;2024;1621771;-33,461254;-70,651449;1;2024/06/07 00:00:00+00;1899/12/30 00:00:00+00;REGION METROPOLITANA;SANTIAGO;COLISION POR ALCANCE;COLISION;URBANA;TRAMO DE VIA RECTA;IMPRUDENCIA DEL CONDUCTOR;CONDUCCION NO ATENTO CONDICIONES TRANSITO MOMENTO;LIBER BERNARDO O'HIGGINS;NATANIEL COX;LIBER BERNARDO O'HIGGINS - NATANIEL COX;0;;;BIDIRECCIONAL CON BANDEJON;ASFALTO;BUENO;SECO;NUBLADO;0;0;0;0
-7867124,299;-3958804,656;9958;2024;1621772;-33,477108;-70,67158;1;2024/05/29 00:00:00+00;1899/12/30 00:00:00+00;REGION METROPOLITANA;PEDRO AGUIRRE CERDA;COLISION;COLISION;URBANA;TRAMO DE VIA RECTA;IMPRUDENCIA DEL CONDUCTOR;CONDUCCION NO ATENTO CONDICIONES TRANSITO MOMENTO;BASCUNAN GUERRERO;EL CARMELO;BASCUNAN GUERRERO - EL CARMELO;0;;;BIDIRECCIONAL;ASFALTO;BUENO;SECO;DESPEJADO;0;0;0;2
-7865885,536;-3959049,958;9959;2024;1621774;-33,478946;-70,660452;1;2024/05/26 00:00:00+00;1899/12/30 00:00:00+00;REGION METROPOLITANA;PEDRO AGUIRRE CERDA;COLISION;COLISION;URBANA;TRAMO DE VIA RECTA;IMPRUDENCIA DEL CONDUCTOR;CONDUCCION NO ATENTO CONDICIONES TRANSITO MOMENTO;ALC CARLOS VALDOVINOS;JUAN DE BASTIDAS;ALC CARLOS VALDOVINOS - JUAN DE BASTIDAS;0;;;BIDIRECCIONAL;ASFALTO;BUENO;SECO;DESPEJADO;0;0;0;1
-7866386,14;-3959276,98;9960;2024;1621775;-33,480647;-70,664949;1;2024/05/31 00:00:00+00;1899/12/30 00:00:00+00;REGION METROPOLITANA;PEDRO AGUIRRE CERDA;COLISION LATERAL;COLISION;URBANA;TRAMO DE VIA RECTA;IMPRUDENCIA DEL CONDUCTOR;CONDUCCION NO ATENTO CONDICIONES TRANSITO MOMENTO;CLUB HIPICO;;- CLUB HIPICO;2865;;;BIDIRECCIONAL;ASFALTO;BUENO;SECO;DESPEJADO;0;0;0;2
-7867363,079;-3960416,694;9961;2024;1621776;-33,489186;-70,673725;1;2024/06/02 00:00:00+00;1899/12/30 00:00:00+00;REGION METROPOLITANA;PEDRO AGUIRRE CERDA;CHOQUE FRONTAL;CHOQUE;URBANA;TRAMO DE VIA RECTA;IMPRUDENCIA DEL CONDUCTOR;CONDUCCION NO ATENTO CONDICIONES TRANSITO MOMENTO;CLOTARIO BLEST;;- CLOTARIO BLEST;4680;;;BIDIRECCIONAL;ASFALTO;BUENO;SECO;DESPEJADO;0;0;0;1
-7866386,14;-3959276,98;9962;2024;1621779;-33,480647;-70,664949;1;2024/06/06 00:00:00+00;1899/12/30 00:00:00+00;REGION METROPOLITANA;PEDRO AGUIRRE CERDA;CHOQUE FRONTAL;CHOQUE;URBANA;TRAMO DE VIA RECTA;IMPRUDENCIA DEL CONDUCTOR;CONDUCCION NO ATENTO CONDICIONES TRANSITO MOMENTO;CLUB HIPICO;;- CLUB HIPICO;2865;;;BIDIRECCIONAL;ASFALTO;BUENO;SECO;DESPEJADO;0;0;0;1
-7859552,57;-3950368,148;9963;2024;1621780;-33,413871;-70,603562;1;2024/06/07 00:00:00+00;1899/12/30 00:00:00+00;REGION METROPOLITANA;LAS CONDES;COLISION LATERAL;COLISION;URBANA;TRAMO DE VIA RECTA;IMPRUDENCIA DEL CONDUCTOR;CONDUCCION CAMBIAR SORPRESIVAMENTE PISTA CIRCULACION;ISIDORA GOYENECHEA;ANDRES BELLO;ANDRES BELLO - ISIDORA GOYENECHEA;0;;;UNIDIRECCIONAL;CONCRETO;BUENO;SECO;NUBLADO;0;0;0;0
-7866370,778;-3950127,432;9964;2024;1621782;-33,412066;-70,664811;1;2024/06/25 00:00:00+00;1899/12/30 00:00:00+00;REGION METROPOLITANA;INDEPENDENCIA;CHOQUE FRONTAL;CHOQUE;URBANA;TRAMO DE VIA RECTA;ALCOHOL EN CONDUCTOR;CONDUCCION EN ESTADO DE EBRIEDAD;INGLATERRA;;- INGLATERRA;1761;;;UNIDIRECCIONAL;CONCRETO;BUENO;SECO;NUBLADO;0;0;0;1
-7859174,64;-3949556,534;9965;2024;1621785;-33,407785;-70,600167;1;2024/06/07 00:00:00+00;1899/12/30 00:00:00+00;REGION METROPOLITANA;LAS CONDES;COLISION LATERAL;COLISION;URBANA;TRAMO DE VIA RECTA;IMPRUDENCIA DEL CONDUCTOR;CONDUCCION NO ATENTO CONDICIONES TRANSITO MOMENTO;VITACURA;PDTE KENNEDY;PDTE KENNEDY - VITACURA;0;;;BIDIRECCIONAL CON BANDEJON;ASFALTO;BUENO;SECO;NUBLADO;0;0;0;4
-7878203,149;-3933830,082;9966;2024;1621786;-33,289774;-70,771103;1;2024/07/03 00:00:00+00;1899/12/30 00:00:00+00;REGION METROPOLITANA;LAMPA;COLISION LATERAL;COLISION;RURAL;TRAMO DE VIA RECTA;IMPRUDENCIA DEL CONDUCTOR;CONDUCCION NO ATENTO CONDICIONES TRANSITO MOMENTO;CACIQUE COLIN;TAQUERAL;CACIQUE COLIN - TAQUERAL;0;;;BIDIRECCIONAL;ASFALTO;BUENO;SECO;DESPEJADO;0;0;0;0
-7857086,175;-3951431,228;9967;2024;1621787;-33,421842;-70,581406;1;2024/06/07 00:00:00+00;1899/12/30 00:00:00+00;REGION METROPOLITANA;LAS CONDES;CHOQUE FRENTE/LADO;CHOQUE;URBANA;CICLOVIA;IMPRUDENCIA DEL CONDUCTOR;CONDUCCION NO ATENTO CONDICIONES TRANSITO MOMENTO;MARTIN DE ZAMORA;;- MARTIN DE ZAMORA;4350;;;UNIDIRECCIONAL;ASFALTO;BUENO;SECO;NUBLADO;0;1;0;0
-7857808,639;-3948429,489;9968;2024;1621788;-33,399333;-70,587896;1;2024/06/08 00:00:00+00;1899/12/30 00:00:00+00;REGION METROPOLITANA;LAS CONDES;CHOQUE LADO/LADO;CHOQUE;URBANA;CRUCE CON SEMAFORO FUNCIONANDO;IMPRUDENCIA DEL CONDUCTOR;VIRAJES INDEBIDOS;PDTE KENNEDY;AMERICO VESPUCIO NORTE;AMERICO VESPUCIO NORTE - PDTE KENNEDY;0;;;BIDIRECCIONAL CON BANDEJON;ASFALTO;BUENO;SECO;NUBLADO;0;0;0;0
-7859466,075;-3950055,951;9969;2024;1621790;-33,41153;-70,602785;1;2024/06/07 00:00:00+00;1899/12/30 00:00:00+00;REGION METROPOLITANA;LAS CONDES;COLISION LATERAL;COLISION;URBANA;CRUCE CON SEMAFORO FUNCIONANDO;IMPRUDENCIA DEL CONDUCTOR;CONDUCCION NO ATENTO CONDICIONES TRANSITO MOMENTO;VITACURA;PDTE RIESCO;PDTE RIESCO - VITACURA;0;;;UNIDIRECCIONAL;CONCRETO;BUENO;SECO;NUBLADO;0;0;0;2
-7867255,039;-3968375,171;9970;2024;1621791;-33,548789;-70,672754;1;2024/06/24 00:00:00+00;1899/12/30 00:00:00+00;REGION METROPOLITANA;EL BOSQUE;COLISION LATERAL;COLISION;URBANA;TRAMO DE VIA RECTA;IMPRUDENCIA DEL CONDUCTOR;CONDUCIR VEHICULO EN RETROCESO;LAS MARGARITAS;VICTOR PLAZA MAYORGA;LAS MARGARITAS - VICTOR PLAZA MAYORGA;0;;;BIDIRECCIONAL;CONCRETO;BUENO;SECO;DESPEJADO;0;0;0;0
-7853735,57;-3949145,547;9971;2024;1621792;-33,404703;-70,551307;1;2024/06/08 00:00:00+00;1899/12/30 00:00:00+00;REGION METROPOLITANA;LAS CONDES;IMPACTO CON ANIMAL;OTRO TIPO;URBANA;TRAMO DE VIA RECTA;DEFICIENCIAS VIALES;ANIMALES SUELTOS VIA PUBLICA;RAFAEL SANZIO;;- RAFAEL SANZIO;397;;;BIDIRECCIONAL;CONCRETO;BUENO;SECO;NUBLADO;0;0;0;0
-7890174,781;-3933083,408;9972;2024;1621793;-33,284167;-70,878646;1;2024/07/03 00:00:00+00;1899/12/30 00:00:00+00;REGION METROPOLITANA;LAMPA;COLISION LATERAL;COLISION;URBANA;TRAMO DE VIA RECTA;IMPRUDENCIA DEL CONDUCTOR;CONDUCCION NO ATENTO CONDICIONES TRANSITO MOMENTO;BAQUEDANO;;- BAQUEDANO;884;;;UNIDIRECCIONAL;ASFALTO;BUENO;SECO;DESPEJADO;0;0;0;0
-7856302,931;-3952692,621;9973;2024;1621794;-33,431299;-70,57437;1;2024/06/10 00:00:00+00;1899/12/30 00:00:00+00;REGION METROPOLITANA;LA REINA;COLISION LATERAL;COLISION;URBANA;TRAMO DE VIA RECTA;IMPRUDENCIA DEL CONDUCTOR;CONDUCCION NO ATENTO CONDICIONES TRANSITO MOMENTO;OSSA;FRANCISCO BILBAO;FRANCISCO BILBAO - OSSA;0;;;BIDIRECCIONAL CON BANDEJON;CONCRETO;BUENO;SECO;NUBLADO;0;0;0;0
-7868079,42;-3961854,611;9974;2024;1621795;-33,499958;-70,68016;1;2024/06/08 00:00:00+00;1899/12/30 00:00:00+00;REGION METROPOLITANA;PEDRO AGUIRRE CERDA;ATROPELLO;ATROPELLO;URBANA;TRAMO DE VIA RECTA;DESOBEDIENCIA A SENALIZACION;SENALIZACION DESOBEDECER OTRA;BOMB OSSANDON;TEMISTOCLES;BOMB OSSANDON - TEMISTOCLES;0;;;BIDIRECCIONAL;ASFALTO;BUENO;SECO;DESPEJADO;0;0;0;1
-7856645,285;-3949332,953;9975;2024;1621796;-33,406108;-70,577445;1;2024/06/10 00:00:00+00;1899/12/30 00:00:00+00;REGION METROPOLITANA;LAS CONDES;COLISION LATERAL;COLISION;URBANA;TRAMO DE VIA RECTA;IMPRUDENCIA DEL CONDUCTOR;ADELANTAMIENTO SIN EL ESPACIO O TIEMPO SUFICIENTE;ALONSO DE CORDOVA;PIO XI;ALONSO DE CORDOVA - PIO XI;0;;;BIDIRECCIONAL CON BANDEJON;ASFALTO;BUENO;SECO;NUBLADO;0;0;0;1
-7856528,465;-3951348,937;9976;2024;1621798;-33,421225;-70,576396;1;2024/06/10 00:00:00+00;1899/12/30 00:00:00+00;REGION METROPOLITANA;LAS CONDES;COLISION POR ALCANCE;COLISION;URBANA;CRUCE CON SEMAFORO FUNCIONANDO;IMPRUDENCIA DEL CONDUCTOR;CONDUCCION NO ATENTO CONDICIONES TRANSITO MOMENTO;CRISTOBAL COLON;MARTIN ALONSO PINZON;CRISTOBAL COLON - MARTIN ALONSO PINZON;0;;;BIDIRECCIONAL;ASFALTO;BUENO;SECO;LLUVIA;0;0;0;0
-7867132,092;-3958764,485;9977;2024;1621799;-33,476807;-70,67165;1;2024/06/09 00:00:00+00;1899/12/30 00:00:00+00;REGION METROPOLITANA;PEDRO AGUIRRE CERDA;COLISION LATERAL;COLISION;URBANA;TRAMO DE VIA RECTA;IMPRUDENCIA DEL CONDUCTOR;CONDUCCION NO ATENTO CONDICIONES TRANSITO MOMENTO;ISABEL RIQUELME;BASCUNAN GUERRERO;BASCUNAN GUERRERO - ISABEL RIQUELME;0;;;BIDIRECCIONAL;ASFALTO;BUENO;SECO;DESPEJADO;0;0;0;0
-7872998,183;-3959433,936;9978;2024;1621802;-33,481823;-70,724346;1;2024/06/18 00:00:00+00;1899/12/30 00:00:00+00;REGION METROPOLITANA;MAIPU;COLISION PERPENDICULAR;COLISION;URBANA;CRUCE CON SEMAFORO FUNCIONANDO;DESOBEDIENCIA A SENALIZACION;SENALIZACION DESOBEDECER LUZ ROJA DE SEMAFORO;ISABEL RIQUELME;LO ERRAZURIZ;ISABEL RIQUELME - LO ERRAZURIZ;0;;;BIDIRECCIONAL CON BANDEJON;ASFALTO;BUENO;MOJADO;LLUVIA;0;0;0;0
-7869896,6;-3956322,04;9979;2024;1621803;-33,458504;-70,696484;1;2024/06/20 00:00:00+00;1899/12/30 00:00:00+00;REGION METROPOLITANA;ESTACION CENTRAL;COLISION LATERAL;COLISION;URBANA;TRAMO DE VIA RECTA;IMPRUDENCIA DEL CONDUCTOR;ADELANTAMIENTO SIN EL ESPACIO O TIEMPO SUFICIENTE;LIBER BERNARDO O'HIGGINS;GRAL AMENGUAL;GRAL AMENGUAL - LIBER BERNARDO O'HIGGINS;0;;;BIDIRECCIONAL CON BANDEJON;ASFALTO;BUENO;SECO;DESPEJADO;0;0;0;1
-7858503,606;-3973463,547;9980;2024;1621804;-33,586876;-70,594139;1;2024/05/24 00:00:00+00;1899/12/30 00:00:00+00;REGION METROPOLITANA;PUENTE ALTO;CHOQUE FRENTE/LADO;CHOQUE;URBANA;TRAMO DE VIA RECTA;IMPRUDENCIA DEL CONDUCTOR;CONDUCCION NO ATENTO CONDICIONES TRANSITO MOMENTO;PEMUCO;;- PEMUCO;2743;;;BIDIRECCIONAL;CONCRETO;BUENO;SECO;DESPEJADO;0;0;0;0
-7867469,501;-3962151,106;9981;2024;1621809;-33,502179;-70,674681;1;2024/06/10 00:00:00+00;1899/12/30 00:00:00+00;REGION METROPOLITANA;PEDRO AGUIRRE CERDA;CHOQUE FRONTAL;CHOQUE;URBANA;TRAMO DE VIA RECTA;IMPRUDENCIA DEL CONDUCTOR;CONDUCCION NO ATENTO CONDICIONES TRANSITO MOMENTO;CLUB HIPICO;PIRIHUEICO;CLUB HIPICO - PIRIHUEICO;0;;;BIDIRECCIONAL;ASFALTO;BUENO;SECO;DESPEJADO;0;0;0;1
-7865868,059;-3954881,209;9982;2024;1621812;-33,447705;-70,660295;1;2024/06/15 00:00:00+00;1899/12/30 00:00:00+00;REGION METROPOLITANA;SANTIAGO;COLISION POR ALCANCE;COLISION;URBANA;TRAMO DE VIA RECTA;IMPRUDENCIA DEL CONDUCTOR;CONDUCCION NO ATENTO CONDICIONES TRANSITO MOMENTO;VIEL;AUTOPISTA CENTRAL;AUTOPISTA CENTRAL - VIEL;0;;;UNIDIRECCIONAL;ASFALTO;BUENO;SECO;DESPEJADO;0;0;0;0
-7857808,639;-3948429,489;9983;2024;1621815;-33,399333;-70,587896;1;2024/04/19 00:00:00+00;1899/12/30 00:00:00+00;REGION METROPOLITANA;LAS CONDES;COLISION;COLISION;URBANA;TRAMO DE VIA RECTA;IMPRUDENCIA DEL CONDUCTOR;NO RESPETAR DERECHO PREFERENTE DE PASO A VEHICULO;AMERICO VESPUCIO NORTE;PDTE KENNEDY;AMERICO VESPUCIO NORTE - PDTE KENNEDY;0;;;BIDIRECCIONAL CON BANDEJON;ASFALTO;BUENO;SECO;NUBLADO;0;0;0;0
-7856609,394;-3975600,475;9984;2024;1621816;-33,602866;-70,577123;1;2024/07/01 00:00:00+00;1899/12/30 00:00:00+00;REGION METROPOLITANA;PUENTE ALTO;COLISION POR ALCANCE;COLISION;URBANA;CRUCE CON SEMAFORO FUNCIONANDO;IMPRUDENCIA DEL CONDUCTOR;CONDUCCION CAMBIAR SORPRESIVAMENTE PISTA CIRCULACION;CONCHA Y TORO;DOMINGO TOCORNAL;CONCHA Y TORO - DOMINGO TOCORNAL;0;;;BIDIRECCIONAL CON BANDEJON;ASFALTO;BUENO;SECO;DESPEJADO;0;0;0;0
-7866557,349;-3961907,341;9985;2024;1621817;-33,500353;-70,666487;1;2024/06/12 00:00:00+00;1899/12/30 00:00:00+00;REGION METROPOLITANA;PEDRO AGUIRRE CERDA;COLISION POR ALCANCE;COLISION;URBANA;TRAMO DE VIA RECTA;IMPRUDENCIA DEL CONDUCTOR;CONDUCCION NO ATENTO CONDICIONES TRANSITO MOMENTO;DEPARTAMENTAL;JOSE JOAQUIN PRIETO VIAL;DEPARTAMENTAL - JOSE JOAQUIN PRIETO VIAL;0;;;BIDIRECCIONAL;ASFALTO;BUENO;SECO;DESPEJADO;0;0;0;1
-7870900,479;-3956171,665;9986;2024;1621818;-33,457377;-70,705502;1;2024/06/24 00:00:00+00;1899/12/30 00:00:00+00;REGION METROPOLITANA;ESTACION CENTRAL;COLISION LATERAL;COLISION;URBANA;TRAMO DE VIA RECTA;IMPRUDENCIA DEL CONDUCTOR;CONDUCCION CAMBIAR SORPRESIVAMENTE PISTA CIRCULACION;LIBER BERNARDO O'HIGGINS;LAS REJAS NORTE;LAS REJAS NORTE - LIBER BERNARDO O'HIGGINS;0;;;BIDIRECCIONAL CON BANDEJON;ASFALTO;BUENO;SECO;DESPEJADO;0;0;0;0
-7867175,84;-3961606,046;9987;2024;1621819;-33,498096;-70,672043;1;2024/06/14 00:00:00+00;1899/12/30 00:00:00+00;REGION METROPOLITANA;PEDRO AGUIRRE CERDA;ATROPELLO;ATROPELLO;URBANA;TRAMO DE VIA RECTA;IMPRUDENCIA DEL CONDUCTOR;CONDUCCION NO ATENTO CONDICIONES TRANSITO MOMENTO;CLUB HIPICO;DEPARTAMENTAL ANTIGUO;CLUB HIPICO - DEPARTAMENTAL ANTIGUO;0;;;BIDIRECCIONAL;ASFALTO;BUENO;SECO;DESPEJADO;0;0;0;1
-7926848,43;-3986024,985;9988;2024;1621822;-33,680827;-71,208091;1;2024/06/26 00:00:00+00;1899/12/30 00:00:00+00;REGION METROPOLITANA;MELIPILLA;COLISION LATERAL;COLISION;URBANA;TRAMO DE VIA RECTA;IMPRUDENCIA DEL CONDUCTOR;CONDUCCION CAMBIAR SORPRESIVAMENTE PISTA CIRCULACION;VICUNA MACKENNA;;- VICUNA MACKENNA;107;;;BIDIRECCIONAL CON BANDEJON;CONCRETO;BUENO;SECO;NUBLADO;0;0;0;0
-7867722,196;-3960061,781;9989;2024;1621824;-33,486527;-70,676951;1;2024/06/18 00:00:00+00;1899/12/30 00:00:00+00;REGION METROPOLITANA;PEDRO AGUIRRE CERDA;CHOQUE LATERAL;CHOQUE;URBANA;TRAMO DE VIA RECTA;IMPRUDENCIA DEL CONDUCTOR;CONDUCCION NO ATENTO CONDICIONES TRANSITO MOMENTO;RANQUIL;UNIDAD POPULAR;RANQUIL - UNIDAD POPULAR;0;;;BIDIRECCIONAL;ASFALTO;BUENO;SECO;DESPEJADO;0;0;0;0
-7855360,055;-3949124,078;9990;2024;1621825;-33,404542;-70,5659;1;2024/06/11 00:00:00+00;1899/12/30 00:00:00+00;REGION METROPOLITANA;LAS CONDES;COLISION LATERAL;COLISION;URBANA;TRAMO DE VIA RECTA;IMPRUDENCIA DEL CONDUCTOR;VIRAJES INDEBIDOS;ESCANDINAVIA;;- ESCANDINAVIA;720;;;UNIDIRECCIONAL;ASFALTO;BUENO;SECO;NUBLADO;0;0;0;0
-7877746,294;-3965618,71;9991;2024;1621826;-33,52815;-70,766999;1;2024/06/18 00:00:00+00;1899/12/30 00:00:00+00;REGION METROPOLITANA;MAIPU;ATROPELLO;ATROPELLO;URBANA;OTROS NO CONSIDERADOS;IMPRUDENCIA DEL CONDUCTOR;CONDUCCION NO ATENTO CONDICIONES TRANSITO MOMENTO;LOS DIAMANTES;ALFREDO SILVA CARVALLO;ALFREDO SILVA CARVALLO - LOS DIAMANTES;0;;;BIDIRECCIONAL;ASFALTO;BUENO;SECO;DESPEJADO;0;0;0;1
-7857009,476;-3975677,326;9992;2024;1621827;-33,603441;-70,580717;1;2024/07/01 00:00:00+00;1899/12/30 00:00:00+00;REGION METROPOLITANA;PUENTE ALTO;COLISION PERPENDICULAR;COLISION;URBANA;CRUCE CON SENAL PARE;DESOBEDIENCIA A SENALIZACION;SENALIZACION DESOBEDECER SENAL PARE;DOMINGO TOCORNAL;ACCESO SUR;ACCESO SUR - DOMINGO TOCORNAL;0;;;BIDIRECCIONAL CON BANDEJON;ASFALTO;BUENO;SECO;NUBLADO;0;0;0;0
-7876325,857;-3958922,635;9993;2024;1621829;-33,477992;-70,754239;1;2024/06/20 00:00:00+00;1899/12/30 00:00:00+00;REGION METROPOLITANA;MAIPU;VOLCADURA;VOLCADURA;URBANA;TRAMO DE VIA RECTA;IMPRUDENCIA DEL CONDUCTOR;CONDUCCION NO ATENTO CONDICIONES TRANSITO MOMENTO;STA ELENA;;- STA ELENA;901;;;BIDIRECCIONAL;ASFALTO;BUENO;SECO;DESPEJADO;0;0;0;0
-7858960,573;-3955433,424;9994;2024;1621830;-33,451844;-70,598244;1;2024/07/03 00:00:00+00;1899/12/30 00:00:00+00;REGION METROPOLITANA;NUNOA;COLISION;COLISION;URBANA;CRUCE CON SEMAFORO FUNCIONANDO;IMPRUDENCIA DEL CONDUCTOR;CONDUCCION NO ATENTO CONDICIONES TRANSITO MOMENTO;CHILE ESPANA;ALONSO DE ERCILLA;ALONSO DE ERCILLA - CHILE ESPANA;0;;;BIDIRECCIONAL;CONCRETO;BUENO;SECO;DESPEJADO;0;0;0;0
-7874123,68;-3963361,14;9995;2024;1621831;-33,511243;-70,734457;1;2024/06/14 00:00:00+00;1899/12/30 00:00:00+00;REGION METROPOLITANA;MAIPU;COLISION LATERAL;COLISION;URBANA;TRAMO DE VIA RECTA;IMPRUDENCIA DEL CONDUCTOR;CONDUCCION NO ATENTO CONDICIONES TRANSITO MOMENTO;ESQUINA BLANCA;LAS TORRES;ESQUINA BLANCA - LAS TORRES;0;;;UNIDIRECCIONAL;ASFALTO;BUENO;SECO;DESPEJADO;0;0;0;0
-7868045,579;-3960706,345;9996;2024;1621833;-33,491356;-70,679856;1;2024/06/21 00:00:00+00;1899/12/30 00:00:00+00;REGION METROPOLITANA;PEDRO AGUIRRE CERDA;CHOQUE FRONTAL;CHOQUE;URBANA;TRAMO DE VIA RECTA;IMPRUDENCIA DEL CONDUCTOR;CONDUCCION NO ATENTO CONDICIONES TRANSITO MOMENTO;DEPARTAMENTAL;ESTRELLA BLANCA;DEPARTAMENTAL - ESTRELLA BLANCA;0;;;BIDIRECCIONAL;ASFALTO;BUENO;SECO;DESPEJADO;0;0;0;0
-7876662,264;-3963273,614;9997;2024;1621834;-33,510587;-70,757261;1;2024/06/22 00:00:00+00;1899/12/30 00:00:00+00;REGION METROPOLITANA;MAIPU;COLISION FRONTAL;COLISION;URBANA;CRUCE CON SEMAFORO FUNCIONANDO;IMPRUDENCIA DEL CONDUCTOR;CONDUCCION NO ATENTO CONDICIONES TRANSITO MOMENTO;PORTALES;LOS PAJARITOS;LOS PAJARITOS - PORTALES;0;;;UNIDIRECCIONAL;ASFALTO;BUENO;SECO;DESPEJADO;0;0;0;0
-7867733,105;-3961365,629;9998;2024;1621836;-33,496295;-70,677049;1;2024/06/20 00:00:00+00;1899/12/30 00:00:00+00;REGION METROPOLITANA;PEDRO AGUIRRE CERDA;CHOQUE LATERAL;CHOQUE;URBANA;TRAMO DE VIA RECTA;IMPRUDENCIA DEL CONDUCTOR;CONDUCCION NO ATENTO CONDICIONES TRANSITO MOMENTO;DEPARTAMENTAL ANTIGUO;;- DEPARTAMENTAL ANTIGUO;3200;;;BIDIRECCIONAL;ASFALTO;BUENO;SECO;DESPEJADO;0;0;0;0
-7870840,478;-3950514,448;9999;2024;1621838;-33,414968;-70,704963;1;2024/06/09 00:00:00+00;1899/12/30 00:00:00+00;REGION METROPOLITANA;QUINTA NORMAL;CHOQUE FRENTE/POSTERIOR;CHOQUE;URBANA;CRUCE SIN SENALIZACION;IMPRUDENCIA DEL CONDUCTOR;CONDUCCION NO ATENTO CONDICIONES TRANSITO MOMENTO;LO ESPINOZA;20 DE ENERO;20 DE ENERO - LO ESPINOZA;0;;;BIDIRECCIONAL;ASFALTO;REGULAR;MOJADO;LLUVIA;0;0;0;0
-7875813,676;-3964171,512;10000;2024;1621839;-33,517312;-70,749638;1;2024/06/23 00:00:00+00;1899/12/30 00:00:00+00;REGION METROPOLITANA;MAIPU;COLISION FRONTAL;COLISION;URBANA;TRAMO DE VIA RECTA;IMPRUDENCIA DEL CONDUCTOR;CONDUCCION NO ATENTO CONDICIONES TRANSITO MOMENTO;ELIZABETH HEISSE;SANTA GEMITA;ELIZABETH HEISSE - SANTA GEMITA;0;;;UNIDIRECCIONAL;ASFALTO;BUENO;SECO;DESPEJADO;0;0;0;0
-7878687,389;-3963582,697;10001;2024;1629511;-33,512902;-70,775453;1;2024/07/22 00:00:00+00;1899/12/30 00:00:00+00;REGION METROPOLITANA;MAIPU;ATROPELLO;ATROPELLO;URBANA;CRUCE CON SENAL PARE;IMPRUDENCIA DEL CONDUCTOR;CONDUCCION NO ATENTO CONDICIONES TRANSITO MOMENTO;GRECIA;EL OLIMPO;EL OLIMPO - GRECIA;0;;;BIDIRECCIONAL;ASFALTO;BUENO;SECO;DESPEJADO;0;0;0;1
-7878680,709;-3964277,662;10002;2024;1625125;-33,518107;-70,775393;1;2024/07/11 00:00:00+00;1899/12/30 00:00:00+00;REGION METROPOLITANA;MAIPU;VOLCADURA;VOLCADURA;URBANA;TRAMO DE VIA RECTA;IMPRUDENCIA DEL CONDUCTOR;CONDUCCION NO ATENTO CONDICIONES TRANSITO MOMENTO;EL OLIMPO;PORTALES;EL OLIMPO - PORTALES;0;;;BIDIRECCIONAL;ASFALTO;BUENO;SECO;DESPEJADO;0;0;0;1