ï»¿X;Y;FID;AÃ±o;IdAccident;Latitud;longitud;ClaseAccid;Fecha;Hora;RegiÃ³n;Comuna;Tipo_Accid;Tipo__CONA;Zona;UbicaciÃ³n;Causa__CON;Causa_Acci;Calle_Uno;Calle_Dos;Intersecci;NÃºmero;Ruta;Ubicaci_1;Calzada;Tipo_Calza;Estado_Cal;CondiciÃ³n;Estado_Atm;Fallecidos;Graves;Menos_Grav;Leves
-7875097,78;-3960886,947;10407;2024;1625129;-33,492709;-70,743207;1;2024/07/12 00:00:00+00;1899/12/30 00:00:00+00;REGION METROPOLITANA;MAIPU;COLISION LATERAL;COLISION;URBANA;TRAMO DE VIA RECTA;IMPRUDENCIA DEL CONDUCTOR;CONDUCCION NO ATENTO CONDICIONES TRANSITO MOMENTO;SEGUNDA TRANSVERSAL;PRIMO DE RIVERA;PRIMO DE RIVERA - SEGUNDA TRANSVERSAL;0;;;BIDIRECCIONAL;ASFALTO;BUENO;SECO;DESPEJADO;0;0;0;0
-7877622,395;-3927567,873;10408;2024;1626582;-33,242738;-70,765886;1;2024/07/19 00:00:00+00;1899/12/30 00:00:00+00;REGION METROPOLITANA;LAMPA;COLISION LATERAL;COLISION;RURAL;TRAMO DE VIA RECTA;IMPRUDENCIA DEL CONDUCTOR;CONDUCCION NO ATENTO CONDICIONES TRANSITO MOMENTO;STA ROSA;CAMINO BATUCO;CAMINO BATUCO - STA ROSA;0;;;BIDIRECCIONAL;ASFALTO;BUENO;SECO;DESPEJADO;0;0;0;1
-7875097,78;-3960886,947;10409;2024;1625130;-33,492709;-70,743207;1;2024/07/12 00:00:00+00;1899/12/30 00:00:00+00;REGION METROPOLITANA;MAIPU;COLISION LATERAL;COLISION;URBANA;TRAMO DE VIA RECTA;IMPRUDENCIA DEL CONDUCTOR;CONDUCCION NO ATENTO CONDICIONES TRANSITO MOMENTO;SEGUNDA TRANSVERSAL;PRIMO DE RIVERA;PRIMO DE RIVERA - SEGUNDA TRANSVERSAL;0;;;BIDIRECCIONAL;ASFALTO;BUENO;SECO;DESPEJADO;0;0;0;0
-7856385,531;-3976440,654;10410;2024;1627871;-33,609152;-70,575112;1;2024/07/23 00:00:00+00;1899/12/30 00:00:00+00;REGION METROPOLITANA;PUENTE ALTO;CHOQUE POSTERIOR/FRENTE;CHOQUE;URBANA;TRAMO DE VIA RECTA;IMPRUDENCIA DEL CONDUCTOR;CONDUCCION NO ATENTO CONDICIONES TRANSITO MOMENTO;BALMACEDA;JOSE LUIS COO;BALMACEDA - JOSE LUIS COO;0;;;BIDIRECCIONAL;CONCRETO;BUENO;SECO;DESPEJADO;0;0;0;0
-7873710,901;-3963422,262;10411;2024;1625133;-33,5117;-70,730748;1;2024/07/13 00:00:00+00;1899/12/30 00:00:00+00;REGION METROPOLITANA;MAIPU;COLISION POR ALCANCE;COLISION;URBANA;CRUCE CON SEMAFORO FUNCIONANDO;IMPRUDENCIA DEL CONDUCTOR;CONDUCCION SIN MANTENER DISTANCIA RAZONABLE NI PRUDENTE;ESQUINA BLANCA;LOS TILOS;ESQUINA BLANCA - LOS TILOS;0;;;UNIDIRECCIONAL;ASFALTO;BUENO;SECO;DESPEJADO;0;0;0;0
-7887614,433;-3972351,94;10412;2024;1627872;-33,578557;-70,855646;1;2024/07/20 00:00:00+00;1899/12/30 00:00:00+00;REGION METROPOLITANA;PENAFLOR;VOLCADURA;VOLCADURA;URBANA;TRAMO DE VIA RECTA;ALCOHOL EN CONDUCTOR;CONDUCCION EN ESTADO DE EBRIEDAD;LOS POLACOS;;- LOS POLACOS;6;;;BIDIRECCIONAL;CONCRETO;BUENO;HUMEDO;NEBLINA;0;0;0;0
-7867872,589;-3922909,085;10413;2024;1626583;-33,207729;-70,678302;1;2024/07/24 00:00:00+00;1899/12/30 00:00:00+00;REGION METROPOLITANA;COLINA;COLISION PERPENDICULAR;COLISION;URBANA;TRAMO DE VIA RECTA;IMPRUDENCIA DEL CONDUCTOR;VIRAJES INDEBIDOS;GRAL SAN MARTIN;;- GRAL SAN MARTIN;77;;;BIDIRECCIONAL;ASFALTO;BUENO;SECO;DESPEJADO;0;0;0;1
-7868995,468;-3957430,905;10414;2024;1623442;-33,466814;-70,688389;1;2024/06/30 00:00:00+00;1899/12/30 00:00:00+00;REGION METROPOLITANA;ESTACION CENTRAL;COLISION LATERAL;COLISION;URBANA;CRUCE CON SEMAFORO APAGADO;IMPRUDENCIA DEL CONDUCTOR;NO RESPETAR DERECHO PREFERENTE DE PASO A VEHICULO;ANTOFAGASTA;PADRE ALBERTO HURTADO;ANTOFAGASTA - PADRE ALBERTO HURTADO;0;;;BIDIRECCIONAL;ASFALTO;BUENO;SECO;DESPEJADO;0;0;0;0
-7876496,51;-3957814,429;10415;2024;1625137;-33,469688;-70,755772;1;2024/07/13 00:00:00+00;1899/12/30 00:00:00+00;REGION METROPOLITANA;MAIPU;CHOQUE FRONTAL;CHOQUE;URBANA;TRAMO DE VIA RECTA;IMPRUDENCIA DEL CONDUCTOR;CONDUCCION NO ATENTO CONDICIONES TRANSITO MOMENTO;EL DESCANSO;MIN ANTONIO VARAS;EL DESCANSO - MIN ANTONIO VARAS;0;;;BIDIRECCIONAL;CONCRETO;REGULAR;MOJADO;NEBLINA;0;0;0;0
-7868081,201;-3922376,907;10416;2024;1626588;-33,203729;-70,680176;1;2024/07/24 00:00:00+00;1899/12/30 00:00:00+00;REGION METROPOLITANA;COLINA;COLISION PERPENDICULAR;COLISION;URBANA;CRUCE CON SENAL PARE;DESOBEDIENCIA A SENALIZACION;SENALIZACION DESOBEDECER SENAL PARE;INMACULADA CONCEPCION;ACONCAGUA;ACONCAGUA - INMACULADA CONCEPCION;0;;;BIDIRECCIONAL;ASFALTO;BUENO;SECO;DESPEJADO;0;0;0;0
-7861871,466;-3984427,822;10417;2024;1623443;-33,668887;-70,624393;1;2024/06/22 00:00:00+00;1899/12/30 00:00:00+00;REGION METROPOLITANA;PIRQUE;COLISION LATERAL;COLISION;RURAL;CRUCE CON SENAL PARE;ALCOHOL EN CONDUCTOR;CONDUCCION EN ESTADO DE EBRIEDAD;RINCONADA DE SAN VICENTE;CAMINO SAN VICENTE;CAMINO SAN VICENTE - RINCONADA DE SAN VICENTE;0;;;BIDIRECCIONAL;ASFALTO;REGULAR;MOJADO;LLUVIA;0;2;0;0
-7875826,589;-3960089,143;10418;2024;1625139;-33,486732;-70,749754;1;2024/07/13 00:00:00+00;1899/12/30 00:00:00+00;REGION METROPOLITANA;MAIPU;COLISION POR ALCANCE;COLISION;URBANA;TRAMO DE VIA RECTA;IMPRUDENCIA DEL CONDUCTOR;CONDUCCION SIN MANTENER DISTANCIA RAZONABLE NI PRUDENTE;LOS PAJARITOS;AMERICO VESPUCIO;AMERICO VESPUCIO - LOS PAJARITOS;0;;;BIDIRECCIONAL CON BANDEJON;ASFALTO;BUENO;SECO;DESPEJADO;0;0;0;0
-7852217,172;-3961994,514;10419;2024;1627873;-33,501006;-70,537667;1;2024/07/27 00:00:00+00;1899/12/30 00:00:00+00;REGION METROPOLITANA;PENALOLEN;CHOQUE FRONTAL;CHOQUE;URBANA;TRAMO DE VIA RECTA;VELOCIDAD IMPRUDENTE;VELOCIDAD NO RAZONABLE NI PRUDENTE;QUILIN;JUAN DE DIOS VIAL CORREA;JUAN DE DIOS VIAL CORREA - QUILIN;0;;;BIDIRECCIONAL CON BANDEJON;CONCRETO;BUENO;SECO;DESPEJADO;0;1;0;2
-7861725,972;-3977006,199;10420;2024;1626593;-33,613383;-70,623086;1;2024/07/12 00:00:00+00;1899/12/30 00:00:00+00;REGION METROPOLITANA;PUENTE ALTO;COLISION PERPENDICULAR;COLISION;URBANA;CRUCE CON SENAL PARE;DESOBEDIENCIA A SENALIZACION;SENALIZACION DESOBEDECER SENAL PARE;RIO COYA;RIO ARHUELLES;RIO ARHUELLES - RIO COYA;0;;;BIDIRECCIONAL;ASFALTO;REGULAR;SECO;DESPEJADO;0;0;0;0
-7863932,992;-3948642,702;10421;2024;1623444;-33,400932;-70,642912;1;2024/07/04 00:00:00+00;1899/12/30 00:00:00+00;REGION METROPOLITANA;RECOLETA;CHOQUE LADO/LADO;CHOQUE;URBANA;CRUCE CON SENAL PARE;IMPRUDENCIA DEL CONDUCTOR;ADELANTAMIENTO SIN EL ESPACIO O TIEMPO SUFICIENTE;RECOLETA;MUNOZ GAMERO;MUNOZ GAMERO - RECOLETA;0;;;BIDIRECCIONAL;ASFALTO;BUENO;SECO;NUBLADO;0;0;0;0
-7878364,896;-3964261,372;10422;2024;1625140;-33,517985;-70,772556;1;2024/07/14 00:00:00+00;1899/12/30 00:00:00+00;REGION METROPOLITANA;MAIPU;CHOQUE FRONTAL;CHOQUE;URBANA;TRAMO DE VIA RECTA;VELOCIDAD IMPRUDENTE;VELOCIDAD NO RAZONABLE NI PRUDENTE;PORTALES;EL CID;EL CID - PORTALES;0;;;BIDIRECCIONAL CON BANDEJON;ASFALTO;BUENO;SECO;DESPEJADO;0;0;0;0
-7870257,72;-3974250,516;10423;2024;1627874;-33,592765;-70,699728;1;2024/07/30 00:00:00+00;1899/12/30 00:00:00+00;REGION METROPOLITANA;SAN BERNARDO;CHOQUE LATERAL;CHOQUE;URBANA;CRUCE CON SENAL PARE;IMPRUDENCIA DEL CONDUCTOR;CONDUCCION SIN MANTENER DISTANCIA RAZONABLE NI PRUDENTE;O'HIGGINS;JOSE JOAQUIN PEREZ;JOSE JOAQUIN PEREZ - O'HIGGINS;0;;;UNIDIRECCIONAL;ASFALTO;BUENO;SECO;NUBLADO;0;0;0;0
-7865316,137;-3948956,061;10424;2024;1623445;-33,403282;-70,655337;1;2024/07/05 00:00:00+00;1899/12/30 00:00:00+00;REGION METROPOLITANA;RECOLETA;COLISION POR ALCANCE;COLISION;URBANA;CRUCE CON SENAL PARE;IMPRUDENCIA DEL CONDUCTOR;CONDUCCION SIN MANTENER DISTANCIA RAZONABLE NI PRUDENTE;EINSTEIN;LA QUINTRALA;EINSTEIN - LA QUINTRALA;0;;;BIDIRECCIONAL;ASFALTO;BUENO;SECO;NUBLADO;0;0;0;0
-7874422,962;-3958782,902;10425;2024;1625141;-33,476945;-70,737145;1;2024/07/04 00:00:00+00;1899/12/30 00:00:00+00;REGION METROPOLITANA;MAIPU;CHOQUE FRENTE/LADO;CHOQUE;URBANA;TRAMO DE VIA RECTA;IMPRUDENCIA DEL CONDUCTOR;CONDUCCION NO ATENTO CONDICIONES TRANSITO MOMENTO;LAS PARCELAS;SAN SEBASTIAN;LAS PARCELAS - SAN SEBASTIAN;0;;;BIDIRECCIONAL;ASFALTO;BUENO;SECO;DESPEJADO;0;0;0;0
-7857705,112;-3949719,225;10426;2024;1627883;-33,409005;-70,586966;1;2024/07/11 00:00:00+00;1899/12/30 00:00:00+00;REGION METROPOLITANA;LAS CONDES;COLISION POR ALCANCE;COLISION;URBANA;TRAMO DE VIA RECTA;IMPRUDENCIA DEL CONDUCTOR;CONDUCCION SIN MANTENER DISTANCIA RAZONABLE NI PRUDENTE;AMERICO VESPUCIO NORTE;APOQUINDO;AMERICO VESPUCIO NORTE - APOQUINDO;0;;;BIDIRECCIONAL CON BANDEJON;ASFALTO;BUENO;SECO;DESPEJADO;0;0;0;0
-7878046,522;-3966689,336;10427;2024;1625142;-33,536167;-70,769696;1;2024/07/13 00:00:00+00;1899/12/30 00:00:00+00;REGION METROPOLITANA;MAIPU;COLISION FRONTAL;COLISION;URBANA;CRUCE CON SEMAFORO FUNCIONANDO;IMPRUDENCIA DEL CONDUCTOR;CONDUCIR VEHICULO EN RETROCESO;CAMINO A MELIPILLA;3 PONIENTE;3 PONIENTE - CAMINO A MELIPILLA;0;;;BIDIRECCIONAL;CONCRETO;BUENO;SECO;DESPEJADO;0;0;0;0
-7882322,972;-3913165,042;10428;2024;1626595;-33,134461;-70,808112;1;2024/07/04 00:00:00+00;1899/12/30 00:00:00+00;REGION METROPOLITANA;TILTIL;CHOQUE;CHOQUE;URBANA;TRAMO DE VIA RECTA;IMPRUDENCIA DEL CONDUCTOR;CONDUCCION NO ATENTO CONDICIONES TRANSITO MOMENTO;1 SUR;;- 1 SUR;50;;;BIDIRECCIONAL;ASFALTO;BUENO;SECO;DESPEJADO;0;0;0;0
-7893224,824;-3976595,972;10429;2024;1627887;-33,610314;-70,906045;1;2024/07/21 00:00:00+00;1899/12/30 00:00:00+00;REGION METROPOLITANA;PENAFLOR;CHOQUE;CHOQUE;URBANA;TRAMO DE VIA RECTA;VELOCIDAD IMPRUDENTE;VELOCIDAD NO RAZONABLE NI PRUDENTE;CAMINO MALLARAUCO;;- CAMINO MALLARAUCO;4205;;;BIDIRECCIONAL;CONCRETO;BUENO;SECO;DESPEJADO;0;0;0;0
-7863465,561;-3952977,01;10430;2024;1623446;-33,433431;-70,638713;1;2024/07/06 00:00:00+00;1899/12/30 00:00:00+00;REGION METROPOLITANA;RECOLETA;COLISION LATERAL;COLISION;URBANA;CRUCE CON SENAL CEDA EL PASO;DESOBEDIENCIA A SENALIZACION;SENALIZACION DESOBEDECER SENAL CEDA EL PASO;DARDIGNAC;PURISIMA;DARDIGNAC - PURISIMA;0;;;UNIDIRECCIONAL;ASFALTO;BUENO;SECO;NUBLADO;0;0;0;2
-7861621,331;-3954890,949;10431;2024;1625143;-33,447778;-70,622146;1;2024/07/13 00:00:00+00;1899/12/30 00:00:00+00;REGION METROPOLITANA;PROVIDENCIA;VOLCADURA;VOLCADURA;URBANA;TRAMO DE VIA RECTA;VELOCIDAD IMPRUDENTE;VELOCIDAD NO RAZONABLE NI PRUDENTE;SALVADOR;;- SALVADOR;1600;;;UNIDIRECCIONAL;ASFALTO;BUENO;SECO;DESPEJADO;0;0;0;0
-7877222,647;-3944885,586;10432;2024;1627888;-33,372751;-70,762295;1;2024/05/14 00:00:00+00;1899/12/30 00:00:00+00;REGION METROPOLITANA;QUILICURA;COLISION POR ALCANCE;COLISION;URBANA;TRAMO DE VIA RECTA;IMPRUDENCIA DEL CONDUCTOR;CONDUCCION NO ATENTO CONDICIONES TRANSITO MOMENTO;CAMINO LO ECHEVERS;ESTERO LAS CRUCES;CAMINO LO ECHEVERS - ESTERO LAS CRUCES;0;;;BIDIRECCIONAL;ASFALTO;REGULAR;SECO;NUBLADO;0;0;0;0
-7857307,256;-3977560,676;10433;2024;1626609;-33,617531;-70,583392;1;2024/07/18 00:00:00+00;1899/12/30 00:00:00+00;REGION METROPOLITANA;PUENTE ALTO;COLISION PERPENDICULAR;COLISION;URBANA;TRAMO DE VIA RECTA;IMPRUDENCIA DEL CONDUCTOR;CONDUCCION NO ATENTO CONDICIONES TRANSITO MOMENTO;SGTO MENADIER;ACCESO SUR;ACCESO SUR - SGTO MENADIER;0;;;BIDIRECCIONAL;ASFALTO;BUENO;SECO;DESPEJADO;0;0;0;0
-7863734,732;-3950396,555;10434;2024;1623447;-33,414084;-70,641131;1;2024/07/07 00:00:00+00;1899/12/30 00:00:00+00;REGION METROPOLITANA;RECOLETA;CHOQUE FRENTE/LADO;CHOQUE;URBANA;CRUCE CON SEMAFORO FUNCIONANDO;DESOBEDIENCIA A SENALIZACION;SENALIZACION DESOBEDECER SENAL CEDA EL PASO;EL SALTO;VALDIVIESO;EL SALTO - VALDIVIESO;0;;;BIDIRECCIONAL;ASFALTO;BUENO;SECO;NUBLADO;0;0;0;0
-7876448,531;-3959071,178;10435;2024;1625144;-33,479105;-70,755341;1;2024/07/16 00:00:00+00;1899/12/30 00:00:00+00;REGION METROPOLITANA;MAIPU;ATROPELLO;ATROPELLO;URBANA;CRUCE CON SEMAFORO FUNCIONANDO;IMPRUDENCIA DEL CONDUCTOR;CONDUCCION NO ATENTO CONDICIONES TRANSITO MOMENTO;AMERICO VESPUCIO;STA ELENA;AMERICO VESPUCIO - STA ELENA;0;;;BIDIRECCIONAL CON BANDEJON;ASFALTO;BUENO;SECO;DESPEJADO;0;0;0;1
-7858611,252;-3974782,408;10436;2024;1627889;-33,596745;-70,595106;1;2024/07/23 00:00:00+00;1899/12/30 00:00:00+00;REGION METROPOLITANA;PUENTE ALTO;ATROPELLO;ATROPELLO;URBANA;TRAMO DE VIA RECTA;IMPRUDENCIA DEL CONDUCTOR;CONDUCCION NO ATENTO CONDICIONES TRANSITO MOMENTO;EJERCITO LIBERTADOR;JORGE ROSS OSSA;EJERCITO LIBERTADOR - JORGE ROSS OSSA;0;;;BIDIRECCIONAL;CONCRETO;BUENO;SECO;DESPEJADO;0;0;0;0
-7855177,937;-3951173,018;10437;2024;1627895;-33,419906;-70,564264;1;2024/07/03 00:00:00+00;1899/12/30 00:00:00+00;REGION METROPOLITANA;LAS CONDES;COLISION LATERAL;COLISION;URBANA;CRUCE CON SENAL CEDA EL PASO;IMPRUDENCIA DEL CONDUCTOR;CONDUCCION NO ATENTO CONDICIONES TRANSITO MOMENTO;MANQUEHUE SUR;LA CALESA;LA CALESA - MANQUEHUE SUR;0;;;BIDIRECCIONAL;ASFALTO;BUENO;SECO;DESPEJADO;0;1;0;0
-7865616,477;-3951701,315;10438;2024;1627896;-33,423867;-70,658035;1;2024/07/28 00:00:00+00;1899/12/30 00:00:00+00;REGION METROPOLITANA;INDEPENDENCIA;CHOQUE FRENTE/POSTERIOR;CHOQUE;URBANA;TRAMO DE VIA RECTA;ALCOHOL EN CONDUCTOR;CONDUCCION EN ESTADO DE EBRIEDAD;CRNEL AGUSTIN LOPEZ DE ALCAZAR;;- CRNEL AGUSTIN LOPEZ DE ALCAZAR;663;;;UNIDIRECCIONAL;CONCRETO;BUENO;SECO;DESPEJADO;0;0;0;0
-7869682,421;-3976183,087;10439;2024;1627902;-33,607225;-70,69456;1;2024/07/30 00:00:00+00;1899/12/30 00:00:00+00;REGION METROPOLITANA;SAN BERNARDO;CHOQUE FRENTE/POSTERIOR;CHOQUE;URBANA;TRAMO DE VIA RECTA;VELOCIDAD IMPRUDENTE;VELOCIDAD NO RAZONABLE NI PRUDENTE;PORTALES ORIENTE;DARIO SOTO;DARIO SOTO - PORTALES ORIENTE;0;;;BIDIRECCIONAL CON BANDEJON;ASFALTO;BUENO;SECO;NUBLADO;0;0;0;0
-7854801,009;-3962998,451;10440;2024;1627914;-33,508526;-70,560878;1;2024/07/30 00:00:00+00;1899/12/30 00:00:00+00;REGION METROPOLITANA;PENALOLEN;CHOQUE FRENTE/POSTERIOR;CHOQUE;URBANA;CRUCE CON SEMAFORO FUNCIONANDO;IMPRUDENCIA DEL CONDUCTOR;CONDUCCION NO ATENTO CONDICIONES TRANSITO MOMENTO;TOBALABA;SAN LUIS DE MACUL;SAN LUIS DE MACUL - TOBALABA;0;;;BIDIRECCIONAL;CONCRETO;BUENO;SECO;DESPEJADO;0;0;0;0
-7862877,683;-3945177,649;10441;2024;1627930;-33,374942;-70,633432;1;2024/07/14 00:00:00+00;1899/12/30 00:00:00+00;REGION METROPOLITANA;HUECHURABA;ATROPELLO;ATROPELLO;URBANA;TRAMO DE VIA RECTA;ALCOHOL EN CONDUCTOR;CONDUCCION BAJO LA INFLUENCIA DEL ALCOHOL;CAMINO AL BOSQUE DE SANTIAGO;REP DE ESTADOS UNIDOS;CAMINO AL BOSQUE DE SANTIAGO - REP DE ESTADOS UNIDOS;0;;;BIDIRECCIONAL;ASFALTO;REGULAR;SECO;DESPEJADO;0;0;0;1
-7863992,771;-3946018,819;10442;2024;1627936;-33,381252;-70,643449;1;2024/07/16 00:00:00+00;1899/12/30 00:00:00+00;REGION METROPOLITANA;HUECHURABA;COLISION;COLISION;URBANA;TRAMO DE VIA RECTA;IMPRUDENCIA DEL CONDUCTOR;CONDUCCION NO ATENTO CONDICIONES TRANSITO MOMENTO;AMERICO VESPUCIO;;- AMERICO VESPUCIO;570;;;UNIDIRECCIONAL;ASFALTO;BUENO;SECO;DESPEJADO;0;0;0;0
-7867451,467;-3943734,604;10443;2024;1627940;-33,364116;-70,674519;1;2024/07/18 00:00:00+00;1899/12/30 00:00:00+00;REGION METROPOLITANA;HUECHURABA;COLISION;COLISION;URBANA;CRUCE CON SEMAFORO FUNCIONANDO;IMPRUDENCIA DEL CONDUCTOR;CONDUCCION NO ATENTO CONDICIONES TRANSITO MOMENTO;STA ELENA DE HUECHURABA;STA MARTA DE HUECHURABA;STA ELENA DE HUECHURABA - STA MARTA DE HUECHURABA;0;;;BIDIRECCIONAL;ASFALTO;BUENO;SECO;DESPEJADO;0;0;0;0
-7867676,778;-3961081,034;10444;2024;1627941;-33,494163;-70,676543;1;2024/07/30 00:00:00+00;1899/12/30 00:00:00+00;REGION METROPOLITANA;PEDRO AGUIRRE CERDA;ATROPELLO;ATROPELLO;URBANA;TRAMO DE VIA RECTA;DESOBEDIENCIA A SENALIZACION;SENALIZACION DESOBEDECER LUZ ROJA DE SEMAFORO;DEPARTAMENTAL;CLOTARIO BLEST;CLOTARIO BLEST - DEPARTAMENTAL;0;;;BIDIRECCIONAL;ASFALTO;BUENO;SECO;DESPEJADO;1;0;0;1
-7862597,937;-3945298,688;10445;2024;1627942;-33,37585;-70,630919;1;2024/07/19 00:00:00+00;1899/12/30 00:00:00+00;REGION METROPOLITANA;HUECHURABA;COLISION LATERAL;COLISION;URBANA;TRAMO DE VIA RECTA;IMPRUDENCIA DEL CONDUCTOR;CONDUCCION NO ATENTO CONDICIONES TRANSITO MOMENTO;CAMINO AL BOSQUE DE SANTIAGO;REP DE NORUEGA;CAMINO AL BOSQUE DE SANTIAGO - REP DE NORUEGA;0;;;BIDIRECCIONAL;ASFALTO;REGULAR;SECO;DESPEJADO;0;0;0;0
-7864688,74;-3946327,441;10446;2024;1627943;-33,383567;-70,649701;1;2024/07/20 00:00:00+00;1899/12/30 00:00:00+00;REGION METROPOLITANA;RECOLETA;CHOQUE POSTERIOR;CHOQUE;URBANA;CRUCE CON SEMAFORO FUNCIONANDO;IMPRUDENCIA DEL CONDUCTOR;CONDUCCION NO ATENTO CONDICIONES TRANSITO MOMENTO;PRINCIPAL;JUAN CRISTOBAL;JUAN CRISTOBAL - PRINCIPAL;0;;;BIDIRECCIONAL;ASFALTO;REGULAR;SECO;DESPEJADO;0;0;0;0
-7865316,021;-3951583,599;10447;2024;1627953;-33,422984;-70,655336;1;2024/07/29 00:00:00+00;1899/12/30 00:00:00+00;REGION METROPOLITANA;INDEPENDENCIA;ATROPELLO;ATROPELLO;URBANA;CRUCE CON SEMAFORO FUNCIONANDO;IMPRUDENCIA DEL PEATON;IMPRUDENCIA DEL PEATON;INDEPENDENCIA;OLIVOS;INDEPENDENCIA - OLIVOS;0;;;BIDIRECCIONAL;CONCRETO;BUENO;SECO;NUBLADO;0;1;0;0
-7869314,955;-3959337,039;10448;2024;1627958;-33,481097;-70,691259;1;2024/07/31 00:00:00+00;1899/12/30 00:00:00+00;REGION METROPOLITANA;CERRILLOS;COLISION LATERAL;COLISION;URBANA;CRUCE CON SENAL CEDA EL PASO;DESOBEDIENCIA A SENALIZACION;SENALIZACION DESOBEDECER SENAL CEDA EL PASO;BUZETA;AVDA 5;AVDA 5 - BUZETA;0;;;UNIDIRECCIONAL;ASFALTO;BUENO;SECO;NUBLADO;0;1;0;1
-7869952,927;-3974081,999;10449;2024;1627960;-33,591504;-70,69699;1;2024/08/01 00:00:00+00;1899/12/30 00:00:00+00;REGION METROPOLITANA;SAN BERNARDO;CHOQUE LADO/POSTERIOR;CHOQUE;URBANA;CRUCE CON SEMAFORO FUNCIONANDO;IMPRUDENCIA DEL CONDUCTOR;CONDUCCION SIN MANTENER DISTANCIA RAZONABLE NI PRUDENTE;FREIRE;COLON NORTE;COLON NORTE - FREIRE;0;;;UNIDIRECCIONAL;ASFALTO;BUENO;SECO;NUBLADO;0;0;0;0
-7865896,779;-3952274,053;10450;2024;1627961;-33,428161;-70,660553;1;2024/07/29 00:00:00+00;1899/12/30 00:00:00+00;REGION METROPOLITANA;INDEPENDENCIA;COLISION POR ALCANCE;COLISION;URBANA;CRUCE CON SEMAFORO FUNCIONANDO;IMPRUDENCIA DEL CONDUCTOR;CONDUCCION SIN MANTENER DISTANCIA RAZONABLE NI PRUDENTE;FERMIN VIVACETA;ANIBAL PINTO;ANIBAL PINTO - FERMIN VIVACETA;0;;;BIDIRECCIONAL;ASFALTO;BUENO;SECO;NUBLADO;0;0;0;0
-7869528,021;-3955730,69;10451;2024;1627966;-33,454072;-70,693173;1;2024/07/31 00:00:00+00;1899/12/30 00:00:00+00;REGION METROPOLITANA;ESTACION CENTRAL;CHOQUE LADO/FRENTE;CHOQUE;URBANA;CRUCE CON SEMAFORO FUNCIONANDO;IMPRUDENCIA DEL CONDUCTOR;CONDUCCION NO ATENTO CONDICIONES TRANSITO MOMENTO;LIBER BERNARDO O'HIGGINS;;- LIBER BERNARDO O'HIGGINS;4171;;;BIDIRECCIONAL CON BANDEJON;CONCRETO;REGULAR;SECO;DESPEJADO;0;0;0;0
-7876206,077;-3963248,247;10452;2024;1627967;-33,510397;-70,753163;1;2024/07/30 00:00:00+00;1899/12/30 00:00:00+00;REGION METROPOLITANA;MAIPU;COLISION LATERAL;COLISION;URBANA;TRAMO DE VIA RECTA;IMPRUDENCIA DEL CONDUCTOR;VIRAJES INDEBIDOS;5 DE ABRIL;PRIMERA TRANSVERSAL;5 DE ABRIL - PRIMERA TRANSVERSAL;0;;;UNIDIRECCIONAL;ASFALTO;BUENO;SECO;DESPEJADO;0;0;0;0
-7876681,3;-3962338,806;10453;2024;1627968;-33,503585;-70,757432;1;2024/07/30 00:00:00+00;1899/12/30 00:00:00+00;REGION METROPOLITANA;MAIPU;COLISION LATERAL;COLISION;URBANA;TRAMO DE VIA RECTA;FALLAS MECANICAS;FALLAS MECANICAS FRENOS;LOS PAJARITOS;CHILE;CHILE - LOS PAJARITOS;0;;;BIDIRECCIONAL CON BANDEJON;ASFALTO;BUENO;SECO;DESPEJADO;0;0;0;0
-7867857,227;-3955424,752;10454;2024;1627972;-33,451779;-70,678164;1;2024/07/30 00:00:00+00;1899/12/30 00:00:00+00;REGION METROPOLITANA;ESTACION CENTRAL;COLISION LATERAL;COLISION;URBANA;TRAMO DE VIA RECTA;IMPRUDENCIA DEL CONDUCTOR;CONDUCCION NO ATENTO CONDICIONES TRANSITO MOMENTO;EXPOSICION;;- EXPOSICION;1240;;;UNIDIRECCIONAL;ASFALTO;BUENO;SECO;DESPEJADO;0;1;0;0
-7880454,808;-3964159,762;10455;2024;1627975;-33,517224;-70,79133;1;2024/07/24 00:00:00+00;1899/12/30 00:00:00+00;REGION METROPOLITANA;MAIPU;CAIDA;CAIDA;URBANA;TRAMO DE VIA RECTA;IMPRUDENCIA DEL CONDUCTOR;CONDUCCION NO ATENTO CONDICIONES TRANSITO MOMENTO;4 PONIENTE;SAN JOSE;4 PONIENTE - SAN JOSE;0;;;BIDIRECCIONAL CON BANDEJON;ASFALTO;BUENO;SECO;DESPEJADO;0;0;0;1
-7862899,613;-3949347,038;10456;2024;1627982;-33,406214;-70,633629;1;2024/07/31 00:00:00+00;1899/12/30 00:00:00+00;REGION METROPOLITANA;RECOLETA;COLISION PERPENDICULAR;COLISION;URBANA;CRUCE CON SENAL CEDA EL PASO;IMPRUDENCIA DEL CONDUCTOR;NO RESPETAR DERECHO PREFERENTE DE PASO A VEHICULO;LA PAZ;UNION;LA PAZ - UNION;0;;;BIDIRECCIONAL;CONCRETO;BUENO;SECO;NUBLADO;0;0;0;1
-7874491,023;-3952478,545;10457;2024;1627984;-33,429694;-70,737756;1;2024/07/22 00:00:00+00;1899/12/30 00:00:00+00;REGION METROPOLITANA;CERRO NAVIA;COLISION LATERAL;COLISION;URBANA;CRUCE CON SEMAFORO FUNCIONANDO;IMPRUDENCIA DEL CONDUCTOR;CONDUCCION NO ATENTO CONDICIONES TRANSITO MOMENTO;JOSE JOAQUIN PEREZ;ESTADOS UNIDOS;ESTADOS UNIDOS - JOSE JOAQUIN PEREZ;0;;;BIDIRECCIONAL;ASFALTO;BUENO;SECO;DESPEJADO;0;0;0;0