ï»¿X;Y;FID;AÃ±o;IdAccident;Latitud;longitud;ClaseAccid;Fecha;Hora;RegiÃ³n;Comuna;Tipo_Accid;Tipo__CONA;Zona;UbicaciÃ³n;Causa__CON;Causa_Acci;Calle_Uno;Calle_Dos;Intersecci;NÃºmero;Ruta;Ubicaci_1;Calzada;Tipo_Calza;Estado_Cal;CondiciÃ³n;Estado_Atm;Fallecidos;Graves;Menos_Grav;Leves
-7869467,101;-3959773,854;10812;2024;1629405;-33,48437;-70,692626;1;2024/08/08 00:00:00+00;1899/12/30 00:00:00+00;REGION METROPOLITANA;CERRILLOS;COLISION LATERAL;COLISION;URBANA;CRUCE CON SENAL PARE;IMPRUDENCIA DEL CONDUCTOR;CONDUCCION CAMBIAR SORPRESIVAMENTE PISTA CIRCULACION;DEPARTAMENTAL;SAN ANDRES;DEPARTAMENTAL - SAN ANDRES;0;;;BIDIRECCIONAL CON BANDEJON;ASFALTO;BUENO;SECO;NUBLADO;0;0;0;1
-7871635,855;-3964294,887;10813;2024;1629410;-33,518236;-70,712108;1;2024/08/08 00:00:00+00;1899/12/30 00:00:00+00;REGION METROPOLITANA;CERRILLOS;CHOQUE LADO/LADO;CHOQUE;URBANA;VIA PRIVADA DE USO PUBLICO;ALCOHOL EN CONDUCTOR;CONDUCCION EN ESTADO DE EBRIEDAD;AMERICO VESPUCIO;;- AMERICO VESPUCIO;2451;;;BIDIRECCIONAL;ASFALTO;BUENO;SECO;NUBLADO;0;0;0;0
-7869267,199;-3974950,668;10814;2024;1629433;-33,598004;-70,69083;1;2024/08/08 00:00:00+00;1899/12/30 00:00:00+00;REGION METROPOLITANA;SAN BERNARDO;COLISION POR ALCANCE;COLISION;URBANA;TRAMO DE VIA RECTA;IMPRUDENCIA DEL CONDUCTOR;CONDUCCION SIN MANTENER DISTANCIA RAZONABLE NI PRUDENTE;ANTONIO VARAS;SAN MARTIN;ANTONIO VARAS - SAN MARTIN;0;;;UNIDIRECCIONAL;ASFALTO;BUENO;SECO;DESPEJADO;0;0;0;0
-7869856,191;-3973403,948;10815;2024;1629436;-33,58643;-70,696121;1;2024/08/08 00:00:00+00;1899/12/30 00:00:00+00;REGION METROPOLITANA;SAN BERNARDO;ATROPELLO;ATROPELLO;URBANA;CRUCE CON SENAL CEDA EL PASO;IMPRUDENCIA DEL CONDUCTOR;CONDUCCION NO ATENTO CONDICIONES TRANSITO MOMENTO;BALMACEDA;COSME GONZALEZ;BALMACEDA - COSME GONZALEZ;0;;;UNIDIRECCIONAL;ASFALTO;BUENO;SECO;DESPEJADO;0;0;0;1
-7856601,713;-3957875,815;10816;2024;1629443;-33,470148;-70,577054;1;2024/08/08 00:00:00+00;1899/12/30 00:00:00+00;REGION METROPOLITANA;PENALOLEN;CHOQUE FRENTE/POSTERIOR;CHOQUE;URBANA;CRUCE CON SEMAFORO FUNCIONANDO;IMPRUDENCIA DEL CONDUCTOR;CONDUCCION NO ATENTO CONDICIONES TRANSITO MOMENTO;GRECIA;AMERICO VESPUCIO;AMERICO VESPUCIO - GRECIA;0;;;BIDIRECCIONAL CON BANDEJON;CONCRETO;BUENO;SECO;DESPEJADO;0;0;0;0
-7871825,878;-3974548,266;10817;2024;1629444;-33,594993;-70,713815;1;2024/08/08 00:00:00+00;1899/12/30 00:00:00+00;REGION METROPOLITANA;SAN BERNARDO;COLISION LATERAL;COLISION;URBANA;CRUCE CON SENAL CEDA EL PASO;DESOBEDIENCIA A SENALIZACION;SENALIZACION DESOBEDECER SENAL CEDA EL PASO;BUENOS AIRES;SAN JOSE;BUENOS AIRES - SAN JOSE;0;;;UNIDIRECCIONAL;ASFALTO;BUENO;SECO;DESPEJADO;0;0;0;2
-7856073,279;-3956390,491;10818;2024;1629462;-33,459017;-70,572307;1;2024/08/08 00:00:00+00;1899/12/30 00:00:00+00;REGION METROPOLITANA;PENALOLEN;COLISION LATERAL;COLISION;URBANA;CRUCE CON SEMAFORO FUNCIONANDO;IMPRUDENCIA DEL CONDUCTOR;ADELANTAMIENTO SIN EL ESPACIO O TIEMPO SUFICIENTE;AMERICO VESPUCIO;JOSE ARRIETA;AMERICO VESPUCIO - JOSE ARRIETA;0;;;BIDIRECCIONAL CON BANDEJON;CONCRETO;BUENO;SECO;DESPEJADO;0;0;0;0
-7874649,163;-3955222,221;10819;2024;1629468;-33,450261;-70,739177;1;2024/08/08 00:00:00+00;1899/12/30 00:00:00+00;REGION METROPOLITANA;LO PRADO;COLISION PERPENDICULAR;COLISION;URBANA;CRUCE CON SEMAFORO FUNCIONANDO;DESOBEDIENCIA A SENALIZACION;SENALIZACION DESOBEDECER LUZ ROJA DE SEMAFORO;TTE CRUZ;CORONA SUECA;CORONA SUECA - TTE CRUZ;0;;;BIDIRECCIONAL CON BANDEJON;ASFALTO;BUENO;SECO;DESPEJADO;0;0;0;2
-7860669,995;-3972933,586;10820;2024;1629483;-33,58291;-70,6136;1;2024/08/01 00:00:00+00;1899/12/30 00:00:00+00;REGION METROPOLITANA;LA PINTANA;CHOQUE LATERAL;CHOQUE;URBANA;TRAMO DE VIA RECTA;IMPRUDENCIA DEL CONDUCTOR;CONDUCCION NO ATENTO CONDICIONES TRANSITO MOMENTO;GABRIELA;;- GABRIELA;3470;;;BIDIRECCIONAL;CONCRETO;BUENO;SECO;DESPEJADO;0;0;0;0
-7879025,132;-3967479,583;10821;2024;1629492;-33,542084;-70,778487;1;2024/05/17 00:00:00+00;1899/12/30 00:00:00+00;REGION METROPOLITANA;MAIPU;COLISION POR ALCANCE;COLISION;URBANA;CRUCE CON SEMAFORO FUNCIONANDO;IMPRUDENCIA DEL CONDUCTOR;CONDUCCION NO ATENTO CONDICIONES TRANSITO MOMENTO;CAMINO A MELIPILLA;EGIPTO;CAMINO A MELIPILLA - EGIPTO;0;;;BIDIRECCIONAL CON BANDEJON;CONCRETO;REGULAR;SECO;DESPEJADO;0;0;1;0
-7877710,115;-3968638,272;10822;2024;1629495;-33,550759;-70,766674;1;2024/05/17 00:00:00+00;1899/12/30 00:00:00+00;REGION METROPOLITANA;MAIPU;COLISION PERPENDICULAR;COLISION;URBANA;CRUCE SIN SENALIZACION;IMPRUDENCIA DEL CONDUCTOR;CONDUCCION NO ATENTO CONDICIONES TRANSITO MOMENTO;LAUTARO;PURISIMA;LAUTARO - PURISIMA;0;;;BIDIRECCIONAL CON BANDEJON;CONCRETO;BUENO;SECO;DESPEJADO;0;0;0;1
-7879486,442;-3967904,186;10823;2024;1629499;-33,545263;-70,782631;1;2024/05/18 00:00:00+00;1899/12/30 00:00:00+00;REGION METROPOLITANA;MAIPU;CHOQUE FRENTE/POSTERIOR;CHOQUE;URBANA;CRUCE CON SENAL PARE;ALCOHOL EN CONDUCTOR;CONDUCCION EN ESTADO DE EBRIEDAD;CAMINO A MELIPILLA;ESDRAS;CAMINO A MELIPILLA - ESDRAS;0;;;UNIDIRECCIONAL;CONCRETO;BUENO;SECO;DESPEJADO;0;0;0;0
-7878269,278;-3966871,219;10824;2024;1629506;-33,537529;-70,771697;1;2024/04/19 00:00:00+00;1899/12/30 00:00:00+00;REGION METROPOLITANA;MAIPU;COLISION LATERAL;COLISION;URBANA;CRUCE CON SENAL PARE;DESOBEDIENCIA A SENALIZACION;SENALIZACION DESOBEDECER SENAL PARE;CAMINO A MELIPILLA;SAN JUAN DE CHENA;CAMINO A MELIPILLA - SAN JUAN DE CHENA;0;;;BIDIRECCIONAL CON BANDEJON;CONCRETO;REGULAR;SECO;DESPEJADO;0;0;0;0
-7881830,828;-3963032,896;10825;2024;1629507;-33,508784;-70,803691;1;2024/07/09 00:00:00+00;1899/12/30 00:00:00+00;REGION METROPOLITANA;MAIPU;COLISION POR ALCANCE;COLISION;URBANA;TRAMO DE VIA RECTA;IMPRUDENCIA DEL CONDUCTOR;CONDUCCION SIN MANTENER DISTANCIA RAZONABLE NI PRUDENTE;CAMINO A RINCONADA;5 PONIENTE;5 PONIENTE - CAMINO A RINCONADA;0;;;BIDIRECCIONAL;CONCRETO;REGULAR;SECO;DESPEJADO;0;0;0;0
-7877748,186;-3968376,338;10826;2024;1629509;-33,548798;-70,767016;1;2024/07/20 00:00:00+00;1899/12/30 00:00:00+00;REGION METROPOLITANA;MAIPU;ATROPELLO;ATROPELLO;URBANA;CRUCE CON SENAL PARE;IMPRUDENCIA DEL CONDUCTOR;NO RESPETAR DERECHO PREFERENTE DE PASO A PEATON;4 PONIENTE;EL LABRADOR;4 PONIENTE - EL LABRADOR;0;;;BIDIRECCIONAL;CONCRETO;REGULAR;SECO;DESPEJADO;0;0;0;1
-7879432,005;-3966263,584;10827;2024;1629510;-33,532979;-70,782142;1;2024/07/22 00:00:00+00;1899/12/30 00:00:00+00;REGION METROPOLITANA;MAIPU;CHOQUE LATERAL;CHOQUE;URBANA;CRUCE SIN SENALIZACION;IMPRUDENCIA DEL CONDUCTOR;CONDUCCION NO ATENTO CONDICIONES TRANSITO MOMENTO;ALFREDO SILVA CARVALLO;PDTE GABRIEL GONZALEZ VIDELA;ALFREDO SILVA CARVALLO - PDTE GABRIEL GONZALEZ VIDELA;0;;;BIDIRECCIONAL CON BANDEJON;ASFALTO;BUENO;SECO;DESPEJADO;0;0;0;0
-7867230,387;-3948370,553;10828;2024;1626612;-33,398891;-70,672533;1;2024/07/20 00:00:00+00;1899/12/30 00:00:00+00;REGION METROPOLITANA;CONCHALI;COLISION LATERAL;COLISION;URBANA;CRUCE CON SEMAFORO FUNCIONANDO;VELOCIDAD IMPRUDENTE;VELOCIDAD NO RAZONABLE NI PRUDENTE;ROMA;DORSAL;DORSAL - ROMA;0;;;UNIDIRECCIONAL;CONCRETO;BUENO;SECO;DESPEJADO;0;0;0;0
-7877242,573;-3964610,539;10829;2024;1625145;-33,5206;-70,762474;1;2024/07/17 00:00:00+00;1899/12/30 00:00:00+00;REGION METROPOLITANA;MAIPU;ATROPELLO;ATROPELLO;URBANA;CRUCE CON SEMAFORO FUNCIONANDO;IMPRUDENCIA DEL CONDUCTOR;CONDUCCION NO ATENTO CONDICIONES TRANSITO MOMENTO;SUR;;- SUR;411;;;BIDIRECCIONAL;ASFALTO;BUENO;SECO;DESPEJADO;0;0;0;1
-7865542,227;-3946426,361;10830;2024;1626620;-33,384309;-70,657368;1;2024/07/26 00:00:00+00;1899/12/30 00:00:00+00;REGION METROPOLITANA;RECOLETA;COLISION LATERAL;COLISION;URBANA;TRAMO DE VIA RECTA;IMPRUDENCIA DEL CONDUCTOR;CONDUCCION NO ATENTO CONDICIONES TRANSITO MOMENTO;EL GUANACO;DIEGO SILVA HENRIQUEZ;DIEGO SILVA HENRIQUEZ - EL GUANACO;0;;;BIDIRECCIONAL;CONCRETO;BUENO;SECO;DESPEJADO;0;0;0;1
-7873981,691;-3957779,999;10831;2024;1625146;-33,46943;-70,733181;1;2024/07/18 00:00:00+00;1899/12/30 00:00:00+00;REGION METROPOLITANA;MAIPU;OTRO TIPO;OTRO TIPO;URBANA;TRAMO DE VIA RECTA;IMPRUDENCIA DEL PASAJERO;PASAJERO SUBE O DESCIENDE DE VEHICULO MOVIMIENTO;STA CORINA;LOS PAJARITOS;LOS PAJARITOS - STA CORINA;0;;;BIDIRECCIONAL;ASFALTO;BUENO;SECO;DESPEJADO;0;0;0;1
-7856960,05;-3962219,725;10832;2024;1626629;-33,502693;-70,580273;1;2024/07/24 00:00:00+00;1899/12/30 00:00:00+00;REGION METROPOLITANA;PENALOLEN;ATROPELLO;ATROPELLO;URBANA;CRUCE CON SEMAFORO FUNCIONANDO;IMPRUDENCIA DEL CONDUCTOR;NO RESPETAR DERECHO PREFERENTE DE PASO A PEATON;LAS TORRES;CALLE 414;CALLE 414 - LAS TORRES;0;;;BIDIRECCIONAL CON BANDEJON;CONCRETO;BUENO;SECO;DESPEJADO;0;1;1;0
-7876659,481;-3962796,321;10833;2024;1625147;-33,507012;-70,757236;1;2024/07/19 00:00:00+00;1899/12/30 00:00:00+00;REGION METROPOLITANA;MAIPU;COLISION LATERAL;COLISION;URBANA;CRUCE CON SEMAFORO FUNCIONANDO;IMPRUDENCIA DEL CONDUCTOR;CONDUCCION NO ATENTO CONDICIONES TRANSITO MOMENTO;LOS PAJARITOS;MAIPU;LOS PAJARITOS - MAIPU;0;;;BIDIRECCIONAL CON BANDEJON;ASFALTO;BUENO;SECO;DESPEJADO;0;0;0;0
-7871895,675;-3948992,464;10834;2024;1625161;-33,403555;-70,714442;1;2024/07/10 00:00:00+00;1899/12/30 00:00:00+00;REGION METROPOLITANA;RENCA;ATROPELLO;ATROPELLO;URBANA;CRUCE CON SENAL PARE;IMPRUDENCIA DEL CONDUCTOR;CONDUCCION CONTRA SENTIDO DEL TRANSITO;FRANCISCO ERRAZURIZ;ARTURO PRAT;ARTURO PRAT - FRANCISCO ERRAZURIZ;0;;;BIDIRECCIONAL;ASFALTO;REGULAR;SECO;DESPEJADO;0;0;0;0
-7857458,746;-3950320,859;10835;2024;1625164;-33,413516;-70,584753;1;2024/06/27 00:00:00+00;1899/12/30 00:00:00+00;REGION METROPOLITANA;LAS CONDES;COLISION POR ALCANCE;COLISION;URBANA;TRAMO DE VIA RECTA;IMPRUDENCIA DEL CONDUCTOR;CONDUCCION SIN MANTENER DISTANCIA RAZONABLE NI PRUDENTE;AMERICO VESPUCIO NORTE;LOS MILITARES;AMERICO VESPUCIO NORTE - LOS MILITARES;0;;;BIDIRECCIONAL CON BANDEJON;ASFALTO;BUENO;SECO;NUBLADO;0;0;0;0
-7868008,844;-3950360,147;10836;2024;1625176;-33,413811;-70,679526;1;2024/07/12 00:00:00+00;1899/12/30 00:00:00+00;REGION METROPOLITANA;RENCA;COLISION LATERAL;COLISION;URBANA;TRAMO DE VIA RECTA;IMPRUDENCIA DEL CONDUCTOR;CONDUCCION NO ATENTO CONDICIONES TRANSITO MOMENTO;DOMINGO SANTA MARIA;PDTE EDUARDO FREI MONTALVA;DOMINGO SANTA MARIA - PDTE EDUARDO FREI MONTALVA;0;;;UNIDIRECCIONAL;ASFALTO;REGULAR;SECO;DESPEJADO;0;0;0;0
-7850177,354;-3961600,172;10837;2024;1625205;-33,498052;-70,519343;1;2024/07/15 00:00:00+00;1899/12/30 00:00:00+00;REGION METROPOLITANA;PENALOLEN;CHOQUE FRONTAL;CHOQUE;URBANA;TRAMO DE VIA RECTA;IMPRUDENCIA DEL CONDUCTOR;CONDUCCION NO ATENTO CONDICIONES TRANSITO MOMENTO;DIAG LAS TORRES;LOS PRESIDENTES;DIAG LAS TORRES - LOS PRESIDENTES;0;;;BIDIRECCIONAL;CONCRETO;MALO;SECO;DESPEJADO;0;0;0;1
-7866970,233;-3966563,532;10838;2024;1625211;-33,535225;-70,670196;1;2024/07/19 00:00:00+00;1899/12/30 00:00:00+00;REGION METROPOLITANA;LA CISTERNA;ATROPELLO;ATROPELLO;URBANA;TRAMO DE VIA RECTA;IMPRUDENCIA DEL PEATON;PEATON CRUZA CALZADA FORMA SORPRESIVA O DESCUIDADA;AMERICO VESPUCIO;CIENCIAS;AMERICO VESPUCIO - CIENCIAS;0;;;UNIDIRECCIONAL;CONCRETO;BUENO;SECO;DESPEJADO;1;0;0;0
-7866306,212;-3966228,729;10839;2024;1625220;-33,532718;-70,664231;1;2024/07/04 00:00:00+00;1899/12/30 00:00:00+00;REGION METROPOLITANA;LA CISTERNA;CHOQUE;CHOQUE;URBANA;TRAMO DE VIA RECTA;IMPRUDENCIA DEL CONDUCTOR;CONDUCCION SIN MANTENER DISTANCIA RAZONABLE NI PRUDENTE;BRISAS DEL MAIPO;;- BRISAS DEL MAIPO;91;;;BIDIRECCIONAL;ASFALTO;BUENO;SECO;DESPEJADO;0;0;0;0
-7858316,924;-3972642,425;10840;2024;1626630;-33,580731;-70,592462;1;2024/07/15 00:00:00+00;1899/12/30 00:00:00+00;REGION METROPOLITANA;PUENTE ALTO;COLISION LATERAL;COLISION;URBANA;TRAMO DE VIA RECTA;IMPRUDENCIA DEL CONDUCTOR;CONDUCCION NO ATENTO CONDICIONES TRANSITO MOMENTO;GABRIELA PONIENTE;JUAN DE DIOS MALEBRAN;GABRIELA PONIENTE - JUAN DE DIOS MALEBRAN;0;;;BIDIRECCIONAL;CONCRETO;BUENO;SECO;DESPEJADO;0;0;0;0
-7875049,022;-4003502,733;10841;2024;1623448;-33,811378;-70,742769;1;2024/01/10 00:00:00+00;1899/12/30 00:00:00+00;REGION METROPOLITANA;PAINE;CHOQUE FRENTE/LADO;CHOQUE;URBANA;CRUCE CON SEMAFORO FUNCIONANDO;IMPRUDENCIA DEL CONDUCTOR;CONDUCCION NO ATENTO CONDICIONES TRANSITO MOMENTO;GRAN AVENIDA;GENERAL BAQUEDANO;GENERAL BAQUEDANO - GRAN AVENIDA;0;;;BIDIRECCIONAL;ASFALTO;BUENO;SECO;DESPEJADO;0;0;0;0
-7893374,103;-3995536,308;10842;2024;1625227;-33,751897;-70,907386;1;2024/07/12 00:00:00+00;1899/12/30 00:00:00+00;REGION METROPOLITANA;ISLA DE MAIPO;COLISION FRONTAL;COLISION;URBANA;OTROS NO CONSIDERADOS;IMPRUDENCIA DEL CONDUCTOR;CONDUCCION CAMBIAR SORPRESIVAMENTE PISTA CIRCULACION;JAIME GUZMAN;;- JAIME GUZMAN;15;;;BIDIRECCIONAL;ASFALTO;REGULAR;SECO;DESPEJADO;0;1;0;0
-7860294,069;-3966901,016;10843;2024;1626638;-33,537752;-70,610223;1;2024/07/12 00:00:00+00;1899/12/30 00:00:00+00;REGION METROPOLITANA;LA GRANJA;CHOQUE LATERAL;CHOQUE;URBANA;TRAMO DE VIA RECTA;IMPRUDENCIA DEL CONDUCTOR;CONDUCCION NO ATENTO CONDICIONES TRANSITO MOMENTO;AMERICO VESPUCIO;PUNTA ARENAS;AMERICO VESPUCIO - PUNTA ARENAS;0;;;UNIDIRECCIONAL;ASFALTO;BUENO;SECO;DESPEJADO;0;0;0;0
-7887741,448;-3989678,425;10844;2024;1625228;-33,708133;-70,856787;1;2024/07/13 00:00:00+00;1899/12/30 00:00:00+00;REGION METROPOLITANA;TALAGANTE;CHOQUE FRONTAL;CHOQUE;URBANA;TRAMO DE VIA RECTA;IMPRUDENCIA DEL CONDUCTOR;CONDUCCION NO ATENTO CONDICIONES TRANSITO MOMENTO;CAMINO A LONQUEN;CARAMPANGUE;CAMINO A LONQUEN - CARAMPANGUE;0;;;BIDIRECCIONAL;ASFALTO;REGULAR;SECO;NEBLINA;0;0;0;2
-7863977,854;-3949694,821;10845;2024;1623449;-33,408822;-70,643315;1;2024/07/07 00:00:00+00;1899/12/30 00:00:00+00;REGION METROPOLITANA;RECOLETA;ATROPELLO;ATROPELLO;URBANA;CRUCE CON SEMAFORO FUNCIONANDO;ALCOHOL EN CONDUCTOR;CONDUCCION EN ESTADO DE EBRIEDAD;RAWSON;RECOLETA;RAWSON - RECOLETA;0;;;BIDIRECCIONAL;ASFALTO;BUENO;SECO;NUBLADO;0;0;0;1
-7861157,129;-3964975,473;10846;2024;1626640;-33,523333;-70,617976;1;2024/07/12 00:00:00+00;1899/12/30 00:00:00+00;REGION METROPOLITANA;LA GRANJA;CHOQUE LATERAL;CHOQUE;URBANA;TRAMO DE VIA RECTA;IMPRUDENCIA DEL CONDUCTOR;CONDUCCION NO ATENTO CONDICIONES TRANSITO MOMENTO;YUNGAY;;- YUNGAY;746;;;BIDIRECCIONAL CON BANDEJON;ASFALTO;BUENO;SECO;DESPEJADO;0;0;0;0
-7862713,153;-3969051,422;10847;2024;1625229;-33,553852;-70,631954;1;2024/07/05 00:00:00+00;1899/12/30 00:00:00+00;REGION METROPOLITANA;SAN RAMON;COLISION;COLISION;URBANA;CRUCE CON SEMAFORO FUNCIONANDO;DESOBEDIENCIA A SENALIZACION;SENALIZACION DESOBEDECER LUZ ROJA DE SEMAFORO;STA ROSA;ESPERANZA;ESPERANZA - STA ROSA;0;;;BIDIRECCIONAL;CONCRETO;BUENO;SECO;NUBLADO;0;0;0;0
-7864786,145;-3952709,694;10848;2024;1623451;-33,431427;-70,650576;1;2024/07/07 00:00:00+00;1899/12/30 00:00:00+00;REGION METROPOLITANA;RECOLETA;COLISION PERPENDICULAR;COLISION;URBANA;CRUCE CON SENAL PARE;IMPRUDENCIA DEL CONDUCTOR;CONDUCCION CAMBIAR SORPRESIVAMENTE PISTA CIRCULACION;ARTESANOS;SALAS;ARTESANOS - SALAS;0;;;UNIDIRECCIONAL;ASFALTO;BUENO;SECO;NUBLADO;0;0;0;0
-7888913,642;-3994497,937;10849;2024;1625230;-33,744141;-70,867317;1;2024/07/14 00:00:00+00;1899/12/30 00:00:00+00;REGION METROPOLITANA;ISLA DE MAIPO;ATROPELLO;ATROPELLO;URBANA;CRUCE CON SENAL PARE;IMPRUDENCIA DEL CONDUCTOR;NO RESPETAR DERECHO PREFERENTE DE PASO A PEATON;MICHELLE BACHELET;ESTELIO REYES;ESTELIO REYES - MICHELLE BACHELET;0;;;BIDIRECCIONAL;ASFALTO;REGULAR;SECO;DESPEJADO;0;0;0;2
-7855875,353;-3949800,705;10850;2024;1626643;-33,409616;-70,570529;1;2024/07/14 00:00:00+00;1899/12/30 00:00:00+00;REGION METROPOLITANA;LAS CONDES;COLISION FRONTAL;COLISION;URBANA;CRUCE CON SEMAFORO FUNCIONANDO;IMPRUDENCIA DEL CONDUCTOR;CONDUCCION NO ATENTO CONDICIONES TRANSITO MOMENTO;APOQUINDO;ROSARIO NORTE;APOQUINDO - ROSARIO NORTE;0;;;BIDIRECCIONAL;ASFALTO;BUENO;SECO;DESPEJADO;0;0;0;0
-7857644,109;-3980713,07;10851;2024;1623455;-33,64111;-70,586418;1;2024/06/29 00:00:00+00;1899/12/30 00:00:00+00;REGION METROPOLITANA;PIRQUE;COLISION FRONTAL;COLISION;URBANA;TRAMO DE VIA RECTA;IMPRUDENCIA DEL CONDUCTOR;CONDUCCION NO ATENTO CONDICIONES TRANSITO MOMENTO;VIRGINIA SUBERCASEAUX;;- VIRGINIA SUBERCASEAUX;1390;;;BIDIRECCIONAL;ASFALTO;BUENO;SECO;DESPEJADO;0;0;1;1
-7895334,551;-3983570,476;10852;2024;1625235;-33,662477;-70,924997;1;2024/07/14 00:00:00+00;1899/12/30 00:00:00+00;REGION METROPOLITANA;TALAGANTE;CHOQUE FRONTAL;CHOQUE;URBANA;TRAMO DE VIA RECTA;IMPRUDENCIA DEL CONDUCTOR;CONDUCCION SIN MANTENER DISTANCIA RAZONABLE NI PRUDENTE;CAMINO A LONQUEN;;- CAMINO A LONQUEN;6556;;;BIDIRECCIONAL;ASFALTO;REGULAR;SECO;DESPEJADO;0;0;0;1
-7870402,213;-3958485,826;10853;2024;1623457;-33,474719;-70,701026;1;2024/06/16 00:00:00+00;1899/12/30 00:00:00+00;REGION METROPOLITANA;ESTACION CENTRAL;COLISION POR ALCANCE;COLISION;URBANA;TRAMO DE VIA RECTA;IMPRUDENCIA DEL CONDUCTOR;CONDUCCION SIN MANTENER DISTANCIA RAZONABLE NI PRUDENTE;LUIS INFANTE CERDA;;- LUIS INFANTE CERDA;6225;;;BIDIRECCIONAL;ASFALTO;BUENO;SECO;DESPEJADO;0;1;0;0
-7861284,033;-3966895,941;10854;2024;1626646;-33,537714;-70,619116;1;2024/07/13 00:00:00+00;1899/12/30 00:00:00+00;REGION METROPOLITANA;LA GRANJA;CHOQUE LATERAL;CHOQUE;URBANA;CRUCE SIN SENALIZACION;IMPRUDENCIA DEL CONDUCTOR;CONDUCCION NO ATENTO CONDICIONES TRANSITO MOMENTO;SAN GREGORIO;2 ORIENTE;2 ORIENTE - SAN GREGORIO;0;;;BIDIRECCIONAL CON BANDEJON;CONCRETO;BUENO;SECO;DESPEJADO;0;0;0;0
-7901378,086;-3985824,725;10855;2024;1625240;-33,67933;-70,979287;1;2024/07/17 00:00:00+00;1899/12/30 00:00:00+00;REGION METROPOLITANA;EL MONTE;ATROPELLO;ATROPELLO;URBANA;CRUCE CON SENAL PARE;OTRAS CAUSAS;HECHO DELICTUAL;LOS LIBERTADORES;CAMILO HENRIQUEZ;CAMILO HENRIQUEZ - LOS LIBERTADORES;0;;;BIDIRECCIONAL;ASFALTO;REGULAR;SECO;DESPEJADO;0;0;0;1
-7862676,306;-3969167,101;10856;2024;1626648;-33,554718;-70,631623;1;2024/07/25 00:00:00+00;1899/12/30 00:00:00+00;REGION METROPOLITANA;LA GRANJA;ATROPELLO;ATROPELLO;URBANA;CRUCE SIN SENALIZACION;IMPRUDENCIA DEL PEATON;PEATON CRUZA CALZADA FUERA PASO PEATONES;STA ROSA;ROBERTO HUNNEUS;ROBERTO HUNNEUS - STA ROSA;0;;;BIDIRECCIONAL CON BANDEJON;ASFALTO;BUENO;SECO;DESPEJADO;2;0;0;0
-7858392,955;-3977754,777;10857;2024;1623468;-33,618983;-70,593145;1;2024/07/04 00:00:00+00;1899/12/30 00:00:00+00;REGION METROPOLITANA;PUENTE ALTO;COLISION LATERAL;COLISION;URBANA;CRUCE CON SENAL CEDA EL PASO;DESOBEDIENCIA A SENALIZACION;SENALIZACION DESOBEDECER SENAL CEDA EL PASO;OSCAR BONILLA;SGTO MENADIER;OSCAR BONILLA - SGTO MENADIER;0;;;BIDIRECCIONAL;CONCRETO;REGULAR;SECO;DESPEJADO;0;0;0;1
-7857588,894;-3963046,113;10858;2024;1625250;-33,508883;-70,585922;1;2024/07/08 00:00:00+00;1899/12/30 00:00:00+00;REGION METROPOLITANA;PENALOLEN;COLISION LATERAL;COLISION;URBANA;CRUCE CON SENAL CEDA EL PASO;IMPRUDENCIA DEL CONDUCTOR;ADELANTAMIENTO EN CRUCE, CURVA, CUESTA, PUENTE;LAS TEJAS;LOS VERDULEROS;LAS TEJAS - LOS VERDULEROS;0;;;BIDIRECCIONAL CON BANDEJON;CONCRETO;BUENO;SECO;DESPEJADO;0;0;0;1
-7883167,219;-3971154,934;10859;2024;1626655;-33,569598;-70,815696;1;2024/07/15 00:00:00+00;1899/12/30 00:00:00+00;REGION METROPOLITANA;PADRE HURTADO;COLISION LATERAL;COLISION;URBANA;CRUCE CON SEMAFORO FUNCIONANDO;IMPRUDENCIA DEL CONDUCTOR;CONDUCCION NO ATENTO CONDICIONES TRANSITO MOMENTO;CAMINO SAN ALBERTO HURTADO;LOS SILOS;CAMINO SAN ALBERTO HURTADO - LOS SILOS;0;;;BIDIRECCIONAL CON BANDEJON;ASFALTO;BUENO;SECO;DESPEJADO;0;0;0;0
-7858121,224;-3977703,578;10860;2024;1623472;-33,6186;-70,590704;1;2024/07/06 00:00:00+00;1899/12/30 00:00:00+00;REGION METROPOLITANA;PUENTE ALTO;CAIDA;CAIDA;URBANA;TRAMO DE VIA RECTA;IMPRUDENCIA DEL CONDUCTOR;CONDUCCION NO ATENTO CONDICIONES TRANSITO MOMENTO;EJERCITO LIBERTADOR;QUEBRADA;EJERCITO LIBERTADOR - QUEBRADA;0;;;BIDIRECCIONAL;ASFALTO;BUENO;SECO;DESPEJADO;0;0;0;0
-7854373,765;-3949741,096;10861;2024;1625267;-33,409169;-70,55704;1;2024/06/26 00:00:00+00;1899/12/30 00:00:00+00;REGION METROPOLITANA;LAS CONDES;CHOQUE LADO/POSTERIOR;CHOQUE;URBANA;ACERA O BERMA;IMPRUDENCIA DEL CONDUCTOR;CONDUCCION NO ATENTO CONDICIONES TRANSITO MOMENTO;HERNANDO DE MAGALLANES;;- HERNANDO DE MAGALLANES;165;;;UNIDIRECCIONAL;ASFALTO;BUENO;SECO;DESPEJADO;0;1;0;0