ï»¿X;Y;FID;AÃ±o;IdAccident;Latitud;longitud;ClaseAccid;Fecha;Hora;RegiÃ³n;Comuna;Tipo_Accid;Tipo__CONA;Zona;UbicaciÃ³n;Causa__CON;Causa_Acci;Calle_Uno;Calle_Dos;Intersecci;NÃºmero;Ruta;Ubicaci_1;Calzada;Tipo_Calza;Estado_Cal;CondiciÃ³n;Estado_Atm;Fallecidos;Graves;Menos_Grav;Leves
-7853839,32;-3957774,394;11012;2024;1626834;-33,469388;-70,552239;1;2024/07/23 00:00:00+00;1899/12/30 00:00:00+00;REGION METROPOLITANA;PENALOLEN;CHOQUE FRENTE/POSTERIOR;CHOQUE;URBANA;CRUCE CON SEMAFORO FUNCIONANDO;IMPRUDENCIA DEL CONDUCTOR;CONDUCCION NO ATENTO CONDICIONES TRANSITO MOMENTO;TOBALABA;LAS PARCELAS;LAS PARCELAS - TOBALABA;0;;;BIDIRECCIONAL CON BANDEJON;CONCRETO;BUENO;SECO;DESPEJADO;0;0;0;1
-7863364,817;-3968185,334;11013;2024;1625447;-33,547368;-70,637808;1;2024/07/11 00:00:00+00;1899/12/30 00:00:00+00;REGION METROPOLITANA;SAN RAMON;ATROPELLO;ATROPELLO;URBANA;CRUCE SIN SENALIZACION;IMPRUDENCIA DEL CONDUCTOR;CONDUCCION NO ATENTO CONDICIONES TRANSITO MOMENTO;CARAB GENARO RODRIGUEZ;PEDRO LAGOS;CARAB GENARO RODRIGUEZ - PEDRO LAGOS;0;;;UNIDIRECCIONAL;ASFALTO;BUENO;SECO;DESPEJADO;0;1;0;0
-7857542,029;-3965368,061;11014;2024;1626839;-33,526273;-70,585501;1;2024/07/19 00:00:00+00;1899/12/30 00:00:00+00;REGION METROPOLITANA;LA FLORIDA;CHOQUE POSTERIOR/FRENTE;CHOQUE;URBANA;CRUCE SIN SENALIZACION;IMPRUDENCIA DEL CONDUCTOR;CONDUCCION NO ATENTO CONDICIONES TRANSITO MOMENTO;ALONSO DE ERCILLA;VICENTE VALDES;ALONSO DE ERCILLA - VICENTE VALDES;0;;;BIDIRECCIONAL;ASFALTO;BUENO;SECO;NUBLADO;0;0;0;0
-7852469,533;-3957921,321;11015;2024;1625461;-33,470489;-70,539934;1;2024/07/17 00:00:00+00;1899/12/30 00:00:00+00;REGION METROPOLITANA;PENALOLEN;COLISION FRONTAL;COLISION;URBANA;CRUCE CON SENAL PARE;DESOBEDIENCIA A SENALIZACION;SENALIZACION DESOBEDECER SENAL PARE;LAGUNA ICALMA;LAGO GRIS;LAGO GRIS - LAGUNA ICALMA;0;;;BIDIRECCIONAL;CONCRETO;BUENO;SECO;NUBLADO;0;0;0;0
-7860988,703;-3966849,464;11016;2024;1626843;-33,537366;-70,616463;1;2024/07/24 00:00:00+00;1899/12/30 00:00:00+00;REGION METROPOLITANA;LA GRANJA;COLISION LATERAL;COLISION;URBANA;TRAMO DE VIA RECTA;IMPRUDENCIA DEL CONDUCTOR;CONDUCCION NO ATENTO CONDICIONES TRANSITO MOMENTO;CORONEL;;- CORONEL;7625;;;BIDIRECCIONAL;ASFALTO;BUENO;SECO;DESPEJADO;0;0;1;0
-7859627,599;-3951090,595;11017;2024;1625471;-33,419288;-70,604236;1;2024/07/15 00:00:00+00;1899/12/30 00:00:00+00;REGION METROPOLITANA;PROVIDENCIA;CHOQUE LADO/FRENTE;CHOQUE;URBANA;CRUCE CON SEMAFORO FUNCIONANDO;IMPRUDENCIA DEL CONDUCTOR;CONDUCCION NO ATENTO CONDICIONES TRANSITO MOMENTO;PROVIDENCIA;HOLANDA;HOLANDA - PROVIDENCIA;0;;;BIDIRECCIONAL CON BANDEJON;CONCRETO;BUENO;SECO;DESPEJADO;0;0;0;0
-7847680,68;-3944115,675;11018;2024;1623727;-33,366975;-70,496915;1;2024/07/07 00:00:00+00;1899/12/30 00:00:00+00;REGION METROPOLITANA;LO BARNECHEA;COLISION LATERAL;COLISION;URBANA;CRUCE CON SENAL PARE;IMPRUDENCIA DEL CONDUCTOR;CONDUCCION NO ATENTO CONDICIONES TRANSITO MOMENTO;CAMINO A FARELLONES;SAN ENRIQUE;CAMINO A FARELLONES - SAN ENRIQUE;0;;;BIDIRECCIONAL;CONCRETO;BUENO;SECO;DESPEJADO;0;0;0;0
-7858828,103;-3972667,679;11019;2024;1626844;-33,58092;-70,597054;1;2024/07/11 00:00:00+00;1899/12/30 00:00:00+00;REGION METROPOLITANA;PUENTE ALTO;CHOQUE FRENTE/POSTERIOR;CHOQUE;URBANA;TRAMO DE VIA RECTA;IMPRUDENCIA DEL CONDUCTOR;CONDUCCION NO ATENTO CONDICIONES TRANSITO MOMENTO;GABRIELA PONIENTE;;- GABRIELA PONIENTE;1313;;;BIDIRECCIONAL;CONCRETO;BUENO;SECO;DESPEJADO;0;0;0;0
-7861859,889;-3955549,234;11020;2024;1625474;-33,452712;-70,624289;1;2024/07/06 00:00:00+00;1899/12/30 00:00:00+00;REGION METROPOLITANA;NUNOA;COLISION POR ALCANCE;COLISION;URBANA;CRUCE CON SEMAFORO FUNCIONANDO;IMPRUDENCIA DEL CONDUCTOR;CONDUCCION NO ATENTO CONDICIONES TRANSITO MOMENTO;IRARRAZAVAL;CONDELL;CONDELL - IRARRAZAVAL;0;;;BIDIRECCIONAL CON BANDEJON;CONCRETO;BUENO;SECO;DESPEJADO;0;0;0;1
-7864312,48;-3964960,117;11021;2024;1623731;-33,523218;-70,646321;1;2024/07/08 00:00:00+00;1899/12/30 00:00:00+00;REGION METROPOLITANA;LA CISTERNA;CHOQUE FRENTE/POSTERIOR;CHOQUE;URBANA;CRUCE CON SEMAFORO FUNCIONANDO;IMPRUDENCIA DEL CONDUCTOR;CONDUCCION NO ATENTO CONDICIONES TRANSITO MOMENTO;SAN FRANCISCO;GOYCOLEA;GOYCOLEA - SAN FRANCISCO;0;;;BIDIRECCIONAL;CONCRETO;BUENO;SECO;DESPEJADO;0;0;0;0
-7892711,529;-3976565,764;11022;2024;1625478;-33,610088;-70,901434;1;2024/07/02 00:00:00+00;1899/12/30 00:00:00+00;REGION METROPOLITANA;PENAFLOR;ATROPELLO;ATROPELLO;URBANA;TRAMO DE VIA RECTA;IMPRUDENCIA DEL CONDUCTOR;CONDUCIR VEHICULO EN RETROCESO;21 DE MAYO;;- 21 DE MAYO;4578;;;UNIDIRECCIONAL;CONCRETO;BUENO;SECO;DESPEJADO;0;0;0;1
-7888206,764;-3976549,056;11023;2024;1626846;-33,609963;-70,860967;1;2024/07/15 00:00:00+00;1899/12/30 00:00:00+00;REGION METROPOLITANA;PENAFLOR;COLISION FRONTAL;COLISION;URBANA;TRAMO DE VIA RECTA;IMPRUDENCIA DEL CONDUCTOR;CONDUCCION NO ATENTO CONDICIONES TRANSITO MOMENTO;VICUNA MACKENNA;CONCEJAL EDUARDO YANEZ PINZON;CONCEJAL EDUARDO YANEZ PINZON - VICUNA MACKENNA;0;;;BIDIRECCIONAL;CONCRETO;BUENO;SECO;DESPEJADO;0;0;0;0
-7866970,233;-3966563,532;11024;2024;1623732;-33,535225;-70,670196;1;2024/07/09 00:00:00+00;1899/12/30 00:00:00+00;REGION METROPOLITANA;LA CISTERNA;CHOQUE FRENTE/POSTERIOR;CHOQUE;URBANA;CRUCE CON SENAL PARE;DESOBEDIENCIA A SENALIZACION;SENALIZACION DESOBEDECER SENAL PARE;AMERICO VESPUCIO;CIENCIAS;AMERICO VESPUCIO - CIENCIAS;0;;;UNIDIRECCIONAL;CONCRETO;BUENO;SECO;DESPEJADO;0;0;0;0
-7856230,574;-3955629,688;11025;2024;1625479;-33,453315;-70,57372;1;2024/07/15 00:00:00+00;1899/12/30 00:00:00+00;REGION METROPOLITANA;NUNOA;COLISION;COLISION;URBANA;CRUCE CON SENAL CEDA EL PASO;IMPRUDENCIA DEL CONDUCTOR;CONDUCCION NO ATENTO CONDICIONES TRANSITO MOMENTO;IRARRAZAVAL;HERIBERTO COVARRUBIAS;HERIBERTO COVARRUBIAS - IRARRAZAVAL;0;;;BIDIRECCIONAL;CONCRETO;BUENO;SECO;DESPEJADO;0;0;0;0
-7867651,954;-3964686,516;11026;2024;1623734;-33,521169;-70,67632;1;2024/07/09 00:00:00+00;1899/12/30 00:00:00+00;REGION METROPOLITANA;LA CISTERNA;COLISION POR ALCANCE;COLISION;URBANA;CRUCE CON SEMAFORO FUNCIONANDO;IMPRUDENCIA DEL CONDUCTOR;CONDUCCION CAMBIAR SORPRESIVAMENTE PISTA CIRCULACION;JOSE JOAQUIN PRIETO VIAL;EL PARRON;EL PARRON - JOSE JOAQUIN PRIETO VIAL;0;;;UNIDIRECCIONAL;CONCRETO;BUENO;SECO;DESPEJADO;0;0;0;1
-7858965,916;-3955843,567;11027;2024;1625498;-33,454918;-70,598292;1;2024/07/15 00:00:00+00;1899/12/30 00:00:00+00;REGION METROPOLITANA;NUNOA;COLISION;COLISION;URBANA;CRUCE CON SEMAFORO FUNCIONANDO;IMPRUDENCIA DEL CONDUCTOR;CONDUCCION NO ATENTO CONDICIONES TRANSITO MOMENTO;SUECIA;DR PEDRO LAUTARO FERRER;DR PEDRO LAUTARO FERRER - SUECIA;0;;;UNIDIRECCIONAL;CONCRETO;REGULAR;SECO;DESPEJADO;0;0;0;1
-7867795,11;-3966370,154;11028;2024;1623735;-33,533777;-70,677606;1;2024/07/10 00:00:00+00;1899/12/30 00:00:00+00;REGION METROPOLITANA;LA CISTERNA;COLISION POR ALCANCE;COLISION;URBANA;TRAMO DE VIA RECTA;IMPRUDENCIA DEL CONDUCTOR;CONDUCCION SIN MANTENER DISTANCIA RAZONABLE NI PRUDENTE;AMERICO VESPUCIO;;- AMERICO VESPUCIO;1280;;;UNIDIRECCIONAL;CONCRETO;BUENO;SECO;DESPEJADO;0;0;0;0
-7861389,564;-3963853,735;11029;2024;1626847;-33,514932;-70,620064;1;2024/07/25 00:00:00+00;1899/12/30 00:00:00+00;REGION METROPOLITANA;LA GRANJA;COLISION LATERAL;COLISION;URBANA;CRUCE CON SENAL PARE;DESOBEDIENCIA A SENALIZACION;SENALIZACION DESOBEDECER SENAL PARE;LO OVALLE;CALLE P;CALLE P - LO OVALLE;0;;;BIDIRECCIONAL;ASFALTO;REGULAR;SECO;DESPEJADO;0;0;0;0
-7858386,721;-3955337,095;11030;2024;1625500;-33,451122;-70,593089;1;2024/07/16 00:00:00+00;1899/12/30 00:00:00+00;REGION METROPOLITANA;NUNOA;COLISION;COLISION;URBANA;CRUCE CON SENAL CEDA EL PASO;IMPRUDENCIA DEL CONDUCTOR;CONDUCCION SIN MANTENER DISTANCIA RAZONABLE NI PRUDENTE;ENRIQUE BRAVO;MANUEL DE SALAS;ENRIQUE BRAVO - MANUEL DE SALAS;0;;;UNIDIRECCIONAL;CONCRETO;BUENO;SECO;DESPEJADO;0;0;0;1
-7864284,762;-3968452,874;11031;2024;1623736;-33,549371;-70,646072;1;2024/07/02 00:00:00+00;1899/12/30 00:00:00+00;REGION METROPOLITANA;SAN RAMON;CAIDA;CAIDA;URBANA;TRAMO DE VIA RECTA;IMPRUDENCIA DEL CONDUCTOR;CONDUCCION NO ATENTO CONDICIONES TRANSITO MOMENTO;JUAN LUIS SANFUENTES;BOLIVIA;BOLIVIA - JUAN LUIS SANFUENTES;0;;;BIDIRECCIONAL;ASFALTO;BUENO;SECO;NUBLADO;0;1;0;2
-7857139,163;-3976700,633;11032;2024;1626851;-33,611097;-70,581882;1;2024/07/19 00:00:00+00;1899/12/30 00:00:00+00;REGION METROPOLITANA;PUENTE ALTO;CHOQUE FRENTE/LADO;CHOQUE;URBANA;TRAMO DE VIA RECTA;IMPRUDENCIA DEL CONDUCTOR;ADELANTAMIENTO SIN EL ESPACIO O TIEMPO SUFICIENTE;COQUIMBO;;- COQUIMBO;172;;;BIDIRECCIONAL;ASFALTO;BUENO;SECO;DESPEJADO;0;0;0;0
-7858993,746;-3950175,575;11033;2024;1625503;-33,412427;-70,598542;1;2024/04/21 00:00:00+00;1899/12/30 00:00:00+00;REGION METROPOLITANA;LAS CONDES;COLISION LATERAL;COLISION;URBANA;CRUCE CON SENAL CEDA EL PASO;IMPRUDENCIA DEL CONDUCTOR;NO RESPETAR DERECHO PREFERENTE DE PASO A VEHICULO;PDTE RIESCO;CARMENCITA;CARMENCITA - PDTE RIESCO;0;;;BIDIRECCIONAL;ASFALTO;BUENO;SECO;DESPEJADO;0;0;0;0
-7850125,702;-3944191,784;11034;2024;1623743;-33,367546;-70,518879;1;2024/07/09 00:00:00+00;1899/12/30 00:00:00+00;REGION METROPOLITANA;LO BARNECHEA;CHOQUE FRENTE/POSTERIOR;CHOQUE;URBANA;TRAMO DE VIA RECTA;IMPRUDENCIA DEL CONDUCTOR;CONDUCCION NO ATENTO CONDICIONES TRANSITO MOMENTO;RAUL LABBE;;- RAUL LABBE;12900;;;BIDIRECCIONAL CON BANDEJON;CONCRETO;BUENO;SECO;DESPEJADO;0;0;0;1
-7858844,021;-3977770,952;11035;2024;1626853;-33,619104;-70,597197;1;2024/07/21 00:00:00+00;1899/12/30 00:00:00+00;REGION METROPOLITANA;PUENTE ALTO;COLISION PERPENDICULAR;COLISION;URBANA;CRUCE CON SENAL CEDA EL PASO;DESOBEDIENCIA A SENALIZACION;SENALIZACION DESOBEDECER SENAL CEDA EL PASO;VALLE CENTRAL;ARCO IRIS;ARCO IRIS - VALLE CENTRAL;0;;;BIDIRECCIONAL;ASFALTO;REGULAR;SECO;DESPEJADO;0;0;0;0
-7855702,326;-3949760,37;11036;2024;1625509;-33,409314;-70,568975;1;2024/07/04 00:00:00+00;1899/12/30 00:00:00+00;REGION METROPOLITANA;LAS CONDES;CHOQUE POSTERIOR/FRENTE;CHOQUE;URBANA;TRAMO DE VIA RECTA;IMPRUDENCIA DEL CONDUCTOR;CONDUCCION NO ATENTO CONDICIONES TRANSITO MOMENTO;APOQUINDO;MAR DE LOS SARGAZOS;APOQUINDO - MAR DE LOS SARGAZOS;0;;;BIDIRECCIONAL CON BANDEJON;ASFALTO;BUENO;SECO;DESPEJADO;0;0;0;0
-7853346,842;-3969599,372;11037;2024;1626856;-33,557954;-70,547815;1;2024/07/02 00:00:00+00;1899/12/30 00:00:00+00;REGION METROPOLITANA;PUENTE ALTO;CHOQUE FRENTE/LADO;CHOQUE;URBANA;TRAMO DE VIA RECTA;IMPRUDENCIA DEL CONDUCTOR;CONDUCCION NO ATENTO CONDICIONES TRANSITO MOMENTO;CAMILO HENRIQUEZ;STA ROSA DEL PERAL;CAMILO HENRIQUEZ - STA ROSA DEL PERAL;0;;;BIDIRECCIONAL;CONCRETO;BUENO;SECO;DESPEJADO;0;0;0;0
-7856814,667;-3948708,04;11038;2024;1625511;-33,401422;-70,578967;1;2024/07/04 00:00:00+00;1899/12/30 00:00:00+00;REGION METROPOLITANA;LAS CONDES;CHOQUE FRENTE/POSTERIOR;CHOQUE;URBANA;OTROS NO CONSIDERADOS;IMPRUDENCIA DEL CONDUCTOR;CONDUCCION NO ATENTO CONDICIONES TRANSITO MOMENTO;PDTE KENNEDY;;- PDTE KENNEDY;5413;;;UNIDIRECCIONAL;ASFALTO;BUENO;SECO;DESPEJADO;0;0;0;0
-7860523,387;-3979158,758;11039;2024;1626857;-33,629485;-70,612283;1;2024/07/23 00:00:00+00;1899/12/30 00:00:00+00;REGION METROPOLITANA;PUENTE ALTO;COLISION LATERAL;COLISION;URBANA;TRAMO DE VIA RECTA;IMPRUDENCIA DEL CONDUCTOR;CONDUCCION CAMBIAR SORPRESIVAMENTE PISTA CIRCULACION;JUANITA;;- JUANITA;1515;;;BIDIRECCIONAL;ASFALTO;BUENO;SECO;DESPEJADO;0;0;0;1
-7864453,633;-3945802,321;11040;2024;1623760;-33,379628;-70,647589;1;2024/07/06 00:00:00+00;1899/12/30 00:00:00+00;REGION METROPOLITANA;RECOLETA;COLISION POR ALCANCE;COLISION;URBANA;TRAMO DE VIA RECTA;IMPRUDENCIA DEL CONDUCTOR;CONDUCCION SIN MANTENER DISTANCIA RAZONABLE NI PRUDENTE;AMERICO VESPUCIO;JUAN CRISTOBAL;AMERICO VESPUCIO - JUAN CRISTOBAL;0;;;BIDIRECCIONAL;CONCRETO;BUENO;SECO;DESPEJADO;0;0;0;0
-7856126,564;-3949896,894;11041;2024;1625513;-33,410337;-70,572786;1;2024/07/05 00:00:00+00;1899/12/30 00:00:00+00;REGION METROPOLITANA;LAS CONDES;COLISION LATERAL;COLISION;URBANA;TRAMO DE VIA RECTA;IMPRUDENCIA DEL CONDUCTOR;CONDUCCION CAMBIAR SORPRESIVAMENTE PISTA CIRCULACION;APOQUINDO;FLOR DE AZUCENA;APOQUINDO - FLOR DE AZUCENA;0;;;BIDIRECCIONAL CON BANDEJON;ASFALTO;BUENO;SECO;DESPEJADO;0;0;0;0
-7858542,457;-3977145,217;11042;2024;1626864;-33,614423;-70,594488;1;2024/07/25 00:00:00+00;1899/12/30 00:00:00+00;REGION METROPOLITANA;PUENTE ALTO;CHOQUE FRENTE/POSTERIOR;CHOQUE;URBANA;TRAMO DE VIA RECTA;IMPRUDENCIA DEL CONDUCTOR;CONDUCCION NO ATENTO CONDICIONES TRANSITO MOMENTO;EYZAGUIRRE;;- EYZAGUIRRE;1515;;;BIDIRECCIONAL;ASFALTO;BUENO;SECO;DESPEJADO;0;0;0;0
-7854801,009;-3962998,451;11043;2024;1623771;-33,508526;-70,560878;1;2024/07/11 00:00:00+00;1899/12/30 00:00:00+00;REGION METROPOLITANA;PENALOLEN;COLISION LATERAL;COLISION;URBANA;CRUCE CON SEMAFORO FUNCIONANDO;IMPRUDENCIA DEL CONDUCTOR;CONDUCCION NO ATENTO CONDICIONES TRANSITO MOMENTO;TOBALABA;SAN LUIS DE MACUL;SAN LUIS DE MACUL - TOBALABA;0;;;BIDIRECCIONAL;CONCRETO;BUENO;SECO;DESPEJADO;0;0;0;0
-7856476,479;-3950033,014;11044;2024;1625528;-33,411358;-70,575929;1;2024/07/05 00:00:00+00;1899/12/30 00:00:00+00;REGION METROPOLITANA;LAS CONDES;CHOQUE POSTERIOR/FRENTE;CHOQUE;URBANA;TRAMO DE VIA RECTA;IMPRUDENCIA DEL CONDUCTOR;CONDUCCION NO ATENTO CONDICIONES TRANSITO MOMENTO;APOQUINDO;ROSA O'HIGGINS;APOQUINDO - ROSA O'HIGGINS;0;;;BIDIRECCIONAL CON BANDEJON;ASFALTO;BUENO;SECO;DESPEJADO;0;0;0;1
-7857568,3;-3960098,62;11045;2024;1626866;-33,486803;-70,585737;1;2024/07/11 00:00:00+00;1899/12/30 00:00:00+00;REGION METROPOLITANA;MACUL;COLISION LATERAL;COLISION;URBANA;CRUCE CON SEMAFORO FUNCIONANDO;DESOBEDIENCIA A SENALIZACION;SENALIZACION DESOBEDECER LUZ ROJA DE SEMAFORO;QUILIN;RAMON CRUZ MONTT;QUILIN - RAMON CRUZ MONTT;0;;;BIDIRECCIONAL;ASFALTO;BUENO;SECO;DESPEJADO;0;0;0;0
-7849140,524;-3942776,317;11046;2024;1623772;-33,356926;-70,510029;1;2024/07/10 00:00:00+00;1899/12/30 00:00:00+00;REGION METROPOLITANA;LO BARNECHEA;COLISION LATERAL;COLISION;URBANA;TRAMO DE VIA RECTA;IMPRUDENCIA DEL CONDUCTOR;ADELANTAMIENTO SIN EL ESPACIO O TIEMPO SUFICIENTE;PADRE ALFREDO ARTEAGA BARROS;;- PADRE ALFREDO ARTEAGA BARROS;13533;;;BIDIRECCIONAL CON BANDEJON;CONCRETO;BUENO;SECO;DESPEJADO;0;0;0;0
-7859354,644;-3960627,324;11047;2024;1626870;-33,490764;-70,601784;1;2024/07/11 00:00:00+00;1899/12/30 00:00:00+00;REGION METROPOLITANA;MACUL;COLISION PERPENDICULAR;COLISION;URBANA;CRUCE CON SEMAFORO FUNCIONANDO;DESOBEDIENCIA A SENALIZACION;SENALIZACION DESOBEDECER LUZ ROJA DE SEMAFORO;EXEQUIEL FERNANDEZ;LA AGUADA;EXEQUIEL FERNANDEZ - LA AGUADA;0;;;BIDIRECCIONAL;ASFALTO;BUENO;SECO;DESPEJADO;0;0;0;0
-7855464,139;-3948079,21;11048;2024;1625530;-33,396706;-70,566835;1;2024/07/05 00:00:00+00;1899/12/30 00:00:00+00;REGION METROPOLITANA;LAS CONDES;COLISION POR ALCANCE;COLISION;URBANA;TRAMO DE VIA RECTA;IMPRUDENCIA DEL CONDUCTOR;CONDUCCION SIN MANTENER DISTANCIA RAZONABLE NI PRUDENTE;PDTE KENNEDY;BRASILIA;BRASILIA - PDTE KENNEDY;0;;;UNIDIRECCIONAL;CONCRETO;BUENO;SECO;DESPEJADO;0;0;0;0
-7866988,267;-3933384,362;11049;2024;1623774;-33,286427;-70,670358;1;2024/07/01 00:00:00+00;1899/12/30 00:00:00+00;REGION METROPOLITANA;COLINA;COLISION PERPENDICULAR;COLISION;URBANA;CRUCE CON SENAL PARE;DESOBEDIENCIA A SENALIZACION;SENALIZACION DESOBEDECER SENAL PARE;CHICUREO;EL ALGARROBO;CHICUREO - EL ALGARROBO;0;;;BIDIRECCIONAL;ASFALTO;BUENO;SECO;DESPEJADO;0;0;0;0
-7859086,03;-3959880,391;11050;2024;1626871;-33,485168;-70,599371;1;2024/07/10 00:00:00+00;1899/12/30 00:00:00+00;REGION METROPOLITANA;MACUL;CHOQUE LATERAL;CHOQUE;URBANA;TRAMO DE VIA RECTA;VELOCIDAD IMPRUDENTE;VELOCIDAD NO RAZONABLE NI PRUDENTE;MACUL;;- MACUL;5983;;;UNIDIRECCIONAL;ASFALTO;BUENO;SECO;DESPEJADO;0;1;0;0
-7854157,805;-3958303,66;11051;2024;1623775;-33,473354;-70,5551;1;2024/07/11 00:00:00+00;1899/12/30 00:00:00+00;REGION METROPOLITANA;PENALOLEN;COLISION LATERAL;COLISION;URBANA;CRUCE CON SEMAFORO FUNCIONANDO;IMPRUDENCIA DEL CONDUCTOR;CONDUCCION NO ATENTO CONDICIONES TRANSITO MOMENTO;GRECIA;GRECIA;GRECIA - GRECIA;0;;;BIDIRECCIONAL CON BANDEJON;CONCRETO;BUENO;SECO;DESPEJADO;0;0;0;0
-7854059,732;-3948164,545;11052;2024;1625550;-33,397346;-70,554219;1;2024/07/06 00:00:00+00;1899/12/30 00:00:00+00;REGION METROPOLITANA;LAS CONDES;COLISION LATERAL;COLISION;URBANA;TRAMO DE VIA RECTA;IMPRUDENCIA DEL CONDUCTOR;CONDUCCION NO ATENTO CONDICIONES TRANSITO MOMENTO;LAS TRANQUERAS;;- LAS TRANQUERAS;383;;;BIDIRECCIONAL;ASFALTO;BUENO;SECO;DESPEJADO;0;0;0;0
-7866340,833;-3963414,202;11053;2024;1626873;-33,51164;-70,664542;1;2024/07/06 00:00:00+00;1899/12/30 00:00:00+00;REGION METROPOLITANA;SAN MIGUEL;COLISION FRONTAL;COLISION;URBANA;CRUCE CON SENAL CEDA EL PASO;IMPRUDENCIA DEL CONDUCTOR;CONDUCCION NO ATENTO CONDICIONES TRANSITO MOMENTO;TERCERA TRANSVERSAL;DECIMA AVENIDA;DECIMA AVENIDA - TERCERA TRANSVERSAL;0;;;BIDIRECCIONAL;ASFALTO;BUENO;SECO;DESPEJADO;0;0;0;0
-7866700,728;-3932496,304;11054;2024;1623778;-33,279758;-70,667775;1;2024/07/02 00:00:00+00;1899/12/30 00:00:00+00;REGION METROPOLITANA;COLINA;COLISION FRONTAL;COLISION;URBANA;TRAMO DE VIA RECTA;IMPRUDENCIA DEL CONDUCTOR;NO RESPETAR DERECHO PREFERENTE DE PASO A VEHICULO;EL ALGARROBO;;- EL ALGARROBO;100;;;BIDIRECCIONAL;ASFALTO;MALO;SECO;DESPEJADO;0;0;0;0
-7860733,559;-3951436,963;11055;2024;1625570;-33,421885;-70,614171;1;2024/07/12 00:00:00+00;1899/12/30 00:00:00+00;REGION METROPOLITANA;PROVIDENCIA;CHOQUE POSTERIOR/POSTERIOR;CHOQUE;URBANA;TRAMO DE VIA RECTA;ALCOHOL EN CONDUCTOR;CONDUCCION EN ESTADO DE EBRIEDAD;ANDRES BELLO;PEDRO DE VALDIVIA;ANDRES BELLO - PEDRO DE VALDIVIA;0;;;UNIDIRECCIONAL;ASFALTO;BUENO;SECO;DESPEJADO;0;0;0;0
-7858486,797;-3956255,058;11056;2024;1626875;-33,458002;-70,593988;1;2024/07/08 00:00:00+00;1899/12/30 00:00:00+00;REGION METROPOLITANA;NUNOA;COLISION POR ALCANCE;COLISION;URBANA;TRAMO DE VIA RECTA;IMPRUDENCIA DEL CONDUCTOR;CONDUCCION NO ATENTO CONDICIONES TRANSITO MOMENTO;DR JOHOW;;- DR JOHOW;355;;;BIDIRECCIONAL;ASFALTO;BUENO;SECO;DESPEJADO;0;0;0;0
-7867612,435;-3922485,469;11057;2024;1623780;-33,204545;-70,675965;1;2024/07/02 00:00:00+00;1899/12/30 00:00:00+00;REGION METROPOLITANA;COLINA;CHOQUE FRONTAL;CHOQUE;URBANA;TRAMO DE VIA RECTA;DEFICIENCIAS VIALES;ANIMALES SUELTOS VIA PUBLICA;EL ALBA 3;;- EL ALBA 3;0;;;BIDIRECCIONAL;ASFALTO;BUENO;SECO;DESPEJADO;0;0;0;0
-7865642,637;-3961590,027;11058;2024;1626876;-33,497976;-70,65827;1;2024/07/10 00:00:00+00;1899/12/30 00:00:00+00;REGION METROPOLITANA;SAN MIGUEL;COLISION POR ALCANCE;COLISION;URBANA;CRUCE CON SEMAFORO FUNCIONANDO;IMPRUDENCIA DEL CONDUCTOR;ADELANTAMIENTO SIN EL ESPACIO O TIEMPO SUFICIENTE;SAN NICOLAS;GAUSS;GAUSS - SAN NICOLAS;0;;;UNIDIRECCIONAL;ASFALTO;BUENO;SECO;DESPEJADO;0;0;0;0
-7867612,435;-3922485,469;11059;2024;1623782;-33,204545;-70,675965;1;2024/07/02 00:00:00+00;1899/12/30 00:00:00+00;REGION METROPOLITANA;COLINA;ATROPELLO;ATROPELLO;URBANA;TRAMO DE VIA RECTA;IMPRUDENCIA DEL CONDUCTOR;CARGA SOBRESALE ESTRUCTURA VEHICULO;LA MONTANA;;- LA MONTANA;55;;;BIDIRECCIONAL;ASFALTO;BUENO;SECO;DESPEJADO;0;0;0;1
-7863434,949;-3968789,612;11060;2024;1625571;-33,551892;-70,638438;1;2024/07/13 00:00:00+00;1899/12/30 00:00:00+00;REGION METROPOLITANA;SAN RAMON;COLISION;COLISION;URBANA;CRUCE CON SENAL PARE;DESOBEDIENCIA A SENALIZACION;SENALIZACION DESOBEDECER SENAL PARE;ESPERANZA;RIO AMAZONAS;ESPERANZA - RIO AMAZONAS;0;;;BIDIRECCIONAL;ASFALTO;REGULAR;SECO;DESPEJADO;0;0;0;0
-7865267,935;-3960727,836;11061;2024;1626877;-33,491517;-70,654904;1;2024/07/12 00:00:00+00;1899/12/30 00:00:00+00;REGION METROPOLITANA;SAN MIGUEL;COLISION POR ALCANCE;COLISION;URBANA;OTROS NO CONSIDERADOS;IMPRUDENCIA DEL CONDUCTOR;CONDUCCION SIN MANTENER DISTANCIA RAZONABLE NI PRUDENTE;REY ALBERTO;TERESA VIAL;REY ALBERTO - TERESA VIAL;0;;;BIDIRECCIONAL;ASFALTO;BUENO;SECO;DESPEJADO;0;0;0;0
-7866360,981;-3920461,137;11062;2024;1623784;-33,189328;-70,664723;1;2024/07/03 00:00:00+00;1899/12/30 00:00:00+00;REGION METROPOLITANA;COLINA;CHOQUE FRENTE/POSTERIOR;CHOQUE;URBANA;TRAMO DE VIA RECTA;IMPRUDENCIA DEL CONDUCTOR;CONDUCCION NO ATENTO CONDICIONES TRANSITO MOMENTO;FREDDY MATURANA;;- FREDDY MATURANA;1986;;;BIDIRECCIONAL;ASFALTO;BUENO;SECO;DESPEJADO;0;0;0;0