ï»¿X;Y;FID;AÃ±o;IdAccident;Latitud;longitud;ClaseAccid;Fecha;Hora;RegiÃ³n;Comuna;Tipo_Accid;Tipo__CONA;Zona;UbicaciÃ³n;Causa__CON;Causa_Acci;Calle_Uno;Calle_Dos;Intersecci;NÃºmero;Ruta;Ubicaci_1;Calzada;Tipo_Calza;Estado_Cal;CondiciÃ³n;Estado_Atm;Fallecidos;Graves;Menos_Grav;Leves
-7854215,468;-3957171,36;11162;2024;1626956;-33,464869;-70,555618;1;2024/07/24 00:00:00+00;1899/12/30 00:00:00+00;REGION METROPOLITANA;PENALOLEN;COLISION FRONTAL;COLISION;URBANA;CRUCE SIN SENALIZACION;IMPRUDENCIA DEL CONDUCTOR;CONDUCCION NO ATENTO CONDICIONES TRANSITO MOMENTO;CALLE 133;CALLE 132;CALLE 132 - CALLE 133;0;;;BIDIRECCIONAL;CONCRETO;REGULAR;SECO;DESPEJADO;0;0;0;0
-7874824,465;-3964370,729;11163;2024;1623881;-33,518804;-70,740752;1;2024/06/25 00:00:00+00;1899/12/30 00:00:00+00;REGION METROPOLITANA;MAIPU;CHOQUE FRENTE/POSTERIOR;CHOQUE;URBANA;CRUCE CON SEMAFORO FUNCIONANDO;IMPRUDENCIA DEL CONDUCTOR;CONDUCCION NO ATENTO CONDICIONES TRANSITO MOMENTO;CAMINO A MELIPILLA;LO ESPEJO;CAMINO A MELIPILLA - LO ESPEJO;0;;;BIDIRECCIONAL CON BANDEJON;CONCRETO;BUENO;SECO;DESPEJADO;0;0;0;0
-7866878,506;-3960891,219;11164;2024;1625660;-33,492741;-70,669372;1;2024/07/17 00:00:00+00;1899/12/30 00:00:00+00;REGION METROPOLITANA;PEDRO AGUIRRE CERDA;COLISION;COLISION;URBANA;TRAMO DE VIA RECTA;IMPRUDENCIA DEL CONDUCTOR;CONDUCCION NO ATENTO CONDICIONES TRANSITO MOMENTO;CENTRAL;LA MARINA;CENTRAL - LA MARINA;0;;;BIDIRECCIONAL;CONCRETO;BUENO;SECO;DESPEJADO;0;0;0;0
-7859302,101;-3952216,031;11165;2024;1626957;-33,427726;-70,601312;1;2024/07/22 00:00:00+00;1899/12/30 00:00:00+00;REGION METROPOLITANA;PROVIDENCIA;CHOQUE FRONTAL;CHOQUE;URBANA;TRAMO DE VIA RECTA;IMPRUDENCIA DEL CONDUCTOR;CONDUCCION NO ATENTO CONDICIONES TRANSITO MOMENTO;HOLANDA;LAS HORTENSIAS;HOLANDA - LAS HORTENSIAS;0;;;UNIDIRECCIONAL;ASFALTO;BUENO;SECO;DESPEJADO;0;0;0;0
-7889616,848;-3976213,428;11166;2024;1623882;-33,607452;-70,873634;1;2024/06/22 00:00:00+00;1899/12/30 00:00:00+00;REGION METROPOLITANA;PENAFLOR;CHOQUE FRENTE/POSTERIOR;CHOQUE;URBANA;TRAMO DE VIA RECTA;IMPRUDENCIA DEL CONDUCTOR;CONDUCCION SIN MANTENER DISTANCIA RAZONABLE NI PRUDENTE;MIRAFLORES;ALTOS DE LIRCAY;ALTOS DE LIRCAY - MIRAFLORES;0;;;BIDIRECCIONAL;CONCRETO;BUENO;SECO;DESPEJADO;0;0;0;0
-7878158,398;-3960190,184;11167;2024;1625661;-33,487489;-70,770701;1;2024/07/14 00:00:00+00;1899/12/30 00:00:00+00;REGION METROPOLITANA;MAIPU;ATROPELLO;ATROPELLO;URBANA;TRAMO DE VIA RECTA;IMPRUDENCIA DEL CONDUCTOR;CONDUCCION NO ATENTO CONDICIONES TRANSITO MOMENTO;EL ROSAL;CAMPO DE BATALLA;CAMPO DE BATALLA - EL ROSAL;0;;;UNIDIRECCIONAL;ASFALTO;BUENO;SECO;DESPEJADO;0;1;0;0
-7852937,684;-3943359,282;11168;2024;1626959;-33,3613;-70,544139;1;2024/07/23 00:00:00+00;1899/12/30 00:00:00+00;REGION METROPOLITANA;LO BARNECHEA;COLISION LATERAL;COLISION;URBANA;CRUCE CON SEMAFORO FUNCIONANDO;IMPRUDENCIA DEL CONDUCTOR;NO RESPETAR DERECHO PREFERENTE DE PASO A VEHICULO;JOSE ALCALDE DELANO;EL TRANQUE;EL TRANQUE - JOSE ALCALDE DELANO;0;;;BIDIRECCIONAL CON BANDEJON;CONCRETO;BUENO;SECO;DESPEJADO;0;0;0;2
-7856390,651;-3976202,334;11169;2024;1623883;-33,607369;-70,575158;1;2024/07/06 00:00:00+00;1899/12/30 00:00:00+00;REGION METROPOLITANA;PUENTE ALTO;COLISION POR ALCANCE;COLISION;URBANA;TRAMO DE VIA RECTA;ALCOHOL EN CONDUCTOR;CONDUCCION EN ESTADO DE EBRIEDAD;BALMACEDA;;- BALMACEDA;431;;;UNIDIRECCIONAL;ASFALTO;BUENO;SECO;NUBLADO;0;0;0;0
-7874490,866;-3960527,615;11170;2024;1625662;-33,490017;-70,737755;1;2024/07/21 00:00:00+00;1899/12/30 00:00:00+00;REGION METROPOLITANA;MAIPU;CHOQUE FRONTAL;CHOQUE;URBANA;TRAMO DE VIA RECTA;IMPRUDENCIA DEL CONDUCTOR;CONDUCCION NO ATENTO CONDICIONES TRANSITO MOMENTO;LAS GOLONDRINAS ORIENTE;;- LAS GOLONDRINAS ORIENTE;3788;;;BIDIRECCIONAL;ASFALTO;BUENO;SECO;DESPEJADO;0;0;0;0
-7856071,832;-3947225,358;11171;2024;1623890;-33,390302;-70,572294;1;2024/05/18 00:00:00+00;1899/12/30 00:00:00+00;REGION METROPOLITANA;VITACURA;COLISION LATERAL;COLISION;URBANA;TRAMO DE VIA RECTA;IMPRUDENCIA DEL CONDUCTOR;CONDUCCION NO ATENTO CONDICIONES TRANSITO MOMENTO;VITACURA;;- VITACURA;4607;;;BIDIRECCIONAL CON BANDEJON;ASFALTO;BUENO;SECO;DESPEJADO;0;0;0;0
-7855237,27;-3955869,852;11172;2024;1625663;-33,455115;-70,564797;1;2024/07/15 00:00:00+00;1899/12/30 00:00:00+00;REGION METROPOLITANA;LA REINA;COLISION LATERAL;COLISION;URBANA;CRUCE CON SENAL CEDA EL PASO;IMPRUDENCIA DEL CONDUCTOR;CONDUCCION NO ATENTO CONDICIONES TRANSITO MOMENTO;BLEST GANA;LYNCH SUR;BLEST GANA - LYNCH SUR;0;;;BIDIRECCIONAL;CONCRETO;BUENO;SECO;DESPEJADO;0;0;0;0
-7861774,73;-3969638,245;11173;2024;1623894;-33,558245;-70,623524;1;2024/07/03 00:00:00+00;1899/12/30 00:00:00+00;REGION METROPOLITANA;LA GRANJA;COLISION LATERAL;COLISION;URBANA;CRUCE CON SENAL PARE;DESOBEDIENCIA A SENALIZACION;SENALIZACION DESOBEDECER SENAL PARE;STO TOMAS;JOAQUIN EDWARDS BELLO;JOAQUIN EDWARDS BELLO - STO TOMAS;0;;;BIDIRECCIONAL CON BANDEJON;ASFALTO;REGULAR;SECO;DESPEJADO;0;0;0;0
-7864312,48;-3964960,117;11174;2024;1626962;-33,523218;-70,646321;1;2024/07/08 00:00:00+00;1899/12/30 00:00:00+00;REGION METROPOLITANA;LA CISTERNA;COLISION POR ALCANCE;COLISION;URBANA;TRAMO DE VIA RECTA;IMPRUDENCIA DEL CONDUCTOR;CONDUCCION SIN MANTENER DISTANCIA RAZONABLE NI PRUDENTE;SAN FRANCISCO;GOYCOLEA;GOYCOLEA - SAN FRANCISCO;0;;;UNIDIRECCIONAL;ASFALTO;BUENO;SECO;DESPEJADO;0;0;0;0
-7857859,289;-3963235,296;11175;2024;1625665;-33,5103;-70,588351;1;2024/07/14 00:00:00+00;1899/12/30 00:00:00+00;REGION METROPOLITANA;PENALOLEN;COLISION LATERAL;COLISION;URBANA;CRUCE CON SEMAFORO FUNCIONANDO;IMPRUDENCIA DEL CONDUCTOR;CONDUCCION NO ATENTO CONDICIONES TRANSITO MOMENTO;DEPARTAMENTAL;LA FLORIDA;DEPARTAMENTAL - LA FLORIDA;0;;;BIDIRECCIONAL CON BANDEJON;CONCRETO;BUENO;SECO;DESPEJADO;0;0;0;0
-7889580,001;-3976227,195;11176;2024;1623896;-33,607555;-70,873303;1;2024/06/22 00:00:00+00;1899/12/30 00:00:00+00;REGION METROPOLITANA;PENAFLOR;COLISION;COLISION;URBANA;TRAMO DE VIA RECTA;IMPRUDENCIA DEL CONDUCTOR;CONDUCCION NO ATENTO CONDICIONES TRANSITO MOMENTO;LOS GUINDOS;21 DE MAYO;21 DE MAYO - LOS GUINDOS;0;;;BIDIRECCIONAL;CONCRETO;BUENO;SECO;DESPEJADO;0;0;1;0
-7870632,644;-3966223,521;11177;2024;1626963;-33,532679;-70,703096;1;2024/07/24 00:00:00+00;1899/12/30 00:00:00+00;REGION METROPOLITANA;SAN BERNARDO;COLISION POR ALCANCE;COLISION;URBANA;CRUCE CON SENAL CEDA EL PASO;IMPRUDENCIA DEL CONDUCTOR;CONDUCCION NO ATENTO CONDICIONES TRANSITO MOMENTO;LO ESPEJO;LAGO LLANQUIHUE;LAGO LLANQUIHUE - LO ESPEJO;0;;;BIDIRECCIONAL;ASFALTO;REGULAR;SECO;DESPEJADO;0;0;0;0
-7856530,246;-3955750,303;11178;2024;1625670;-33,454219;-70,576412;1;2024/07/19 00:00:00+00;1899/12/30 00:00:00+00;REGION METROPOLITANA;NUNOA;COLISION;COLISION;URBANA;CRUCE CON SENAL CEDA EL PASO;IMPRUDENCIA DEL CONDUCTOR;CONDUCCION NO ATENTO CONDICIONES TRANSITO MOMENTO;CAUQUENES;IRARRAZAVAL;CAUQUENES - IRARRAZAVAL;0;;;BIDIRECCIONAL CON BANDEJON;CONCRETO;BUENO;SECO;DESPEJADO;0;0;0;1
-7873053,658;-3963309,256;11179;2024;1623897;-33,510854;-70,724844;1;2024/05/08 00:00:00+00;1899/12/30 00:00:00+00;REGION METROPOLITANA;MAIPU;COLISION POR ALCANCE;COLISION;URBANA;CRUCE CON SENAL PARE;IMPRUDENCIA DEL CONDUCTOR;CONDUCCION NO ATENTO CONDICIONES TRANSITO MOMENTO;CAMINO A MELIPILLA;SERAFIN ZAMORA;CAMINO A MELIPILLA - SERAFIN ZAMORA;0;;;BIDIRECCIONAL CON BANDEJON;CONCRETO;BUENO;SECO;DESPEJADO;0;0;0;0
-7867036,468;-3963301,117;11180;2024;1626967;-33,510793;-70,670791;1;2024/06/25 00:00:00+00;1899/12/30 00:00:00+00;REGION METROPOLITANA;PEDRO AGUIRRE CERDA;COLISION POR ALCANCE;COLISION;URBANA;CRUCE CON SEMAFORO FUNCIONANDO;IMPRUDENCIA DEL CONDUCTOR;CONDUCCION NO ATENTO CONDICIONES TRANSITO MOMENTO;JOSE JOAQUIN PRIETO VIAL;LO OVALLE;JOSE JOAQUIN PRIETO VIAL - LO OVALLE;0;;;UNIDIRECCIONAL;ASFALTO;BUENO;SECO;DESPEJADO;0;0;0;1
-7859023,023;-3957107,709;11181;2024;1625673;-33,464392;-70,598805;1;2024/07/19 00:00:00+00;1899/12/30 00:00:00+00;REGION METROPOLITANA;NUNOA;CHOQUE POSTERIOR/FRENTE;CHOQUE;URBANA;OTROS NO CONSIDERADOS;IMPRUDENCIA DEL CONDUCTOR;CONDUCCION NO ATENTO CONDICIONES TRANSITO MOMENTO;GRECIA;;- GRECIA;3102;;;BIDIRECCIONAL;CONCRETO;BUENO;SECO;DESPEJADO;0;0;0;1
-7865720,115;-3953695,884;11182;2024;1625686;-33,43882;-70,658966;1;2024/07/19 00:00:00+00;1899/12/30 00:00:00+00;REGION METROPOLITANA;SANTIAGO;ATROPELLO;ATROPELLO;URBANA;TRAMO DE VIA RECTA;IMPRUDENCIA DEL CONDUCTOR;CONDUCIR VEHICULO EN RETROCESO;COMPANIA;;- COMPANIA;1909;;;UNIDIRECCIONAL;CONCRETO;BUENO;SECO;DESPEJADO;1;1;0;0
-7860063,86;-3969151,072;11183;2024;1623901;-33,554598;-70,608155;1;2024/07/04 00:00:00+00;1899/12/30 00:00:00+00;REGION METROPOLITANA;LA FLORIDA;CHOQUE LADO/LADO;CHOQUE;URBANA;TRAMO DE VIA RECTA;IMPRUDENCIA DEL CONDUCTOR;CONDUCCION NO ATENTO CONDICIONES TRANSITO MOMENTO;GRANATE;;- GRANATE;10477;;;BIDIRECCIONAL;ASFALTO;BUENO;SECO;DESPEJADO;0;0;0;0
-7863493,948;-3955670,916;11184;2024;1626968;-33,453624;-70,638968;1;2024/07/10 00:00:00+00;1899/12/30 00:00:00+00;REGION METROPOLITANA;SANTIAGO;COLISION LATERAL;COLISION;URBANA;TRAMO DE VIA RECTA;IMPRUDENCIA DEL CONDUCTOR;CONDUCCION NO ATENTO CONDICIONES TRANSITO MOMENTO;COPIAPO;MANUEL ANTONIO TOCORNAL;COPIAPO - MANUEL ANTONIO TOCORNAL;0;;;UNIDIRECCIONAL;ASFALTO;BUENO;SECO;DESPEJADO;0;0;0;0
-7866169,735;-3963625,689;11185;2024;1623906;-33,513224;-70,663005;1;2024/07/04 00:00:00+00;1899/12/30 00:00:00+00;REGION METROPOLITANA;SAN MIGUEL;COLISION LATERAL;COLISION;URBANA;CRUCE SIN SENALIZACION;IMPRUDENCIA DEL CONDUCTOR;CONDUCCION NO ATENTO CONDICIONES TRANSITO MOMENTO;SEGUNDA TRANSVERSAL;LO OVALLE;LO OVALLE - SEGUNDA TRANSVERSAL;0;;;BIDIRECCIONAL CON BANDEJON;ASFALTO;REGULAR;SECO;DESPEJADO;0;0;0;0
-7871412,599;-3961982,82;11186;2024;1625692;-33,500918;-70,710102;1;2024/07/17 00:00:00+00;1899/12/30 00:00:00+00;REGION METROPOLITANA;CERRILLOS;COLISION LATERAL;COLISION;URBANA;TRAMO DE VIA RECTA;IMPRUDENCIA DEL CONDUCTOR;CONDUCCION NO ATENTO CONDICIONES TRANSITO MOMENTO;PEDRO AGUIRRE CERDA;LO ERRAZURIZ;LO ERRAZURIZ - PEDRO AGUIRRE CERDA;0;;;BIDIRECCIONAL;ASFALTO;BUENO;SECO;DESPEJADO;0;0;0;0
-7867476,514;-3959821,93;11187;2024;1626971;-33,48473;-70,674744;1;2024/07/28 00:00:00+00;1899/12/30 00:00:00+00;REGION METROPOLITANA;PEDRO AGUIRRE CERDA;CHOQUE FRONTAL;CHOQUE;URBANA;CRUCE CON SENAL PARE;OTRAS CAUSAS;HECHO DELICTUAL;GALO GONZALEZ;2 DE ABRIL;2 DE ABRIL - GALO GONZALEZ;0;;;BIDIRECCIONAL;ASFALTO;BUENO;SECO;NUBLADO;0;0;0;0
-7852640,854;-3974018,388;11188;2024;1623907;-33,591028;-70,541473;1;2024/07/08 00:00:00+00;1899/12/30 00:00:00+00;REGION METROPOLITANA;PUENTE ALTO;CHOQUE FRENTE/FRENTE;CHOQUE;URBANA;TRAMO DE VIA RECTA;IMPRUDENCIA DEL CONDUCTOR;CONDUCCION SIN MANTENER DISTANCIA RAZONABLE NI PRUDENTE;CAMILO HENRIQUEZ;;- CAMILO HENRIQUEZ;1042;;;BIDIRECCIONAL;ASFALTO;BUENO;SECO;NUBLADO;0;0;0;0
-7876141,178;-3962470,973;11189;2024;1625694;-33,504575;-70,75258;1;2024/07/22 00:00:00+00;1899/12/30 00:00:00+00;REGION METROPOLITANA;MAIPU;CHOQUE FRONTAL;CHOQUE;URBANA;CRUCE CON SEMAFORO FUNCIONANDO;ALCOHOL EN CONDUCTOR;CONDUCCION EN ESTADO DE EBRIEDAD;PRIMERA TRANSVERSAL;MAIPU;MAIPU - PRIMERA TRANSVERSAL;0;;;BIDIRECCIONAL;ASFALTO;BUENO;SECO;DESPEJADO;0;0;0;1
-7851150,731;-3939341,662;11190;2024;1626972;-33,331151;-70,528087;1;2024/07/22 00:00:00+00;1899/12/30 00:00:00+00;REGION METROPOLITANA;LO BARNECHEA;COLISION LATERAL;COLISION;URBANA;CRUCE CON SEMAFORO FUNCIONANDO;IMPRUDENCIA DEL CONDUCTOR;CONDUCCION NO ATENTO CONDICIONES TRANSITO MOMENTO;LA DEHESA;PANORAMICA SUR;LA DEHESA - PANORAMICA SUR;0;;;BIDIRECCIONAL CON BANDEJON;CONCRETO;BUENO;SECO;DESPEJADO;0;0;0;1
-7855642,028;-3946886,047;11191;2024;1623910;-33,387757;-70,568433;1;2024/06/24 00:00:00+00;1899/12/30 00:00:00+00;REGION METROPOLITANA;VITACURA;COLISION POR ALCANCE;COLISION;URBANA;TRAMO DE VIA RECTA;IMPRUDENCIA DEL CONDUCTOR;CONDUCCION SIN MANTENER DISTANCIA RAZONABLE NI PRUDENTE;EMBAJADOR DOUSSINAGUE;;- EMBAJADOR DOUSSINAGUE;1707;;;UNIDIRECCIONAL;ASFALTO;BUENO;SECO;DESPEJADO;0;0;0;0
-7854126,969;-3959213,183;11192;2024;1625705;-33,480169;-70,554823;1;2024/07/19 00:00:00+00;1899/12/30 00:00:00+00;REGION METROPOLITANA;PENALOLEN;CHOQUE FRONTAL;CHOQUE;URBANA;TRAMO DE VIA RECTA;IMPRUDENCIA DEL CONDUCTOR;CONDUCCION NO ATENTO CONDICIONES TRANSITO MOMENTO;EL VALLE;;- EL VALLE;7585;;;BIDIRECCIONAL CON BANDEJON;CONCRETO;BUENO;SECO;DESPEJADO;0;0;0;1
-7878226,971;-3967922,342;11193;2024;1623911;-33,545399;-70,771317;1;2024/05/12 00:00:00+00;1899/12/30 00:00:00+00;REGION METROPOLITANA;MAIPU;COLISION LATERAL;COLISION;URBANA;CRUCE CON SENAL PARE;IMPRUDENCIA DEL CONDUCTOR;CONDUCCION CAMBIAR SORPRESIVAMENTE PISTA CIRCULACION;EGIPTO;MARCO ANTONIO;EGIPTO - MARCO ANTONIO;0;;;UNIDIRECCIONAL;CONCRETO;BUENO;SECO;DESPEJADO;0;0;0;0
-7869291,244;-3955721,884;11194;2024;1625707;-33,454006;-70,691046;1;2024/07/14 00:00:00+00;1899/12/30 00:00:00+00;REGION METROPOLITANA;ESTACION CENTRAL;COLISION POR ALCANCE;COLISION;URBANA;TRAMO DE VIA RECTA;IMPRUDENCIA DEL CONDUCTOR;CONDUCCION NO ATENTO CONDICIONES TRANSITO MOMENTO;GRAL VELASQUEZ;LIBER BERNARDO O'HIGGINS;GRAL VELASQUEZ - LIBER BERNARDO O'HIGGINS;0;;;BIDIRECCIONAL;ASFALTO;BUENO;SECO;DESPEJADO;0;0;0;0
-7850766,457;-3948686,305;11195;2024;1623913;-33,401259;-70,524635;1;2024/06/24 00:00:00+00;1899/12/30 00:00:00+00;REGION METROPOLITANA;LAS CONDES;COLISION POR ALCANCE;COLISION;URBANA;TRAMO DE VIA RECTA;IMPRUDENCIA DEL CONDUCTOR;CONDUCCION CAMBIAR SORPRESIVAMENTE PISTA CIRCULACION;CAMINO EL ALBA;;- CAMINO EL ALBA;0;;;BIDIRECCIONAL CON BANDEJON;ASFALTO;BUENO;SECO;LLOVIZNA;0;0;0;0
-7867069,975;-3968413,604;11196;2024;1626975;-33,549077;-70,671092;1;2024/07/02 00:00:00+00;1899/12/30 00:00:00+00;REGION METROPOLITANA;EL BOSQUE;COLISION POR ALCANCE;COLISION;URBANA;TRAMO DE VIA RECTA;IMPRUDENCIA DEL CONDUCTOR;CONDUCCION NO ATENTO CONDICIONES TRANSITO MOMENTO;GRAN AVDA JOSE MIGUEL CARRERA;VICTOR PLAZA MAYORGA;GRAN AVDA JOSE MIGUEL CARRERA - VICTOR PLAZA MAYORGA;0;;;BIDIRECCIONAL CON BANDEJON;CONCRETO;BUENO;SECO;DESPEJADO;0;0;0;0
-7882060,547;-3971296,58;11197;2024;1625708;-33,570658;-70,805755;1;2024/06/21 00:00:00+00;1899/12/30 00:00:00+00;REGION BIO BIO;CHIGUAYANTE;COLISION LATERAL;COLISION;URBANA;TRAMO DE VIA RECTA;IMPRUDENCIA DEL CONDUCTOR;CONDUCCION NO ATENTO CONDICIONES TRANSITO MOMENTO;LATORRE;PADRE HURTADO;LATORRE - PADRE HURTADO;0;;;BIDIRECCIONAL;CONCRETO;BUENO;MOJADO;LLOVIZNA;0;0;0;0
-7856712,365;-3974944,787;11198;2024;1623914;-33,59796;-70,578048;1;2024/07/10 00:00:00+00;1899/12/30 00:00:00+00;REGION METROPOLITANA;PUENTE ALTO;CHOQUE FRONTAL;CHOQUE;URBANA;CRUCE CON SEMAFORO FUNCIONANDO;IMPRUDENCIA DEL CONDUCTOR;CONDUCCION NO ATENTO CONDICIONES TRANSITO MOMENTO;CONCHA Y TORO;SAN CARLOS;CONCHA Y TORO - SAN CARLOS;0;;;BIDIRECCIONAL CON BANDEJON;ASFALTO;BUENO;SECO;DESPEJADO;0;0;0;0
-7854531,504;-3960038,957;11199;2024;1626976;-33,486356;-70,558457;1;2024/07/26 00:00:00+00;1899/12/30 00:00:00+00;REGION METROPOLITANA;PENALOLEN;OTRO TIPO;OTRO TIPO;URBANA;TRAMO DE VIA RECTA;FALLAS MECANICAS;FALLAS MECANICAS NEUMATICOS;TOBALABA;CAMILO MORI;CAMILO MORI - TOBALABA;0;;;BIDIRECCIONAL;CONCRETO;BUENO;SECO;DESPEJADO;0;0;0;1
-7852395,951;-3959436,204;11200;2024;1625736;-33,48184;-70,539273;1;2024/07/19 00:00:00+00;1899/12/30 00:00:00+00;REGION METROPOLITANA;PENALOLEN;COLISION FRONTAL;COLISION;URBANA;CRUCE CON SEMAFORO FUNCIONANDO;IMPRUDENCIA DEL CONDUCTOR;NO RESPETAR DERECHO PREFERENTE DE PASO A VEHICULO;ANTUPIREN;EL ACUEDUCTO;ANTUPIREN - EL ACUEDUCTO;0;;;BIDIRECCIONAL;CONCRETO;BUENO;SECO;DESPEJADO;0;0;0;0
-7856390,651;-3976202,334;11201;2024;1623922;-33,607369;-70,575158;1;2024/07/12 00:00:00+00;1899/12/30 00:00:00+00;REGION METROPOLITANA;PUENTE ALTO;ATROPELLO;ATROPELLO;URBANA;TRAMO DE VIA RECTA;IMPRUDENCIA DEL PEATON;IMPRUDENCIA DEL PEATON;BALMACEDA;;- BALMACEDA;431;;;UNIDIRECCIONAL;ASFALTO;BUENO;SECO;DESPEJADO;0;1;0;0
-7863821,227;-3959308,878;11202;2024;1626977;-33,480886;-70,641908;1;2024/06/15 00:00:00+00;1899/12/30 00:00:00+00;REGION METROPOLITANA;SAN JOAQUIN;COLISION POR ALCANCE;COLISION;URBANA;CRUCE CON SEMAFORO FUNCIONANDO;IMPRUDENCIA DEL CONDUCTOR;CONDUCCION CAMBIAR SORPRESIVAMENTE PISTA CIRCULACION;STA ROSA;ALC CARLOS VALDOVINOS;ALC CARLOS VALDOVINOS - STA ROSA;0;;;UNIDIRECCIONAL;ASFALTO;BUENO;SECO;DESPEJADO;0;0;0;0
-7867153,688;-3958161,399;11203;2024;1625753;-33,472288;-70,671844;1;2024/06/14 00:00:00+00;1899/12/30 00:00:00+00;REGION METROPOLITANA;SANTIAGO;CHOQUE FRENTE/POSTERIOR;CHOQUE;URBANA;ACERA O BERMA;IMPRUDENCIA DEL CONDUCTOR;CONDUCCION NO ATENTO CONDICIONES TRANSITO MOMENTO;BASCUNAN GUERRERO;;- BASCUNAN GUERRERO;1909;;;UNIDIRECCIONAL;CONCRETO;BUENO;SECO;DESPEJADO;0;0;0;0
-7872416,984;-3963474,283;11204;2024;1626979;-33,51209;-70,719125;1;2024/07/28 00:00:00+00;1899/12/30 00:00:00+00;REGION METROPOLITANA;CERRILLOS;CHOQUE POSTERIOR/FRENTE;CHOQUE;URBANA;CRUCE CON SENAL PARE;OTRAS CAUSAS;HECHO DELICTUAL;AMERICO VESPUCIO;LAS PATAGUAS;AMERICO VESPUCIO - LAS PATAGUAS;0;;;BIDIRECCIONAL;ASFALTO;BUENO;SECO;NUBLADO;0;0;0;0
-7865206,487;-3958246,141;11205;2024;1625760;-33,472923;-70,654352;1;2024/06/25 00:00:00+00;1899/12/30 00:00:00+00;REGION METROPOLITANA;SANTIAGO;COLISION PERPENDICULAR;COLISION;URBANA;CRUCE CON SENAL PARE;IMPRUDENCIA DEL CONDUCTOR;CONDUCCION NO ATENTO CONDICIONES TRANSITO MOMENTO;PEDRO MONTT;SAN IGNACIO DE LOYOLA;PEDRO MONTT - SAN IGNACIO DE LOYOLA;0;;;UNIDIRECCIONAL;CONCRETO;BUENO;SECO;DESPEJADO;0;0;0;0
-7866919,471;-3969559,297;11206;2024;1626981;-33,557654;-70,66974;1;2024/07/19 00:00:00+00;1899/12/30 00:00:00+00;REGION METROPOLITANA;EL BOSQUE;COLISION LATERAL;COLISION;URBANA;TRAMO DE VIA RECTA;IMPRUDENCIA DEL CONDUCTOR;NO RESPETAR DERECHO PREFERENTE DE PASO A VEHICULO;JORGE LUCO;LOS MORROS;JORGE LUCO - LOS MORROS;0;;;BIDIRECCIONAL;CONCRETO;BUENO;SECO;DESPEJADO;0;0;0;0
-7855027,321;-3947335,619;11207;2024;1623924;-33,391129;-70,562911;1;2024/06/25 00:00:00+00;1899/12/30 00:00:00+00;REGION METROPOLITANA;VITACURA;COLISION POR ALCANCE;COLISION;URBANA;TRAMO DE VIA RECTA;IMPRUDENCIA DEL CONDUCTOR;CONDUCCION NO ATENTO CONDICIONES TRANSITO MOMENTO;GERONIMO DE ALDERETE;;- GERONIMO DE ALDERETE;1327;;;BIDIRECCIONAL;ASFALTO;BUENO;SECO;DESPEJADO;0;0;0;0
-7872393,83;-3963927,704;11208;2024;1625764;-33,515486;-70,718917;1;2024/07/17 00:00:00+00;1899/12/30 00:00:00+00;REGION METROPOLITANA;CERRILLOS;COLISION;COLISION;URBANA;TRAMO DE VIA RECTA;IMPRUDENCIA DEL CONDUCTOR;CONDUCCION SIN MANTENER DISTANCIA RAZONABLE NI PRUDENTE;AMERICO VESPUCIO;;- AMERICO VESPUCIO;1501;;;BIDIRECCIONAL;ASFALTO;BUENO;SECO;DESPEJADO;0;0;0;0
-7860172,174;-3971466,098;11209;2024;1626984;-33,571927;-70,609128;1;2024/07/17 00:00:00+00;1899/12/30 00:00:00+00;REGION METROPOLITANA;PUENTE ALTO;CHOQUE FRENTE/LADO;CHOQUE;URBANA;TRAMO DE VIA RECTA;IMPRUDENCIA DEL CONDUCTOR;CONDUCCION NO ATENTO CONDICIONES TRANSITO MOMENTO;BAHIA CATALINA;BORDE SUR;BAHIA CATALINA - BORDE SUR;0;;;BIDIRECCIONAL;CONCRETO;BUENO;SECO;DESPEJADO;0;0;0;0
-7855862,329;-3946588,876;11210;2024;1623929;-33,385528;-70,570412;1;2024/06/11 00:00:00+00;1899/12/30 00:00:00+00;REGION METROPOLITANA;VITACURA;COLISION LATERAL;COLISION;URBANA;CRUCE CON SEMAFORO FUNCIONANDO;IMPRUDENCIA DEL CONDUCTOR;CONDUCCION NO ATENTO CONDICIONES TRANSITO MOMENTO;CARMEN FARINA;JUAN XXIII;CARMEN FARINA - JUAN XXIII;0;;;BIDIRECCIONAL;ASFALTO;BUENO;SECO;DESPEJADO;0;1;0;0
-7866866,595;-3955039,306;11211;2024;1625765;-33,44889;-70,669265;1;2024/06/25 00:00:00+00;1899/12/30 00:00:00+00;REGION METROPOLITANA;SANTIAGO;COLISION LATERAL;COLISION;URBANA;CRUCE CON SEMAFORO FUNCIONANDO;IMPRUDENCIA DEL CONDUCTOR;CONDUCCION NO ATENTO CONDICIONES TRANSITO MOMENTO;LIBER BERNARDO O'HIGGINS;ESPANA;ESPANA - LIBER BERNARDO O'HIGGINS;0;;;UNIDIRECCIONAL;CONCRETO;BUENO;SECO;DESPEJADO;0;0;0;0