ï»¿X;Y;FID;AÃ±o;IdAccident;Latitud;longitud;ClaseAccid;Fecha;Hora;RegiÃ³n;Comuna;Tipo_Accid;Tipo__CONA;Zona;UbicaciÃ³n;Causa__CON;Causa_Acci;Calle_Uno;Calle_Dos;Intersecci;NÃºmero;Ruta;Ubicaci_1;Calzada;Tipo_Calza;Estado_Cal;CondiciÃ³n;Estado_Atm;Fallecidos;Graves;Menos_Grav;Leves
-7869034,208;-3953417,079;11769;2024;1624783;-33,43673;-70,688737;1;2024/07/16 00:00:00+00;1899/12/30 00:00:00+00;REGION METROPOLITANA;QUINTA NORMAL;CHOQUE POSTERIOR/FRENTE;CHOQUE;URBANA;ACERA O BERMA;IMPRUDENCIA DEL CONDUCTOR;CONDUCCION SIN MANTENER DISTANCIA RAZONABLE NI PRUDENTE;VILLASANA;;- VILLASANA;1164;;;UNIDIRECCIONAL;CONCRETO;BUENO;SECO;DESPEJADO;0;0;0;0
-7863837,257;-3958371,588;11770;2024;1626335;-33,473863;-70,642052;1;2024/07/19 00:00:00+00;1899/12/30 00:00:00+00;REGION METROPOLITANA;SANTIAGO;COLISION LATERAL;COLISION;URBANA;CRUCE CON SEMAFORO FUNCIONANDO;IMPRUDENCIA DEL CONDUCTOR;CONDUCCION NO ATENTO CONDICIONES TRANSITO MOMENTO;STA ROSA;FRANKLIN;FRANKLIN - STA ROSA;0;;;BIDIRECCIONAL;ASFALTO;BUENO;SECO;DESPEJADO;0;0;0;0
-7867025,397;-3976216,472;11771;2024;1627704;-33,607475;-70,670692;1;2024/07/24 00:00:00+00;1899/12/30 00:00:00+00;REGION METROPOLITANA;SAN BERNARDO;COLISION POR ALCANCE;COLISION;URBANA;CRUCE CON SENAL PARE;VELOCIDAD IMPRUDENTE;VELOCIDAD NO RAZONABLE NI PRUDENTE;CAMINO EL MARISCAL;SAN FRANCISCO;CAMINO EL MARISCAL - SAN FRANCISCO;0;;;BIDIRECCIONAL;ASFALTO;BUENO;SECO;DESPEJADO;0;0;0;1
-7871107,533;-3957228,739;11772;2024;1624789;-33,465299;-70,707362;1;2024/07/05 00:00:00+00;1899/12/30 00:00:00+00;REGION METROPOLITANA;ESTACION CENTRAL;COLISION LATERAL;COLISION;URBANA;CRUCE CON SENAL PARE;DESOBEDIENCIA A SENALIZACION;SENALIZACION DESOBEDECER SENAL PARE;5 DE ABRIL;MIGUEL DE CERVANTES;5 DE ABRIL - MIGUEL DE CERVANTES;0;;;BIDIRECCIONAL;ASFALTO;BUENO;SECO;DESPEJADO;0;0;0;0
-7860013,433;-3950653,547;11773;2024;1626340;-33,416011;-70,607702;1;2024/07/19 00:00:00+00;1899/12/30 00:00:00+00;REGION METROPOLITANA;PROVIDENCIA;COLISION LATERAL;COLISION;URBANA;TRAMO DE VIA RECTA;IMPRUDENCIA DEL CONDUCTOR;CONDUCCION SIN MANTENER DISTANCIA RAZONABLE NI PRUDENTE;PROVIDENCIA;TAJAMAR;PROVIDENCIA - TAJAMAR;0;;;UNIDIRECCIONAL;ASFALTO;BUENO;SECO;DESPEJADO;0;0;0;0
-7868735,204;-3977167,406;11774;2024;1627710;-33,614589;-70,686051;1;2024/07/25 00:00:00+00;1899/12/30 00:00:00+00;REGION METROPOLITANA;SAN BERNARDO;ATROPELLO;ATROPELLO;URBANA;TRAMO DE VIA RECTA;IMPRUDENCIA DEL PEATON;PEATON CRUZA CALZADA FUERA PASO PEATONES;LAS ALFORJAS;;- LAS ALFORJAS;16652;;;UNIDIRECCIONAL;ASFALTO;BUENO;SECO;NUBLADO;0;0;0;1
-7862923,547;-3967870,252;11775;2024;1626343;-33,545009;-70,633844;1;2024/07/21 00:00:00+00;1899/12/30 00:00:00+00;REGION METROPOLITANA;SAN RAMON;COLISION;COLISION;URBANA;CRUCE CON SEMAFORO FUNCIONANDO;DESOBEDIENCIA A SENALIZACION;SENALIZACION DESOBEDECER LUZ ROJA DE SEMAFORO;STA ROSA;LOS FRANCISCANOS;LOS FRANCISCANOS - STA ROSA;0;;;BIDIRECCIONAL CON BANDEJON;ASFALTO;BUENO;SECO;DESPEJADO;0;0;0;0
-7869395,046;-3953944,371;11776;2024;1627718;-33,440683;-70,691978;1;2024/07/19 00:00:00+00;1899/12/30 00:00:00+00;REGION METROPOLITANA;QUINTA NORMAL;COLISION LATERAL;COLISION;URBANA;TRAMO DE VIA RECTA;IMPRUDENCIA DEL CONDUCTOR;CONDUCCION NO ATENTO CONDICIONES TRANSITO MOMENTO;APOSTOL SANTIAGO;CATEDRAL;APOSTOL SANTIAGO - CATEDRAL;0;;;UNIDIRECCIONAL;CONCRETO;BUENO;SECO;DESPEJADO;0;0;0;0
-7874508,678;-4003093,301;11777;2024;1624796;-33,808322;-70,737915;1;2024/07/07 00:00:00+00;1899/12/30 00:00:00+00;REGION METROPOLITANA;PAINE;COLISION POR ALCANCE;COLISION;URBANA;TRAMO DE VIA RECTA;IMPRUDENCIA DEL CONDUCTOR;CONDUCCION NO ATENTO CONDICIONES TRANSITO MOMENTO;18 DE SEPTIEMBRE;MAIPO;18 DE SEPTIEMBRE - MAIPO;0;;;BIDIRECCIONAL;ASFALTO;BUENO;SECO;DESPEJADO;0;0;0;0
-7854801,009;-3962998,451;11778;2024;1626352;-33,508526;-70,560878;1;2024/07/11 00:00:00+00;1899/12/30 00:00:00+00;REGION METROPOLITANA;PENALOLEN;COLISION LATERAL;COLISION;URBANA;TRAMO DE VIA RECTA;IMPRUDENCIA DEL CONDUCTOR;CONDUCCION NO ATENTO CONDICIONES TRANSITO MOMENTO;TOBALABA;SAN LUIS DE MACUL;SAN LUIS DE MACUL - TOBALABA;0;;;BIDIRECCIONAL;CONCRETO;BUENO;SECO;DESPEJADO;0;0;0;0
-7868905,522;-3958952,264;11779;2024;1627721;-33,478214;-70,687581;1;2024/07/30 00:00:00+00;1899/12/30 00:00:00+00;REGION METROPOLITANA;CERRILLOS;VOLCADURA;VOLCADURA;URBANA;CRUCE CON SENAL PARE;VELOCIDAD IMPRUDENTE;VELOCIDAD NO RAZONABLE NI PRUDENTE;ALC CARLOS VALDOVINOS;AVDA 1;ALC CARLOS VALDOVINOS - AVDA 1;0;;;UNIDIRECCIONAL;ASFALTO;BUENO;SECO;NUBLADO;0;0;0;2
-7859049,295;-3959675,113;11780;2024;1624813;-33,48363;-70,599041;1;2024/07/08 00:00:00+00;1899/12/30 00:00:00+00;REGION METROPOLITANA;MACUL;COLISION POR ALCANCE;COLISION;URBANA;TRAMO DE VIA RECTA;IMPRUDENCIA DEL CONDUCTOR;CONDUCCION SIN MANTENER DISTANCIA RAZONABLE NI PRUDENTE;MACUL;;- MACUL;3168;;;BIDIRECCIONAL;ASFALTO;BUENO;SECO;DESPEJADO;0;0;0;0
-7870842,259;-3957117,717;11781;2024;1626368;-33,464467;-70,704979;1;2024/07/08 00:00:00+00;1899/12/30 00:00:00+00;REGION METROPOLITANA;ESTACION CENTRAL;COLISION LATERAL;COLISION;URBANA;CRUCE CON SENAL PARE;DESOBEDIENCIA A SENALIZACION;SENALIZACION DESOBEDECER SENAL PARE;BERNAL DEL MERCADO;IQUIQUE;BERNAL DEL MERCADO - IQUIQUE;0;;;BIDIRECCIONAL;ASFALTO;BUENO;SECO;DESPEJADO;0;0;0;0
-7869088,977;-3959194,899;11782;2024;1627723;-33,480032;-70,689229;1;2024/07/30 00:00:00+00;1899/12/30 00:00:00+00;REGION METROPOLITANA;CERRILLOS;CHOQUE FRONTAL;CHOQUE;URBANA;CRUCE CON SENAL CEDA EL PASO;VELOCIDAD IMPRUDENTE;VELOCIDAD NO RAZONABLE NI PRUDENTE;BUZETA;AVDA 3;AVDA 3 - BUZETA;0;;;UNIDIRECCIONAL;ASFALTO;BUENO;SECO;NUBLADO;0;0;0;0
-7856248,051;-3947140,296;11783;2024;1624814;-33,389664;-70,573877;1;2024/07/05 00:00:00+00;1899/12/30 00:00:00+00;REGION METROPOLITANA;VITACURA;ATROPELLO;ATROPELLO;URBANA;TRAMO DE VIA RECTA;IMPRUDENCIA DEL CONDUCTOR;CONDUCCION NO ATENTO CONDICIONES TRANSITO MOMENTO;MANQUEHUE NORTE;;- MANQUEHUE NORTE;1768;;;BIDIRECCIONAL;ASFALTO;BUENO;SECO;DESPEJADO;0;0;0;1
-7890121,681;-3976018,686;11784;2024;1626377;-33,605995;-70,878169;1;2024/07/08 00:00:00+00;1899/12/30 00:00:00+00;REGION METROPOLITANA;PENAFLOR;COLISION;COLISION;URBANA;CRUCE CON SEMAFORO FUNCIONANDO;IMPRUDENCIA DEL CONDUCTOR;CONDUCCION NO ATENTO CONDICIONES TRANSITO MOMENTO;FRANCISCO BILBAO;21 DE MAYO;21 DE MAYO - FRANCISCO BILBAO;0;;;BIDIRECCIONAL;CONCRETO;BUENO;SECO;DESPEJADO;0;0;0;0
-7872393,83;-3963927,704;11785;2024;1627728;-33,515486;-70,718917;1;2024/07/30 00:00:00+00;1899/12/30 00:00:00+00;REGION METROPOLITANA;CERRILLOS;ATROPELLO;ATROPELLO;URBANA;ZONA DE ESPERA ESPECIAL;IMPRUDENCIA DEL CONDUCTOR;CONDUCCION NO ATENTO CONDICIONES TRANSITO MOMENTO;AMERICO VESPUCIO;;- AMERICO VESPUCIO;1501;;;BIDIRECCIONAL;ASFALTO;BUENO;SECO;NUBLADO;0;0;1;0
-7855821,586;-3947006,171;11786;2024;1624815;-33,388658;-70,570046;1;2024/07/05 00:00:00+00;1899/12/30 00:00:00+00;REGION METROPOLITANA;VITACURA;COLISION POR ALCANCE;COLISION;URBANA;CRUCE CON SEMAFORO FUNCIONANDO;IMPRUDENCIA DEL CONDUCTOR;CONDUCCION NO ATENTO CONDICIONES TRANSITO MOMENTO;VITACURA;ISLAS MARIANAS;ISLAS MARIANAS - VITACURA;0;;;BIDIRECCIONAL CON BANDEJON;CONCRETO;BUENO;SECO;DESPEJADO;0;0;0;1
-7877073,59;-3964119,305;11787;2024;1627729;-33,516921;-70,760956;1;2024/07/25 00:00:00+00;1899/12/30 00:00:00+00;REGION METROPOLITANA;MAIPU;COLISION LATERAL;COLISION;URBANA;TRAMO DE VIA RECTA;IMPRUDENCIA DEL CONDUCTOR;CONDUCCION NO ATENTO CONDICIONES TRANSITO MOMENTO;PORTALES;HNOS CARRERA;HNOS CARRERA - PORTALES;0;;;UNIDIRECCIONAL;ASFALTO;BUENO;SECO;DESPEJADO;0;0;0;0
-7855795,092;-3945724,202;11788;2024;1624817;-33,379042;-70,569808;1;2024/07/03 00:00:00+00;1899/12/30 00:00:00+00;REGION METROPOLITANA;VITACURA;COLISION LATERAL;COLISION;URBANA;ROTONDA;IMPRUDENCIA DEL CONDUCTOR;ADELANTAMIENTO SIN EL ESPACIO O TIEMPO SUFICIENTE;COST MONS ESCRIVA DE BALAGUER;INTEN CAROL URZUA;COST MONS ESCRIVA DE BALAGUER - INTEN CAROL URZUA;0;;;UNIDIRECCIONAL;ASFALTO;BUENO;SECO;DESPEJADO;0;0;0;0
-7870948,346;-3964459,522;11789;2024;1627730;-33,519469;-70,705932;1;2024/07/31 00:00:00+00;1899/12/30 00:00:00+00;REGION METROPOLITANA;CERRILLOS;COLISION LATERAL;COLISION;URBANA;CRUCE CON SENAL CEDA EL PASO;OTRAS CAUSAS;HECHO DELICTUAL;AMERICO VESPUCIO;GRAL VELASQUEZ;AMERICO VESPUCIO - GRAL VELASQUEZ;0;;;BIDIRECCIONAL;ASFALTO;BUENO;SECO;NUBLADO;0;0;0;0
-7854177,954;-3970696,286;11790;2024;1626379;-33,566165;-70,555281;1;2024/07/11 00:00:00+00;1899/12/30 00:00:00+00;REGION METROPOLITANA;PUENTE ALTO;COLISION LATERAL;COLISION;URBANA;TRAMO DE VIA RECTA;IMPRUDENCIA DEL CONDUCTOR;CONDUCCION NO ATENTO CONDICIONES TRANSITO MOMENTO;CAMILO HENRIQUEZ;;- CAMILO HENRIQUEZ;3910;;;BIDIRECCIONAL;CONCRETO;BUENO;SECO;DESPEJADO;0;0;0;0
-7879237,418;-3954147,187;11791;2024;1624830;-33,442203;-70,780394;1;2024/07/14 00:00:00+00;1899/12/30 00:00:00+00;REGION METROPOLITANA;PUDAHUEL;CHOQUE FRONTAL;CHOQUE;RURAL;TRAMO DE VIA CURVA HORIZONTAL;VELOCIDAD IMPRUDENTE;VELOCIDAD NO RAZONABLE NI PRUDENTE;AMERICO VESPUCIO;;- AMERICO VESPUCIO;17900;;;UNIDIRECCIONAL;ASFALTO;BUENO;SECO;NUBLADO;1;0;0;0
-7878698,107;-3963094,703;11792;2024;1627731;-33,509247;-70,775549;1;2024/07/12 00:00:00+00;1899/12/30 00:00:00+00;REGION METROPOLITANA;MAIPU;COLISION LATERAL;COLISION;URBANA;TRAMO DE VIA RECTA;IMPRUDENCIA DEL CONDUCTOR;CONDUCCION NO ATENTO CONDICIONES TRANSITO MOMENTO;EL OLIMPO;CAMINO A RINCONADA;CAMINO A RINCONADA - EL OLIMPO;0;;;BIDIRECCIONAL;ASFALTO;BUENO;SECO;DESPEJADO;0;0;0;0
-7891974,594;-3975482,459;11793;2024;1626381;-33,601983;-70,894814;1;2024/07/09 00:00:00+00;1899/12/30 00:00:00+00;REGION METROPOLITANA;PENAFLOR;ATROPELLO;ATROPELLO;URBANA;TRAMO DE VIA RECTA;IMPRUDENCIA DEL CONDUCTOR;CONDUCCION NO ATENTO CONDICIONES TRANSITO MOMENTO;IRARRAZAVAL;ESMERALDA;ESMERALDA - IRARRAZAVAL;0;;;BIDIRECCIONAL;CONCRETO;BUENO;SECO;DESPEJADO;0;0;0;0
-7872393,83;-3963927,704;11794;2024;1624831;-33,515486;-70,718917;1;2024/07/17 00:00:00+00;1899/12/30 00:00:00+00;REGION METROPOLITANA;CERRILLOS;CHOQUE POSTERIOR/FRENTE;CHOQUE;URBANA;VIA PRIVADA DE USO PUBLICO;IMPRUDENCIA DEL CONDUCTOR;CONDUCIR VEHICULO EN RETROCESO;AMERICO VESPUCIO;;- AMERICO VESPUCIO;1501;;;BIDIRECCIONAL;ASFALTO;BUENO;SECO;NUBLADO;0;0;0;0
-7875460,905;-3959631,068;11795;2024;1627733;-33,4833;-70,746469;1;2024/07/25 00:00:00+00;1899/12/30 00:00:00+00;REGION METROPOLITANA;MAIPU;COLISION LATERAL;COLISION;URBANA;CRUCE CON SEMAFORO FUNCIONANDO;IMPRUDENCIA DEL CONDUCTOR;CONDUCCION NO ATENTO CONDICIONES TRANSITO MOMENTO;LOS PAJARITOS;JORGE DELANO;JORGE DELANO - LOS PAJARITOS;0;;;BIDIRECCIONAL CON BANDEJON;ASFALTO;BUENO;SECO;DESPEJADO;0;1;0;0
-7871377,149;-3958672,799;11796;2024;1626390;-33,47612;-70,709784;1;2024/07/13 00:00:00+00;1899/12/30 00:00:00+00;REGION METROPOLITANA;ESTACION CENTRAL;COLISION LATERAL;COLISION;URBANA;OTROS NO CONSIDERADOS;IMPRUDENCIA DEL CONDUCTOR;CONDUCCION NO ATENTO CONDICIONES TRANSITO MOMENTO;LUIS INFANTE CERDA;;- LUIS INFANTE CERDA;1018;;;UNIDIRECCIONAL;ASFALTO;BUENO;SECO;DESPEJADO;0;0;0;0
-7868749,118;-3945083,137;11797;2024;1624832;-33,374233;-70,686176;1;2024/07/02 00:00:00+00;1899/12/30 00:00:00+00;REGION METROPOLITANA;CONCHALI;COLISION POR ALCANCE;COLISION;URBANA;CRUCE CON SENAL PARE;DESOBEDIENCIA A SENALIZACION;SENALIZACION DESOBEDECER SENAL PARE;INDEPENDENCIA;LAS DALIAS;INDEPENDENCIA - LAS DALIAS;0;;;BIDIRECCIONAL CON BANDEJON;ASFALTO;BUENO;SECO;DESPEJADO;0;0;0;0
-7874423,296;-3961157,789;11798;2024;1627734;-33,494738;-70,737148;1;2024/07/25 00:00:00+00;1899/12/30 00:00:00+00;REGION METROPOLITANA;MAIPU;CHOQUE FRENTE/LADO;CHOQUE;URBANA;TRAMO DE VIA RECTA;IMPRUDENCIA DEL CONDUCTOR;CONDUCCION NO ATENTO CONDICIONES TRANSITO MOMENTO;MONS CARLOS CASANUEVA;;- MONS CARLOS CASANUEVA;3677;;;UNIDIRECCIONAL;ASFALTO;BUENO;SECO;DESPEJADO;0;0;0;0
-7870858,72;-3961073,618;11799;2024;1624833;-33,494107;-70,705127;1;2024/07/18 00:00:00+00;1899/12/30 00:00:00+00;REGION METROPOLITANA;CERRILLOS;COLISION LATERAL;COLISION;URBANA;CRUCE CON SEMAFORO FUNCIONANDO;IMPRUDENCIA DEL CONDUCTOR;CONDUCCION CAMBIAR SORPRESIVAMENTE PISTA CIRCULACION;PEDRO AGUIRRE CERDA;FELIX MARGOZ;FELIX MARGOZ - PEDRO AGUIRRE CERDA;0;;;BIDIRECCIONAL CON BANDEJON;ASFALTO;BUENO;SECO;NUBLADO;0;0;0;0
-7870185,474;-3973327,246;11800;2024;1627735;-33,585856;-70,699079;1;2024/07/25 00:00:00+00;1899/12/30 00:00:00+00;REGION METROPOLITANA;SAN BERNARDO;COLISION LATERAL;COLISION;URBANA;CRUCE CON SEMAFORO FUNCIONANDO;DESOBEDIENCIA A SENALIZACION;SENALIZACION DESOBEDECER LUZ ROJA DE SEMAFORO;SAN JOSE;VICTORIA;SAN JOSE - VICTORIA;0;;;UNIDIRECCIONAL;ASFALTO;BUENO;SECO;DESPEJADO;0;0;1;0
-7865766,09;-3943936,268;11801;2024;1624835;-33,365629;-70,659379;1;2024/07/01 00:00:00+00;1899/12/30 00:00:00+00;REGION METROPOLITANA;HUECHURABA;COLISION LATERAL;COLISION;URBANA;TRAMO DE VIA RECTA;IMPRUDENCIA DEL CONDUCTOR;CONDUCCION NO ATENTO CONDICIONES TRANSITO MOMENTO;GUANACO NORTE;DEL PARQUE;DEL PARQUE - GUANACO NORTE;0;;;BIDIRECCIONAL CON BANDEJON;ASFALTO;BUENO;SECO;DESPEJADO;0;0;0;0
-7849605,019;-3943800,159;11802;2024;1626397;-33,364608;-70,514202;1;2024/07/15 00:00:00+00;1899/12/30 00:00:00+00;REGION METROPOLITANA;LO BARNECHEA;COLISION LATERAL;COLISION;URBANA;CRUCE CON SEMAFORO FUNCIONANDO;IMPRUDENCIA DEL CONDUCTOR;NO RESPETAR DERECHO PREFERENTE DE PASO A VEHICULO;RAUL LABBE;LA DEHESA;LA DEHESA - RAUL LABBE;0;;;BIDIRECCIONAL CON BANDEJON;CONCRETO;BUENO;SECO;DESPEJADO;0;0;0;0
-7876032,641;-3965425,882;11803;2024;1627737;-33,526706;-70,751605;1;2024/07/26 00:00:00+00;1899/12/30 00:00:00+00;REGION METROPOLITANA;MAIPU;COLISION LATERAL;COLISION;URBANA;TRAMO DE VIA RECTA;IMPRUDENCIA DEL CONDUCTOR;CONDUCCION NO ATENTO CONDICIONES TRANSITO MOMENTO;CAMINO A MELIPILLA;;- CAMINO A MELIPILLA;11280;;;BIDIRECCIONAL CON BANDEJON;ASFALTO;BUENO;SECO;DESPEJADO;0;0;0;0
-7869085,192;-3944069,423;11804;2024;1624836;-33,366628;-70,689195;1;2024/07/05 00:00:00+00;1899/12/30 00:00:00+00;REGION METROPOLITANA;CONCHALI;COLISION POR ALCANCE;COLISION;URBANA;TRAMO DE VIA RECTA;IMPRUDENCIA DEL CONDUCTOR;NO RESPETAR DERECHO PREFERENTE DE PASO A VEHICULO;INDEPENDENCIA;HUECHURABA;HUECHURABA - INDEPENDENCIA;0;;;BIDIRECCIONAL CON BANDEJON;ASFALTO;BUENO;SECO;DESPEJADO;0;0;0;0
-7873739,237;-3958658,519;11805;2024;1627738;-33,476013;-70,731003;1;2024/07/26 00:00:00+00;1899/12/30 00:00:00+00;REGION METROPOLITANA;MAIPU;COLISION LATERAL;COLISION;URBANA;TRAMO DE VIA RECTA;IMPRUDENCIA DEL CONDUCTOR;CONDUCCION NO ATENTO CONDICIONES TRANSITO MOMENTO;LAS TORRES;SUR DE CHILE;LAS TORRES - SUR DE CHILE;0;;;BIDIRECCIONAL;ASFALTO;BUENO;SECO;DESPEJADO;0;0;0;1
-7882061,594;-3971295,885;11806;2024;1626402;-33,570653;-70,805764;1;2024/07/08 00:00:00+00;1899/12/30 00:00:00+00;REGION METROPOLITANA;PADRE HURTADO;COLISION POR ALCANCE;COLISION;URBANA;CRUCE CON SEMAFORO FUNCIONANDO;IMPRUDENCIA DEL CONDUCTOR;CONDUCCION SIN MANTENER DISTANCIA RAZONABLE NI PRUDENTE;EL MANZANO;PRIMERA TRANSVERSAL;EL MANZANO - PRIMERA TRANSVERSAL;0;;;BIDIRECCIONAL;CONCRETO;BUENO;SECO;DESPEJADO;0;0;0;1
-7869340,782;-3944160,061;11807;2024;1624838;-33,367308;-70,691491;1;2024/07/04 00:00:00+00;1899/12/30 00:00:00+00;REGION METROPOLITANA;CONCHALI;COLISION LATERAL;COLISION;URBANA;CRUCE CON SEMAFORO FUNCIONANDO;DESOBEDIENCIA A SENALIZACION;SENALIZACION DESOBEDECER LUZ ROJA DE SEMAFORO;JULIO MONTT SALAMANCA;JULIO PARRA SANTOS;JULIO MONTT SALAMANCA - JULIO PARRA SANTOS;0;;;BIDIRECCIONAL;ASFALTO;BUENO;SECO;DESPEJADO;0;0;0;0
-7869386,423;-3952233,238;11808;2024;1627740;-33,427855;-70,691901;1;2024/07/19 00:00:00+00;1899/12/30 00:00:00+00;REGION METROPOLITANA;QUINTA NORMAL;COLISION POR ALCANCE;COLISION;URBANA;TRAMO DE VIA RECTA;VELOCIDAD IMPRUDENTE;VELOCIDAD NO RAZONABLE NI PRUDENTE;AUTOPISTA CENTRAL;PORTALES;AUTOPISTA CENTRAL - PORTALES;0;;;UNIDIRECCIONAL;CONCRETO;BUENO;SECO;DESPEJADO;0;0;0;1
-7892704,739;-3976076,159;11809;2024;1626408;-33,606425;-70,901373;1;2024/07/10 00:00:00+00;1899/12/30 00:00:00+00;REGION METROPOLITANA;PENAFLOR;CHOQUE;CHOQUE;URBANA;TRAMO DE VIA RECTA;IMPRUDENCIA DEL CONDUCTOR;CONDUCCION NO ATENTO CONDICIONES TRANSITO MOMENTO;DOCTOR PRADO TAGLE;;- DOCTOR PRADO TAGLE;237;;;UNIDIRECCIONAL;CONCRETO;BUENO;SECO;DESPEJADO;0;0;0;0
-7854987,803;-3973430,674;11810;2024;1627741;-33,58663;-70,562556;1;2024/07/22 00:00:00+00;1899/12/30 00:00:00+00;REGION METROPOLITANA;PUENTE ALTO;CHOQUE FRENTE/LADO;CHOQUE;URBANA;TRAMO DE VIA RECTA;IMPRUDENCIA DEL CONDUCTOR;CONDUCCION NO ATENTO CONDICIONES TRANSITO MOMENTO;TRONCAL SAN FRANCISCO;VIZCACHAS;TRONCAL SAN FRANCISCO - VIZCACHAS;0;;;BIDIRECCIONAL;CONCRETO;BUENO;SECO;DESPEJADO;0;0;0;0
-7872946,197;-3970860,878;11811;2024;1626423;-33,567397;-70,723879;1;2024/07/05 00:00:00+00;1899/12/30 00:00:00+00;REGION METROPOLITANA;SAN BERNARDO;COLISION POR ALCANCE;COLISION;URBANA;TRAMO DE VIA RECTA;IMPRUDENCIA DEL CONDUCTOR;CONDUCCION NO ATENTO CONDICIONES TRANSITO MOMENTO;CAMINO LA VARA;;- CAMINO LA VARA;103;;;BIDIRECCIONAL;CONCRETO;BUENO;SECO;DESPEJADO;0;0;0;1
-7868711,158;-3945697,274;11812;2024;1624842;-33,37884;-70,685835;1;2024/07/01 00:00:00+00;1899/12/30 00:00:00+00;REGION METROPOLITANA;CONCHALI;COLISION LATERAL;COLISION;URBANA;CRUCE CON SEMAFORO FUNCIONANDO;IMPRUDENCIA DEL CONDUCTOR;NO RESPETAR DERECHO PREFERENTE DE PASO A VEHICULO;INDEPENDENCIA;AVEL CORTIJO;AVEL CORTIJO - INDEPENDENCIA;0;;;BIDIRECCIONAL CON BANDEJON;ASFALTO;BUENO;SECO;DESPEJADO;0;0;0;0
-7866834,646;-3974689,927;11813;2024;1626424;-33,596053;-70,668978;1;2024/07/07 00:00:00+00;1899/12/30 00:00:00+00;REGION METROPOLITANA;SAN BERNARDO;ATROPELLO;ATROPELLO;URBANA;CRUCE CON SENAL PARE;IMPRUDENCIA DEL PEATON;PEATON CRUZA CALZADA FUERA PASO PEATONES;BALMACEDA;LOS PETALOS;BALMACEDA - LOS PETALOS;0;;;BIDIRECCIONAL CON BANDEJON;CONCRETO;BUENO;SECO;DESPEJADO;0;0;0;1
-7872452,495;-3963559,198;11814;2024;1627742;-33,512726;-70,719444;1;2024/07/26 00:00:00+00;1899/12/30 00:00:00+00;REGION METROPOLITANA;MAIPU;COLISION LATERAL;COLISION;URBANA;OTROS NO CONSIDERADOS;IMPRUDENCIA DEL CONDUCTOR;CONDUCCION NO ATENTO CONDICIONES TRANSITO MOMENTO;AMERICO VESPUCIO;;- AMERICO VESPUCIO;10560;;;BIDIRECCIONAL CON BANDEJON;ASFALTO;BUENO;SECO;DESPEJADO;0;0;0;0
-7869156,993;-3947171,227;11815;2024;1624844;-33,389896;-70,68984;1;2024/07/09 00:00:00+00;1899/12/30 00:00:00+00;REGION METROPOLITANA;CONCHALI;COLISION POR ALCANCE;COLISION;URBANA;TRAMO DE VIA RECTA;IMPRUDENCIA DEL CONDUCTOR;CONDUCCION SIN MANTENER DISTANCIA RAZONABLE NI PRUDENTE;PDTE EDUARDO FREI MONTALVA;LOS ZAPADORES;LOS ZAPADORES - PDTE EDUARDO FREI MONTALVA;0;;;BIDIRECCIONAL CON BANDEJON;ASFALTO;BUENO;SECO;DESPEJADO;0;0;0;0
-7864284,762;-3968452,874;11816;2024;1626425;-33,549371;-70,646072;1;2024/07/03 00:00:00+00;1899/12/30 00:00:00+00;REGION METROPOLITANA;SAN RAMON;CHOQUE FRENTE/POSTERIOR;CHOQUE;URBANA;CRUCE CON SEMAFORO FUNCIONANDO;IMPRUDENCIA DEL CONDUCTOR;CONDUCCION NO ATENTO CONDICIONES TRANSITO MOMENTO;BOLIVIA;STA ROSA;BOLIVIA - STA ROSA;0;;;BIDIRECCIONAL CON BANDEJON;CONCRETO;BUENO;SECO;DESPEJADO;0;0;0;0
-7872877,179;-3963204,055;11817;2024;1627745;-33,510066;-70,723259;1;2024/07/27 00:00:00+00;1899/12/30 00:00:00+00;REGION METROPOLITANA;CERRILLOS;COLISION POR ALCANCE;COLISION;URBANA;TRAMO DE VIA RECTA;IMPRUDENCIA DEL CONDUCTOR;CONDUCCION SIN MANTENER DISTANCIA RAZONABLE NI PRUDENTE;AMERICO VESPUCIO;CAMINO A MELIPILLA;AMERICO VESPUCIO - CAMINO A MELIPILLA;0;;;BIDIRECCIONAL CON BANDEJON;ASFALTO;BUENO;SECO;DESPEJADO;0;0;0;0
-7868756,688;-3944956,235;11818;2024;1624852;-33,373281;-70,686244;1;2024/07/06 00:00:00+00;1899/12/30 00:00:00+00;REGION METROPOLITANA;CONCHALI;COLISION POR ALCANCE;COLISION;URBANA;TRAMO DE VIA RECTA;IMPRUDENCIA DEL CONDUCTOR;NO RESPETAR DERECHO PREFERENTE DE PASO A VEHICULO;CARD JOSE MARIA CARO;LOS ACACIOS;CARD JOSE MARIA CARO - LOS ACACIOS;0;;;BIDIRECCIONAL CON BANDEJON;ASFALTO;BUENO;SECO;DESPEJADO;0;0;0;0
-7868422,396;-3976248,046;11819;2024;1626427;-33,607711;-70,683241;1;2024/05/04 00:00:00+00;1899/12/30 00:00:00+00;REGION METROPOLITANA;SAN BERNARDO;COLISION POR ALCANCE;COLISION;URBANA;CRUCE CON SEMAFORO FUNCIONANDO;IMPRUDENCIA DEL CONDUCTOR;CONDUCCION NO ATENTO CONDICIONES TRANSITO MOMENTO;PADRE HURTADO;BAQUEDANO;BAQUEDANO - PADRE HURTADO;0;;;BIDIRECCIONAL;CONCRETO;BUENO;SECO;DESPEJADO;0;0;0;0