ï»¿X;Y;FID;AÃ±o;IdAccident;Latitud;longitud;ClaseAccid;Fecha;Hora;RegiÃ³n;Comuna;Tipo_Accid;Tipo__CONA;Zona;UbicaciÃ³n;Causa__CON;Causa_Acci;Calle_Uno;Calle_Dos;Intersecci;NÃºmero;Ruta;Ubicaci_1;Calzada;Tipo_Calza;Estado_Cal;CondiciÃ³n;Estado_Atm;Fallecidos;Graves;Menos_Grav;Leves
-7876458,438;-3961509,932;11871;2024;1627772;-33,497376;-70,75543;1;2024/07/29 00:00:00+00;1899/12/30 00:00:00+00;REGION METROPOLITANA;MAIPU;COLISION POR ALCANCE;COLISION;URBANA;CRUCE CON SENAL PARE;IMPRUDENCIA DEL CONDUCTOR;CONDUCCION NO ATENTO CONDICIONES TRANSITO MOMENTO;ALHUE;LOS GUERRILLEROS;ALHUE - LOS GUERRILLEROS;0;;;BIDIRECCIONAL;ASFALTO;BUENO;SECO;DESPEJADO;0;0;0;0
-7867752,475;-3975205,401;11872;2024;1626465;-33,59991;-70,677223;1;2024/07/14 00:00:00+00;1899/12/30 00:00:00+00;REGION METROPOLITANA;SAN BERNARDO;COLISION PERPENDICULAR;COLISION;URBANA;CRUCE CON SENAL CEDA EL PASO;DESOBEDIENCIA A SENALIZACION;SENALIZACION DESOBEDECER SENAL CEDA EL PASO;CONDELL;VOLCAN MAIPO;CONDELL - VOLCAN MAIPO;0;;;BIDIRECCIONAL;CONCRETO;BUENO;SECO;DESPEJADO;0;0;0;0
-7857708,451;-3961903,203;11873;2024;1624921;-33,500322;-70,586996;1;2024/07/14 00:00:00+00;1899/12/30 00:00:00+00;REGION METROPOLITANA;PENALOLEN;COLISION FRONTAL;COLISION;URBANA;CRUCE CON SENAL CEDA EL PASO;DESOBEDIENCIA A SENALIZACION;SENALIZACION DESOBEDECER SENAL CEDA EL PASO;AMERICO VESPUCIO;LAS TORRES;AMERICO VESPUCIO - LAS TORRES;0;;;UNIDIRECCIONAL;CONCRETO;BUENO;SECO;DESPEJADO;0;0;0;0
-7870035,972;-3947674,542;11874;2024;1627774;-33,393671;-70,697736;1;2024/07/18 00:00:00+00;1899/12/30 00:00:00+00;REGION METROPOLITANA;RENCA;ATROPELLO;ATROPELLO;URBANA;TRAMO DE VIA RECTA;IMPRUDENCIA DEL CONDUCTOR;CONDUCCION NO ATENTO CONDICIONES TRANSITO MOMENTO;LAS MARGARITAS;PTO MONTT;LAS MARGARITAS - PTO MONTT;0;;;UNIDIRECCIONAL;ASFALTO;REGULAR;SECO;DESPEJADO;0;0;0;0
-7868039,123;-3974375,067;11875;2024;1626466;-33,593697;-70,679798;1;2024/07/14 00:00:00+00;1899/12/30 00:00:00+00;REGION METROPOLITANA;SAN BERNARDO;COLISION LATERAL;COLISION;URBANA;CRUCE CON SEMAFORO FUNCIONANDO;IMPRUDENCIA DEL CONDUCTOR;CONDUCCION NO ATENTO CONDICIONES TRANSITO MOMENTO;PADRE HURTADO;BALMACEDA;BALMACEDA - PADRE HURTADO;0;;;BIDIRECCIONAL CON BANDEJON;CONCRETO;BUENO;SECO;DESPEJADO;0;0;0;0
-7866079,343;-3965738,761;11876;2024;1624924;-33,529049;-70,662193;1;2024/07/14 00:00:00+00;1899/12/30 00:00:00+00;REGION METROPOLITANA;LA CISTERNA;CHOQUE FRONTAL;CHOQUE;URBANA;CRUCE CON SENAL CEDA EL PASO;FALLAS MECANICAS;FALLAS MECANICAS DIRECCION;ECUADOR;ALEJANDRO VIAL;ALEJANDRO VIAL - ECUADOR;0;;;BIDIRECCIONAL;CONCRETO;BUENO;SECO;DESPEJADO;0;0;0;0
-7866048,73;-3950609,937;11877;2024;1627777;-33,415684;-70,661918;1;2024/07/27 00:00:00+00;1899/12/30 00:00:00+00;REGION METROPOLITANA;INDEPENDENCIA;CHOQUE FRONTAL;CHOQUE;URBANA;CRUCE CON SENAL PARE;VELOCIDAD IMPRUDENTE;VELOCIDAD NO RAZONABLE NI PRUDENTE;DOMINGO SANTA MARIA;ESCANILLA;DOMINGO SANTA MARIA - ESCANILLA;0;;;BIDIRECCIONAL;ASFALTO;BUENO;SECO;DESPEJADO;0;0;0;1
-7871493,255;-3979452,223;11878;2024;1626468;-33,63168;-70,710827;1;2024/07/15 00:00:00+00;1899/12/30 00:00:00+00;REGION METROPOLITANA;SAN BERNARDO;COLISION LATERAL;COLISION;URBANA;PLAZA DE PEAJE;IMPRUDENCIA DEL CONDUCTOR;CONDUCCION NO ATENTO CONDICIONES TRANSITO MOMENTO;PDTE JORGE ALESSANDRI RODRIGUEZ;;- PDTE JORGE ALESSANDRI RODRIGUEZ;20040;;;BIDIRECCIONAL;CONCRETO;BUENO;SECO;DESPEJADO;0;0;0;0
-7868246,734;-3966101,06;11879;2024;1624928;-33,531762;-70,681663;1;2024/07/15 00:00:00+00;1899/12/30 00:00:00+00;REGION METROPOLITANA;LA CISTERNA;CHOQUE FRONTAL;CHOQUE;URBANA;TRAMO DE VIA RECTA;IMPRUDENCIA DEL CONDUCTOR;CONDUCCION NO ATENTO CONDICIONES TRANSITO MOMENTO;AMERICO VESPUCIO;JOSE JOAQUIN PRIETO VIAL;AMERICO VESPUCIO - JOSE JOAQUIN PRIETO VIAL;0;;;UNIDIRECCIONAL;CONCRETO;BUENO;SECO;DESPEJADO;0;0;0;0
-7882060,592;-3971296,553;11880;2024;1627782;-33,570658;-70,805755;1;2024/07/18 00:00:00+00;1899/12/30 00:00:00+00;REGION METROPOLITANA;PADRE HURTADO;COLISION;COLISION;URBANA;TRAMO DE VIA RECTA;IMPRUDENCIA DEL CONDUCTOR;CONDUCCION NO ATENTO CONDICIONES TRANSITO MOMENTO;CAMINO ANTIGUO A VALPARAISO;;- CAMINO ANTIGUO A VALPARAISO;1634;;;BIDIRECCIONAL;CONCRETO;BUENO;SECO;DESPEJADO;0;0;0;0
-7874264,777;-4003718,709;11881;2024;1624932;-33,81299;-70,735724;1;2024/07/07 00:00:00+00;1899/12/30 00:00:00+00;REGION METROPOLITANA;PAINE;CHOQUE FRONTAL;CHOQUE;URBANA;TRAMO DE VIA RECTA;ALCOHOL EN CONDUCTOR;CONDUCCION EN ESTADO DE EBRIEDAD;EL CEDRO;;- EL CEDRO;639;;;BIDIRECCIONAL;ASFALTO;BUENO;SECO;DESPEJADO;0;0;0;1
-7852344,076;-3952131,466;11882;2024;1627783;-33,427092;-70,538807;1;2024/07/26 00:00:00+00;1899/12/30 00:00:00+00;REGION METROPOLITANA;LAS CONDES;COLISION LATERAL;COLISION;URBANA;CRUCE CON SEMAFORO FUNCIONANDO;IMPRUDENCIA DEL CONDUCTOR;CONDUCCION NO ATENTO CONDICIONES TRANSITO MOMENTO;NVA BILBAO;PADRE HURTADO SUR;NVA BILBAO - PADRE HURTADO SUR;0;;;UNIDIRECCIONAL;CONCRETO;BUENO;SECO;DESPEJADO;0;0;0;0
-7861023,88;-3966474,188;11883;2024;1624936;-33,534556;-70,616779;1;2024/07/06 00:00:00+00;1899/12/30 00:00:00+00;REGION METROPOLITANA;LA GRANJA;COLISION FRONTAL;COLISION;URBANA;CRUCE SIN SENALIZACION;ALCOHOL EN CONDUCTOR;CONDUCCION EN ESTADO DE EBRIEDAD;CORONEL;3 NORTE;3 NORTE - CORONEL;0;;;BIDIRECCIONAL;ASFALTO;BUENO;SECO;DESPEJADO;0;0;0;0
-7867360,296;-3974746,324;11884;2024;1626470;-33,596475;-70,6737;1;2024/07/15 00:00:00+00;1899/12/30 00:00:00+00;REGION METROPOLITANA;SAN BERNARDO;CHOQUE POSTERIOR/FRENTE;CHOQUE;URBANA;CRUCE CON SENAL PARE;IMPRUDENCIA DEL CONDUCTOR;CONDUCCION NO ATENTO CONDICIONES TRANSITO MOMENTO;STA MERCEDES;LA CUMBRE;LA CUMBRE - STA MERCEDES;0;;;BIDIRECCIONAL CON BANDEJON;CONCRETO;BUENO;SECO;DESPEJADO;0;0;0;0
-7872269,597;-3949059,271;11885;2024;1627785;-33,404056;-70,717801;1;2024/07/18 00:00:00+00;1899/12/30 00:00:00+00;REGION METROPOLITANA;RENCA;COLISION;COLISION;URBANA;TRAMO DE VIA RECTA;IMPRUDENCIA DEL CONDUCTOR;CONDUCCION NO ATENTO CONDICIONES TRANSITO MOMENTO;GRAL VELASQUEZ;;- GRAL VELASQUEZ;600;;;UNIDIRECCIONAL;ASFALTO;REGULAR;SECO;DESPEJADO;0;0;0;0
-7862495,523;-3971692,562;11886;2024;1624937;-33,573622;-70,629999;1;2024/07/08 00:00:00+00;1899/12/30 00:00:00+00;REGION METROPOLITANA;LA PINTANA;CHOQUE FRENTE/POSTERIOR;CHOQUE;URBANA;TRAMO DE VIA RECTA;IMPRUDENCIA DEL CONDUCTOR;CONDUCCION NO ATENTO CONDICIONES TRANSITO MOMENTO;STA ROSA;;- STA ROSA;11735;;;BIDIRECCIONAL CON BANDEJON;ASFALTO;BUENO;SECO;DESPEJADO;0;0;0;0
-7869015,506;-3977111,665;11887;2024;1626472;-33,614172;-70,688569;1;2024/07/15 00:00:00+00;1899/12/30 00:00:00+00;REGION METROPOLITANA;SAN BERNARDO;ATROPELLO;ATROPELLO;URBANA;CRUCE CON SEMAFORO FUNCIONANDO;IMPRUDENCIA DEL CONDUCTOR;NO RESPETAR DERECHO PREFERENTE DE PASO A PEATON;ALMTE RIVEROS;LOS SUSPIROS;ALMTE RIVEROS - LOS SUSPIROS;0;;;BIDIRECCIONAL CON BANDEJON;CONCRETO;BUENO;SECO;DESPEJADO;0;0;0;1
-7854850,696;-3949486,255;11888;2024;1627786;-33,407258;-70,561324;1;2024/07/10 00:00:00+00;1899/12/30 00:00:00+00;REGION METROPOLITANA;LAS CONDES;COLISION LATERAL;COLISION;URBANA;TRAMO DE VIA RECTA;IMPRUDENCIA DEL CONDUCTOR;CONDUCCION CAMBIAR SORPRESIVAMENTE PISTA CIRCULACION;LAS CONDES;APOQUINDO;APOQUINDO - LAS CONDES;0;;;BIDIRECCIONAL CON BANDEJON;CONCRETO;BUENO;SECO;DESPEJADO;0;0;0;0
-7866183,983;-3966305,785;11889;2024;1624938;-33,533295;-70,663133;1;2024/07/15 00:00:00+00;1899/12/30 00:00:00+00;REGION METROPOLITANA;LA CISTERNA;CHOQUE FRENTE/POSTERIOR;CHOQUE;URBANA;CRUCE CON SEMAFORO FUNCIONANDO;IMPRUDENCIA DEL CONDUCTOR;CONDUCCION NO ATENTO CONDICIONES TRANSITO MOMENTO;GRAN AVDA JOSE MIGUEL CARRERA;BRISAS DEL MAIPO;BRISAS DEL MAIPO - GRAN AVDA JOSE MIGUEL CARRERA;0;;;UNIDIRECCIONAL;CONCRETO;BUENO;SECO;DESPEJADO;0;0;0;0
-7852353,984;-3942584,003;11890;2024;1626477;-33,355483;-70,538896;1;2024/07/18 00:00:00+00;1899/12/30 00:00:00+00;REGION METROPOLITANA;LO BARNECHEA;COLISION LATERAL;COLISION;URBANA;CRUCE CON SENAL CEDA EL PASO;IMPRUDENCIA DEL CONDUCTOR;ADELANTAMIENTO EN CRUCE, CURVA, CUESTA, PUENTE;CAMINO LOS TRAPENSES;PARQUE LAS PATAGUAS;CAMINO LOS TRAPENSES - PARQUE LAS PATAGUAS;0;;;BIDIRECCIONAL;CONCRETO;BUENO;SECO;DESPEJADO;0;0;0;1
-7879732,901;-3944840,131;11891;2024;1627788;-33,37241;-70,784845;1;2024/07/22 00:00:00+00;1899/12/30 00:00:00+00;REGION METROPOLITANA;PUDAHUEL;COLISION LATERAL;COLISION;URBANA;TRAMO DE VIA RECTA;IMPRUDENCIA DEL CONDUCTOR;ADELANTAMIENTO SIN EL ESPACIO O TIEMPO SUFICIENTE;CAMINO LO BOZA;CAMINO A LAMPA;CAMINO A LAMPA - CAMINO LO BOZA;0;;;BIDIRECCIONAL;ASFALTO;BUENO;SECO;DESPEJADO;0;0;0;0
-7869368,055;-3950516,448;11892;2024;1627789;-33,414983;-70,691736;1;2024/07/30 00:00:00+00;1899/12/30 00:00:00+00;REGION METROPOLITANA;RENCA;COLISION;COLISION;URBANA;TRAMO DE VIA RECTA;IMPRUDENCIA DEL CONDUCTOR;CONDUCCION NO ATENTO CONDICIONES TRANSITO MOMENTO;JORGE HIRMAS;APOSTOL SANTIAGO;APOSTOL SANTIAGO - JORGE HIRMAS;0;;;UNIDIRECCIONAL;ASFALTO;BUENO;SECO;DESPEJADO;0;0;0;0
-7861295,945;-3965769,208;11893;2024;1624939;-33,529277;-70,619223;1;2024/07/09 00:00:00+00;1899/12/30 00:00:00+00;REGION METROPOLITANA;LA GRANJA;COLISION PERPENDICULAR;COLISION;URBANA;CRUCE SIN SENALIZACION;IMPRUDENCIA DEL CONDUCTOR;CONDUCCION NO ATENTO CONDICIONES TRANSITO MOMENTO;COMBARBALA;LOTA;COMBARBALA - LOTA;0;;;BIDIRECCIONAL CON BANDEJON;ASFALTO;BUENO;SECO;DESPEJADO;0;0;0;1
-7859280,505;-3971636,58;11894;2024;1626480;-33,573203;-70,601118;1;2024/07/13 00:00:00+00;1899/12/30 00:00:00+00;REGION METROPOLITANA;PUENTE ALTO;COLISION LATERAL;COLISION;URBANA;TRAMO DE VIA RECTA;IMPRUDENCIA DEL CONDUCTOR;CONDUCCION NO ATENTO CONDICIONES TRANSITO MOMENTO;BAHIA NAVIDAD;BAHIA INDIA;BAHIA INDIA - BAHIA NAVIDAD;0;;;BIDIRECCIONAL;CONCRETO;BUENO;SECO;DESPEJADO;0;0;0;0
-7874336,466;-4003066,774;11895;2024;1624944;-33,808124;-70,736368;1;2024/07/09 00:00:00+00;1899/12/30 00:00:00+00;REGION METROPOLITANA;PAINE;COLISION LATERAL;COLISION;RURAL;TRAMO DE VIA RECTA;IMPRUDENCIA DEL CONDUCTOR;CONDUCCION NO ATENTO CONDICIONES TRANSITO MOMENTO;AGUILA SUR;;- AGUILA SUR;41;;;BIDIRECCIONAL;ASFALTO;BUENO;SECO;DESPEJADO;0;0;0;0
-7869523,012;-3949731,761;11896;2024;1627791;-33,409099;-70,693128;1;2024/07/17 00:00:00+00;1899/12/30 00:00:00+00;REGION METROPOLITANA;RENCA;OTRO TIPO;OTRO TIPO;URBANA;TRAMO DE VIA RECTA;IMPRUDENCIA DEL CONDUCTOR;CONDUCCION NO ATENTO CONDICIONES TRANSITO MOMENTO;DOMINGO SANTA MARIA;LOS ACACIOS;DOMINGO SANTA MARIA - LOS ACACIOS;0;;;UNIDIRECCIONAL;ASFALTO;REGULAR;SECO;DESPEJADO;0;0;0;0
-7892179,868;-3976130,96;11897;2024;1626483;-33,606835;-70,896658;1;2024/07/12 00:00:00+00;1899/12/30 00:00:00+00;REGION METROPOLITANA;PENAFLOR;COLISION LATERAL;COLISION;URBANA;OTROS NO CONSIDERADOS;IMPRUDENCIA DEL CONDUCTOR;ADELANTAMIENTO SIN EFECTUAR LA SENAL RESPECTIVA;21 DE MAYO;IRARRAZAVAL;21 DE MAYO - IRARRAZAVAL;0;;;UNIDIRECCIONAL;CONCRETO;BUENO;SECO;DESPEJADO;0;0;0;0
-7866538,87;-3967676,451;11898;2024;1624957;-33,543558;-70,666321;1;2024/07/15 00:00:00+00;1899/12/30 00:00:00+00;REGION METROPOLITANA;LA CISTERNA;COLISION LATERAL;COLISION;URBANA;TRAMO DE VIA RECTA;IMPRUDENCIA DEL CONDUCTOR;CONDUCCION NO ATENTO CONDICIONES TRANSITO MOMENTO;GRAN AVDA JOSE MIGUEL CARRERA;;- GRAN AVDA JOSE MIGUEL CARRERA;9250;;;BIDIRECCIONAL CON BANDEJON;CONCRETO;BUENO;SECO;DESPEJADO;0;0;0;0
-7862854,417;-3953032,768;11899;2024;1627802;-33,433849;-70,633223;1;2024/07/19 00:00:00+00;1899/12/30 00:00:00+00;REGION METROPOLITANA;PROVIDENCIA;COLISION LATERAL;COLISION;URBANA;TRAMO DE VIA RECTA;ALCOHOL EN CONDUCTOR;CONDUCCION EN ESTADO DE EBRIEDAD;MALLINKRODT;;- MALLINKRODT;18;;;UNIDIRECCIONAL;ASFALTO;BUENO;HUMEDO;DESPEJADO;0;0;0;0
-7868873,128;-3974834,129;11900;2024;1626486;-33,597132;-70,68729;1;2024/07/17 00:00:00+00;1899/12/30 00:00:00+00;REGION METROPOLITANA;SAN BERNARDO;COLISION FRONTAL;COLISION;URBANA;CRUCE CON SENAL PARE;IMPRUDENCIA DEL CONDUCTOR;CONDUCCION NO ATENTO CONDICIONES TRANSITO MOMENTO;MARTIN DE SOLIS;;- MARTIN DE SOLIS;15203;;;BIDIRECCIONAL CON BANDEJON;CONCRETO;BUENO;SECO;DESPEJADO;0;0;0;0
-7856392,766;-3962747,725;11901;2024;1624974;-33,506648;-70,575177;1;2024/07/14 00:00:00+00;1899/12/30 00:00:00+00;REGION METROPOLITANA;PENALOLEN;ATROPELLO;ATROPELLO;URBANA;CRUCE CON SEMAFORO FUNCIONANDO;IMPRUDENCIA DEL CONDUCTOR;NO RESPETAR DERECHO PREFERENTE DE PASO A PEATON;LOS CEREZOS;SAN LUIS DE MACUL;LOS CEREZOS - SAN LUIS DE MACUL;0;;;BIDIRECCIONAL CON BANDEJON;CONCRETO;BUENO;SECO;DESPEJADO;0;0;0;2
-7867966,542;-3975116,925;11902;2024;1626488;-33,599248;-70,679146;1;2024/07/17 00:00:00+00;1899/12/30 00:00:00+00;REGION METROPOLITANA;SAN BERNARDO;COLISION LATERAL;COLISION;URBANA;TRAMO DE VIA RECTA;IMPRUDENCIA DEL CONDUCTOR;CONDUCCION NO ATENTO CONDICIONES TRANSITO MOMENTO;CONDELL;;- CONDELL;1160;;;BIDIRECCIONAL CON BANDEJON;CONCRETO;BUENO;SECO;DESPEJADO;0;0;0;0
-7888546,733;-3975300,96;11903;2024;1624986;-33,600625;-70,864021;1;2024/07/17 00:00:00+00;1899/12/30 00:00:00+00;REGION METROPOLITANA;PENAFLOR;COLISION POR ALCANCE;COLISION;URBANA;TRAMO DE VIA RECTA;IMPRUDENCIA DEL CONDUCTOR;ADELANTAMIENTO SIN EL ESPACIO O TIEMPO SUFICIENTE;MIRAFLORES;EL PORTAL;EL PORTAL - MIRAFLORES;0;;;BIDIRECCIONAL;ASFALTO;BUENO;SECO;DESPEJADO;0;0;0;0
-7861549,308;-3953746,576;11904;2024;1627804;-33,4392;-70,621499;1;2024/07/13 00:00:00+00;1899/12/30 00:00:00+00;REGION METROPOLITANA;PROVIDENCIA;COLISION FRONTAL;COLISION;URBANA;CRUCE CON SEMAFORO FUNCIONANDO;ALCOHOL EN CONDUCTOR;CONDUCCION EN ESTADO DE EBRIEDAD;JOSE MANUEL INFANTE;ALFEREZ REAL;ALFEREZ REAL - JOSE MANUEL INFANTE;0;;;UNIDIRECCIONAL;ASFALTO;BUENO;HUMEDO;DESPEJADO;0;0;0;0
-7869628,876;-3972421,554;11905;2024;1626489;-33,579078;-70,694079;1;2024/06/30 00:00:00+00;1899/12/30 00:00:00+00;REGION METROPOLITANA;SAN BERNARDO;COLISION POR ALCANCE;COLISION;URBANA;CRUCE CON SEMAFORO FUNCIONANDO;DESOBEDIENCIA A SENALIZACION;SENALIZACION DESOBEDECER LUZ ROJA DE SEMAFORO;GRAN AVDA JOSE MIGUEL CARRERA;CALDERON DE LA BARCA;CALDERON DE LA BARCA - GRAN AVDA JOSE MIGUEL CARRERA;0;;;BIDIRECCIONAL CON BANDEJON;CONCRETO;BUENO;SECO;DESPEJADO;0;0;0;0
-7867651,954;-3964686,516;11906;2024;1624993;-33,521169;-70,67632;1;2024/07/16 00:00:00+00;1899/12/30 00:00:00+00;REGION METROPOLITANA;LA CISTERNA;CHOQUE FRONTAL;CHOQUE;URBANA;CRUCE CON SEMAFORO FUNCIONANDO;VELOCIDAD IMPRUDENTE;VELOCIDAD NO RAZONABLE NI PRUDENTE;JOSE JOAQUIN PRIETO VIAL;EL PARRON;EL PARRON - JOSE JOAQUIN PRIETO VIAL;0;;;UNIDIRECCIONAL;CONCRETO;BUENO;SECO;DESPEJADO;0;0;0;0
-7862872,34;-3954288,331;11907;2024;1627805;-33,443261;-70,633384;1;2024/07/06 00:00:00+00;1899/12/30 00:00:00+00;REGION METROPOLITANA;PROVIDENCIA;CHOQUE FRONTAL;CHOQUE;URBANA;ACERA O BERMA;ALCOHOL EN CONDUCTOR;CONDUCCION EN ESTADO DE EBRIEDAD;FRANCISCO BILBAO;VICUNA MACKENNA;FRANCISCO BILBAO - VICUNA MACKENNA;0;;;UNIDIRECCIONAL;ASFALTO;BUENO;SECO;DESPEJADO;0;0;0;1
-7867729,209;-3973097,81;11908;2024;1626491;-33,584139;-70,677014;1;2024/07/17 00:00:00+00;1899/12/30 00:00:00+00;REGION METROPOLITANA;SAN BERNARDO;COLISION FRONTAL;COLISION;URBANA;CRUCE CON SEMAFORO FUNCIONANDO;IMPRUDENCIA DEL CONDUCTOR;VIRAJES INDEBIDOS;PADRE HURTADO;;- PADRE HURTADO;13560;;;BIDIRECCIONAL CON BANDEJON;CONCRETO;BUENO;SECO;DESPEJADO;0;0;0;0
-7866565,921;-3967671,51;11909;2024;1625004;-33,543521;-70,666564;1;2024/07/17 00:00:00+00;1899/12/30 00:00:00+00;REGION METROPOLITANA;LA CISTERNA;ATROPELLO;ATROPELLO;URBANA;CRUCE CON SEMAFORO FUNCIONANDO;IMPRUDENCIA DEL PEATON;PEATON CRUZA CALZADA FORMA SORPRESIVA O DESCUIDADA;GRAN AVDA JOSE MIGUEL CARRERA;TRINIDAD RAMIREZ;GRAN AVDA JOSE MIGUEL CARRERA - TRINIDAD RAMIREZ;0;;;BIDIRECCIONAL CON BANDEJON;CONCRETO;BUENO;SECO;DESPEJADO;0;0;0;0
-7853998,952;-3947671,209;11910;2024;1627806;-33,393646;-70,553673;1;2024/07/10 00:00:00+00;1899/12/30 00:00:00+00;REGION METROPOLITANA;LAS CONDES;COLISION LATERAL;COLISION;URBANA;CRUCE CON SENAL CEDA EL PASO;IMPRUDENCIA DEL CONDUCTOR;CONDUCCION NO ATENTO CONDICIONES TRANSITO MOMENTO;LAS TRANQUERAS;HNOS CABOT;HNOS CABOT - LAS TRANQUERAS;0;;;BIDIRECCIONAL;ASFALTO;BUENO;SECO;DESPEJADO;0;1;0;0
-7870873,874;-3974782,007;11911;2024;1626494;-33,596742;-70,705263;1;2024/07/18 00:00:00+00;1899/12/30 00:00:00+00;REGION METROPOLITANA;SAN BERNARDO;CHOQUE LADO/LADO;CHOQUE;URBANA;CRUCE CON SEMAFORO FUNCIONANDO;IMPRUDENCIA DEL CONDUCTOR;CONDUCCION NO ATENTO CONDICIONES TRANSITO MOMENTO;FREIRE;SAN JOSE;FREIRE - SAN JOSE;0;;;UNIDIRECCIONAL;CONCRETO;BUENO;SECO;DESPEJADO;0;0;0;0
-7866754,496;-3967897,232;11912;2024;1625009;-33,545211;-70,668258;1;2024/07/18 00:00:00+00;1899/12/30 00:00:00+00;REGION METROPOLITANA;LA CISTERNA;COLISION LATERAL;COLISION;URBANA;TRAMO DE VIA RECTA;IMPRUDENCIA DEL CONDUCTOR;VIRAJES INDEBIDOS;GRAN AVDA JOSE MIGUEL CARRERA;;- GRAN AVDA JOSE MIGUEL CARRERA;9487;;;BIDIRECCIONAL CON BANDEJON;CONCRETO;BUENO;SECO;DESPEJADO;0;0;0;0
-7864552,485;-3976481,689;11913;2024;1626514;-33,609459;-70,648477;1;2024/07/16 00:00:00+00;1899/12/30 00:00:00+00;REGION METROPOLITANA;LA PINTANA;COLISION POR ALCANCE;COLISION;URBANA;CRUCE CON SENAL PARE;IMPRUDENCIA DEL CONDUCTOR;CONDUCCION NO ATENTO CONDICIONES TRANSITO MOMENTO;CAMINO EL MARISCAL;GRANEROS;CAMINO EL MARISCAL - GRANEROS;0;;;BIDIRECCIONAL;CONCRETO;BUENO;SECO;DESPEJADO;0;0;0;0
-7864929,858;-3966236,074;11914;2024;1625012;-33,532773;-70,651867;1;2024/07/18 00:00:00+00;1899/12/30 00:00:00+00;REGION METROPOLITANA;LA CISTERNA;CHOQUE FRENTE/FRENTE;CHOQUE;URBANA;TRAMO DE VIA RECTA;IMPRUDENCIA DEL CONDUCTOR;CONDUCCION NO ATENTO CONDICIONES TRANSITO MOMENTO;VICTORIA;;- VICTORIA;8161;;;BIDIRECCIONAL;CONCRETO;BUENO;SECO;DESPEJADO;0;0;0;0
-7887807,795;-3976578,195;11915;2024;1626515;-33,610181;-70,857383;1;2024/07/13 00:00:00+00;1899/12/30 00:00:00+00;REGION METROPOLITANA;PENAFLOR;COLISION;COLISION;URBANA;VIA PRIVADA DE USO PUBLICO;IMPRUDENCIA DEL CONDUCTOR;CONDUCCION NO ATENTO CONDICIONES TRANSITO MOMENTO;BALMACEDA;;- BALMACEDA;972;;;BIDIRECCIONAL;CONCRETO;BUENO;SECO;DESPEJADO;0;0;0;0
-7861743,894;-3954939,912;11916;2024;1627807;-33,448145;-70,623247;1;2024/07/05 00:00:00+00;1899/12/30 00:00:00+00;REGION METROPOLITANA;PROVIDENCIA;COLISION FRONTAL;COLISION;URBANA;CRUCE CON SEMAFORO FUNCIONANDO;ALCOHOL EN CONDUCTOR;CONDUCCION EN ESTADO DE EBRIEDAD;CAUPOLICAN;TEGUALDA;CAUPOLICAN - TEGUALDA;0;;;UNIDIRECCIONAL;ASFALTO;BUENO;SECO;DESPEJADO;0;0;0;2
-7866108,954;-3965866,693;11917;2024;1625013;-33,530007;-70,662459;1;2024/07/18 00:00:00+00;1899/12/30 00:00:00+00;REGION METROPOLITANA;LA CISTERNA;CHOQUE FRENTE/POSTERIOR;CHOQUE;URBANA;CRUCE CON SEMAFORO FUNCIONANDO;IMPRUDENCIA DEL CONDUCTOR;CONDUCCION NO ATENTO CONDICIONES TRANSITO MOMENTO;GRAN AVDA JOSE MIGUEL CARRERA;VICTORIA;GRAN AVDA JOSE MIGUEL CARRERA - VICTORIA;0;;;UNIDIRECCIONAL;CONCRETO;BUENO;SECO;DESPEJADO;0;0;0;1
-7877381,388;-3928396,454;11918;2024;1626520;-33,248963;-70,763721;1;2024/07/13 00:00:00+00;1899/12/30 00:00:00+00;REGION METROPOLITANA;LAMPA;COLISION LATERAL;COLISION;URBANA;CRUCE CON SENAL PARE;IMPRUDENCIA DEL CONDUCTOR;CONDUCCION NO ATENTO CONDICIONES TRANSITO MOMENTO;STA ROSA;CAMINO 1;CAMINO 1 - STA ROSA;0;;;BIDIRECCIONAL;ASFALTO;BUENO;SECO;DESPEJADO;0;0;0;0
-7861866,234;-3954658,143;11919;2024;1627808;-33,446033;-70,624346;1;2024/06/30 00:00:00+00;1899/12/30 00:00:00+00;REGION METROPOLITANA;PROVIDENCIA;COLISION FRONTAL;COLISION;URBANA;TRAMO DE VIA RECTA;ALCOHOL EN CONDUCTOR;CONDUCCION EN ESTADO DE EBRIEDAD;GIRARDI;STA ISABEL;GIRARDI - STA ISABEL;0;;;UNIDIRECCIONAL;ASFALTO;BUENO;SECO;DESPEJADO;0;0;0;0
-7870992,954;-3954021,176;11920;2024;1625023;-33,441258;-70,706333;1;2024/07/17 00:00:00+00;1899/12/30 00:00:00+00;REGION METROPOLITANA;QUINTA NORMAL;COLISION LATERAL;COLISION;URBANA;CRUCE CON SEMAFORO FUNCIONANDO;IMPRUDENCIA DEL CONDUCTOR;CONDUCCION NO ATENTO CONDICIONES TRANSITO MOMENTO;SAN PABLO;TADEO VARGAS;SAN PABLO - TADEO VARGAS;0;;;BIDIRECCIONAL;CONCRETO;MALO;SECO;DESPEJADO;0;0;0;1