ï»¿X;Y;FID;AÃ±o;IdAccident;Latitud;longitud;ClaseAccid;Fecha;Hora;RegiÃ³n;Comuna;Tipo_Accid;Tipo__CONA;Zona;UbicaciÃ³n;Causa__CON;Causa_Acci;Calle_Uno;Calle_Dos;Intersecci;NÃºmero;Ruta;Ubicaci_1;Calzada;Tipo_Calza;Estado_Cal;CondiciÃ³n;Estado_Atm;Fallecidos;Graves;Menos_Grav;Leves
-7861468,156;-3966903,153;12072;2024;1637347;-33,537768;-70,62077;1;2024/09/02 00:00:00+00;1899/12/30 00:00:00+00;REGION METROPOLITANA;LA GRANJA;COLISION FRONTAL;COLISION;URBANA;CRUCE CON SEMAFORO FUNCIONANDO;IMPRUDENCIA DEL CONDUCTOR;CONDUCCION NO ATENTO CONDICIONES TRANSITO MOMENTO;CORONEL;SAN GREGORIO;CORONEL - SAN GREGORIO;0;;;BIDIRECCIONAL;ASFALTO;BUENO;SECO;DESPEJADO;0;0;0;0
-7862561,313;-3959311,814;12073;2024;1637348;-33,480908;-70,63059;1;2024/09/09 00:00:00+00;1899/12/30 00:00:00+00;REGION METROPOLITANA;SAN JOAQUIN;COLISION POR ALCANCE;COLISION;URBANA;TRAMO DE VIA RECTA;IMPRUDENCIA DEL CONDUCTOR;CONDUCCION NO ATENTO CONDICIONES TRANSITO MOMENTO;LAS INDUSTRIAS;ISABEL RIQUELME;ISABEL RIQUELME - LAS INDUSTRIAS;0;;;UNIDIRECCIONAL;CONCRETO;BUENO;SECO;DESPEJADO;0;0;0;0
-7861412,385;-3959907,619;12074;2024;1637350;-33,485372;-70,620269;1;2024/09/09 00:00:00+00;1899/12/30 00:00:00+00;REGION METROPOLITANA;SAN JOAQUIN;COLISION LATERAL;COLISION;URBANA;CRUCE CON SEMAFORO FUNCIONANDO;IMPRUDENCIA DEL CONDUCTOR;CONDUCCION NO ATENTO CONDICIONES TRANSITO MOMENTO;ISABEL RIQUELME;VICUNA MACKENNA;ISABEL RIQUELME - VICUNA MACKENNA;0;;;BIDIRECCIONAL CON BANDEJON;CONCRETO;BUENO;SECO;DESPEJADO;0;0;0;0
-7860992,376;-3969403,94;12075;2024;1637351;-33,556491;-70,616496;1;2024/09/02 00:00:00+00;1899/12/30 00:00:00+00;REGION METROPOLITANA;LA GRANJA;COLISION LATERAL;COLISION;URBANA;CRUCE CON SEMAFORO FUNCIONANDO;DESOBEDIENCIA A SENALIZACION;SENALIZACION DESOBEDECER LUZ ROJA DE SEMAFORO;LA SERENA;CENTRAL;CENTRAL - LA SERENA;0;;;BIDIRECCIONAL;ASFALTO;BUENO;SECO;DESPEJADO;0;0;0;0
-7856526,35;-3957681,648;12076;2024;1637353;-33,468693;-70,576377;1;2024/09/08 00:00:00+00;1899/12/30 00:00:00+00;REGION METROPOLITANA;LA CISTERNA;COLISION POR ALCANCE;COLISION;URBANA;CRUCE CON SENAL CEDA EL PASO;IMPRUDENCIA DEL CONDUCTOR;NO RESPETAR DERECHO PREFERENTE DE PASO A VEHICULO;AMERICO VESPUCIO;AUTOPISTA VESPUCIO SUR;AMERICO VESPUCIO - AUTOPISTA VESPUCIO SUR;0;;;UNIDIRECCIONAL;CONCRETO;REGULAR;SECO;DESPEJADO;0;0;0;0
-7860940,39;-3967321,449;12077;2024;1637354;-33,5409;-70,616029;1;2024/04/02 00:00:00+00;1899/12/30 00:00:00+00;REGION METROPOLITANA;LA GRANJA;CHOQUE FRENTE/LADO;CHOQUE;URBANA;TRAMO DE VIA RECTA;IMPRUDENCIA DEL CONDUCTOR;CONDUCCION NO ATENTO CONDICIONES TRANSITO MOMENTO;AMERICO VESPUCIO;CORONEL;AMERICO VESPUCIO - CORONEL;0;;;UNIDIRECCIONAL;ASFALTO;BUENO;SECO;DESPEJADO;0;0;0;0
-7866357,642;-3966866,693;12078;2024;1637355;-33,537495;-70,664693;1;2024/09/04 00:00:00+00;1899/12/30 00:00:00+00;REGION METROPOLITANA;LA CISTERNA;COLISION LATERAL;COLISION;URBANA;CRUCE CON SEMAFORO FUNCIONANDO;DESOBEDIENCIA A SENALIZACION;SENALIZACION DESOBEDECER LUZ ROJA DE SEMAFORO;GRAN AVDA JOSE MIGUEL CARRERA;AMERICO VESPUCIO;AMERICO VESPUCIO - GRAN AVDA JOSE MIGUEL CARRERA;0;;;UNIDIRECCIONAL;ASFALTO;BUENO;SECO;DESPEJADO;0;0;0;0
-7863502,631;-3962394,343;12079;2024;1637356;-33,504001;-70,639046;1;2024/09/10 00:00:00+00;1899/12/30 00:00:00+00;REGION METROPOLITANA;SAN JOAQUIN;COLISION PERPENDICULAR;COLISION;URBANA;CRUCE CON SEMAFORO FUNCIONANDO;IMPRUDENCIA DEL CONDUCTOR;CONDUCCION NO ATENTO CONDICIONES TRANSITO MOMENTO;STA ROSA;PIRAMIDE;PIRAMIDE - STA ROSA;0;;;BIDIRECCIONAL CON BANDEJON;CONCRETO;BUENO;SECO;DESPEJADO;0;0;0;0
-7862570,441;-3969758,205;12080;2024;1637357;-33,559143;-70,630672;1;2024/09/04 00:00:00+00;1899/12/30 00:00:00+00;REGION METROPOLITANA;LA GRANJA;COLISION POR ALCANCE;COLISION;URBANA;CRUCE CON SENAL PARE;IMPRUDENCIA DEL CONDUCTOR;CONDUCCION NO ATENTO CONDICIONES TRANSITO MOMENTO;LAS TRANQUERAS;STA ROSA;LAS TRANQUERAS - STA ROSA;0;;;BIDIRECCIONAL;ASFALTO;BUENO;SECO;DESPEJADO;0;0;0;0
-7860645,616;-3963019,545;12081;2024;1637359;-33,508684;-70,613381;1;2024/09/11 00:00:00+00;1899/12/30 00:00:00+00;REGION METROPOLITANA;SAN JOAQUIN;COLISION PERPENDICULAR;COLISION;URBANA;TRAMO DE VIA RECTA;DESOBEDIENCIA A SENALIZACION;SENALIZACION DESOBEDECER LUZ ROJA DE SEMAFORO;DEPARTAMENTAL;VICUNA MACKENNA;DEPARTAMENTAL - VICUNA MACKENNA;0;;;BIDIRECCIONAL CON BANDEJON;CONCRETO;BUENO;SECO;DESPEJADO;0;0;0;0
-7863572,428;-3961228,003;12082;2024;1637360;-33,495264;-70,639673;1;2024/09/11 00:00:00+00;1899/12/30 00:00:00+00;REGION METROPOLITANA;SAN JOAQUIN;COLISION LATERAL;COLISION;URBANA;TRAMO DE VIA RECTA;IMPRUDENCIA DEL CONDUCTOR;ADELANTAMIENTO SIN EL ESPACIO O TIEMPO SUFICIENTE;PDTE SALVADOR ALLENDE;STA ROSA;PDTE SALVADOR ALLENDE - STA ROSA;0;;;BIDIRECCIONAL CON BANDEJON;CONCRETO;BUENO;SECO;DESPEJADO;0;0;0;0
-7858679,269;-3974312,39;12083;2024;1637361;-33,593228;-70,595717;1;2024/09/02 00:00:00+00;1899/12/30 00:00:00+00;REGION METROPOLITANA;PUENTE ALTO;COLISION LATERAL;COLISION;URBANA;TRAMO DE VIA RECTA;IMPRUDENCIA DEL CONDUCTOR;CONDUCCION NO ATENTO CONDICIONES TRANSITO MOMENTO;EJERCITO LIBERTADOR;LA PRIMAVERA;EJERCITO LIBERTADOR - LA PRIMAVERA;0;;;BIDIRECCIONAL;CONCRETO;BUENO;SECO;DESPEJADO;0;0;0;0
-7860063,304;-3962080,486;12084;2024;1632671;-33,50165;-70,60815;1;2024/08/17 00:00:00+00;1899/12/30 00:00:00+00;REGION METROPOLITANA;MACUL;VOLCADURA;VOLCADURA;URBANA;TRAMO DE VIA RECTA;ALCOHOL EN CONDUCTOR;CONDUCCION EN ESTADO DE EBRIEDAD;DEPARTAMENTAL;BENITO REBOLLEDO;BENITO REBOLLEDO - DEPARTAMENTAL;0;;;BIDIRECCIONAL;ASFALTO;BUENO;SECO;DESPEJADO;0;1;0;0
-7860645,616;-3963019,545;12085;2024;1637363;-33,508684;-70,613381;1;2024/09/04 00:00:00+00;1899/12/30 00:00:00+00;REGION METROPOLITANA;LA FLORIDA;COLISION POR ALCANCE;COLISION;URBANA;CRUCE CON SEMAFORO FUNCIONANDO;IMPRUDENCIA DEL CONDUCTOR;CONDUCCION NO ATENTO CONDICIONES TRANSITO MOMENTO;VICUNA MACKENNA;DEPARTAMENTAL;DEPARTAMENTAL - VICUNA MACKENNA;0;;;UNIDIRECCIONAL;ASFALTO;BUENO;SECO;DESPEJADO;0;0;0;0
-7867211,462;-3972010,288;12086;2024;1637365;-33,576;-70,672363;1;2024/09/15 00:00:00+00;1899/12/30 00:00:00+00;REGION METROPOLITANA;EL BOSQUE;CHOQUE FRENTE/LADO;CHOQUE;URBANA;TRAMO DE VIA RECTA;IMPRUDENCIA DEL CONDUCTOR;CONDUCCION NO ATENTO CONDICIONES TRANSITO MOMENTO;PENUELAS;;- PENUELAS;12124;;;BIDIRECCIONAL;CONCRETO;BUENO;SECO;DESPEJADO;0;0;0;0
-7862334,333;-3961345,206;12087;2024;1637367;-33,496142;-70,628551;1;2024/09/11 00:00:00+00;1899/12/30 00:00:00+00;REGION METROPOLITANA;SAN JOAQUIN;COLISION PERPENDICULAR;COLISION;URBANA;CRUCE CON SEMAFORO FUNCIONANDO;IMPRUDENCIA DEL CONDUCTOR;VIRAJES INDEBIDOS;PDTE SALVADOR ALLENDE;LAS INDUSTRIAS;LAS INDUSTRIAS - PDTE SALVADOR ALLENDE;0;;;BIDIRECCIONAL CON BANDEJON;CONCRETO;BUENO;SECO;DESPEJADO;0;0;0;1
-7862122,269;-3968588,85;12088;2024;1637369;-33,550389;-70,626646;1;2024/09/15 00:00:00+00;1899/12/30 00:00:00+00;REGION METROPOLITANA;LA GRANJA;ATROPELLO;ATROPELLO;URBANA;TRAMO DE VIA RECTA;IMPRUDENCIA DEL PEATON;PEATON CRUZA CALZADA FORMA SORPRESIVA O DESCUIDADA;CREPUSCULARIO;;- CREPUSCULARIO;9981;;;UNIDIRECCIONAL;ASFALTO;BUENO;SECO;NUBLADO;0;0;1;1
-7862429,622;-3959784,959;12089;2024;1637370;-33,484453;-70,629407;1;2024/09/12 00:00:00+00;1899/12/30 00:00:00+00;REGION METROPOLITANA;SAN JOAQUIN;COLISION POR ALCANCE;COLISION;URBANA;TRAMO DE VIA RECTA;IMPRUDENCIA DEL CONDUCTOR;CONDUCCION NO ATENTO CONDICIONES TRANSITO MOMENTO;LAS INDUSTRIAS;ALC CARLOS VALDOVINOS;ALC CARLOS VALDOVINOS - LAS INDUSTRIAS;0;;;BIDIRECCIONAL CON BANDEJON;CONCRETO;BUENO;SECO;DESPEJADO;0;0;0;0
-7866189,772;-3969361,194;12090;2024;1637371;-33,556171;-70,663185;1;2024/09/15 00:00:00+00;1899/12/30 00:00:00+00;REGION METROPOLITANA;EL BOSQUE;CHOQUE FRENTE/POSTERIOR;CHOQUE;URBANA;TRAMO DE VIA RECTA;IMPRUDENCIA DEL CONDUCTOR;CONDUCCION NO ATENTO CONDICIONES TRANSITO MOMENTO;ALEJANDRO GUZMAN;;- ALEJANDRO GUZMAN;972;;;BIDIRECCIONAL;CONCRETO;BUENO;SECO;DESPEJADO;0;0;0;0
-7862581,573;-3959296,866;12091;2024;1637372;-33,480796;-70,630772;1;2024/09/12 00:00:00+00;1899/12/30 00:00:00+00;REGION METROPOLITANA;SAN JOAQUIN;COLISION LATERAL;COLISION;URBANA;CRUCE CON SEMAFORO FUNCIONANDO;IMPRUDENCIA DEL CONDUCTOR;CONDUCCION NO ATENTO CONDICIONES TRANSITO MOMENTO;CARMEN;ISABEL RIQUELME;CARMEN - ISABEL RIQUELME;0;;;UNIDIRECCIONAL;CONCRETO;BUENO;SECO;DESPEJADO;0;0;0;1
-7861208,559;-3968396,641;12092;2024;1637373;-33,54895;-70,618438;1;2024/09/05 00:00:00+00;1899/12/30 00:00:00+00;REGION METROPOLITANA;LA GRANJA;COLISION LATERAL;COLISION;URBANA;CRUCE SIN SENALIZACION;IMPRUDENCIA DEL CONDUCTOR;CONDUCCION NO ATENTO CONDICIONES TRANSITO MOMENTO;LA SERENA;MANUEL PLAZA;LA SERENA - MANUEL PLAZA;0;;;BIDIRECCIONAL CON BANDEJON;ASFALTO;BUENO;SECO;DESPEJADO;0;0;0;1
-7861919,222;-3960946,214;12093;2024;1637375;-33,493153;-70,624822;1;2024/09/13 00:00:00+00;1899/12/30 00:00:00+00;REGION METROPOLITANA;SAN JOAQUIN;ATROPELLO;ATROPELLO;URBANA;TRAMO DE VIA RECTA;ALCOHOL EN PEATON;EBRIEDAD DEL PEATON;COMERCIO;RIO PALENA;COMERCIO - RIO PALENA;0;;;BIDIRECCIONAL;ASFALTO;BUENO;SECO;DESPEJADO;0;0;0;1
-7861774,73;-3969638,245;12094;2024;1637377;-33,558245;-70,623524;1;2024/09/05 00:00:00+00;1899/12/30 00:00:00+00;REGION METROPOLITANA;LA GRANJA;COLISION LATERAL;COLISION;URBANA;CRUCE CON SENAL PARE;DESOBEDIENCIA A SENALIZACION;SENALIZACION DESOBEDECER SENAL PARE;STO TOMAS;JOAQUIN EDWARDS BELLO;JOAQUIN EDWARDS BELLO - STO TOMAS;0;;;BIDIRECCIONAL CON BANDEJON;ASFALTO;BUENO;SECO;DESPEJADO;0;0;0;0
-7867746,352;-3969440,141;12095;2024;1637378;-33,556762;-70,677168;1;2024/09/16 00:00:00+00;1899/12/30 00:00:00+00;REGION METROPOLITANA;EL BOSQUE;CHOQUE FRONTAL;CHOQUE;URBANA;TRAMO DE VIA RECTA;DROGAS Y/O FATIGA EN CONDUCTOR;CONDICIONES FISICAS DEFICIENTES (CANSANCIO, SUENO);GRAN AVDA JOSE MIGUEL CARRERA;LAS ARAUCARIAS;GRAN AVDA JOSE MIGUEL CARRERA - LAS ARAUCARIAS;0;;;BIDIRECCIONAL CON BANDEJON;CONCRETO;BUENO;SECO;DESPEJADO;0;0;0;0
-7861372,532;-3969511,875;12096;2024;1637380;-33,557299;-70,619911;1;2024/09/06 00:00:00+00;1899/12/30 00:00:00+00;REGION METROPOLITANA;LA PINTANA;COLISION LATERAL;COLISION;URBANA;CRUCE SIN SENALIZACION;DESOBEDIENCIA A SENALIZACION;SENALIZACION DESOBEDECER SENAL PARE;LAS PARCELAS;STO TOMAS;LAS PARCELAS - STO TOMAS;0;;;BIDIRECCIONAL;ASFALTO;BUENO;SECO;DESPEJADO;0;0;0;0
-7855224,58;-3972025,653;12097;2024;1637382;-33,576115;-70,564683;1;2024/09/06 00:00:00+00;1899/12/30 00:00:00+00;REGION METROPOLITANA;PUENTE ALTO;CAIDA;CAIDA;URBANA;TRAMO DE VIA RECTA;IMPRUDENCIA DEL CONDUCTOR;CONDUCCION NO ATENTO CONDICIONES TRANSITO MOMENTO;MEXICO;GABRIELA ORIENTE;GABRIELA ORIENTE - MEXICO;0;;;BIDIRECCIONAL;CONCRETO;BUENO;SECO;DESPEJADO;0;1;0;0
-7865677,591;-3952205,094;12098;2024;1637388;-33,427644;-70,658584;1;2024/09/13 00:00:00+00;1899/12/30 00:00:00+00;REGION METROPOLITANA;INDEPENDENCIA;COLISION PERPENDICULAR;COLISION;URBANA;CRUCE CON SENAL CEDA EL PASO;DESOBEDIENCIA A SENALIZACION;SENALIZACION DESOBEDECER SENAL CEDA EL PASO;ESCANILLA;ANIBAL PINTO;ANIBAL PINTO - ESCANILLA;0;;;UNIDIRECCIONAL;ASFALTO;BUENO;SECO;DESPEJADO;0;0;0;0
-7859039,61;-3949554,4;12099;2024;1637389;-33,407769;-70,598954;1;2024/08/06 00:00:00+00;1899/12/30 00:00:00+00;REGION METROPOLITANA;VITACURA;COLISION POR ALCANCE;COLISION;URBANA;TRAMO DE VIA RECTA;IMPRUDENCIA DEL CONDUCTOR;CONDUCCION SIN MANTENER DISTANCIA RAZONABLE NI PRUDENTE;PDTE KENNEDY;;- PDTE KENNEDY;2700;;;BIDIRECCIONAL CON BANDEJON;ASFALTO;BUENO;MOJADO;NUBLADO;0;0;0;3
-7870655,353;-3979005,01;12100;2024;1637390;-33,628335;-70,7033;1;2024/09/16 00:00:00+00;1899/12/30 00:00:00+00;REGION METROPOLITANA;SAN BERNARDO;COLISION POR ALCANCE;COLISION;URBANA;CRUCE SIN SENALIZACION;IMPRUDENCIA DEL CONDUCTOR;CONDUCCION SIN MANTENER DISTANCIA RAZONABLE NI PRUDENTE;PORTALES;SALITRE;PORTALES - SALITRE;0;;;BIDIRECCIONAL;ASFALTO;BUENO;SECO;DESPEJADO;0;0;1;0
-7860478,526;-3965681,74;12101;2024;1637391;-33,528622;-70,61188;1;2024/09/06 00:00:00+00;1899/12/30 00:00:00+00;REGION METROPOLITANA;LA GRANJA;COLISION POR ALCANCE;COLISION;URBANA;CRUCE CON SENAL CEDA EL PASO;IMPRUDENCIA DEL CONDUCTOR;CONDUCCION NO ATENTO CONDICIONES TRANSITO MOMENTO;COMBARBALA;PTO VARAS;COMBARBALA - PTO VARAS;0;;;BIDIRECCIONAL;ASFALTO;BUENO;SECO;DESPEJADO;0;0;0;0
-7862600,72;-3969610,727;12102;2024;1637394;-33,558039;-70,630944;1;2024/09/07 00:00:00+00;1899/12/30 00:00:00+00;REGION METROPOLITANA;LA GRANJA;CHOQUE FRONTAL;CHOQUE;URBANA;TRAMO DE VIA RECTA;IMPRUDENCIA DEL CONDUCTOR;CONDUCCION NO ATENTO CONDICIONES TRANSITO MOMENTO;SOFIA CARMONA;STA ROSA;SOFIA CARMONA - STA ROSA;0;;;BIDIRECCIONAL CON BANDEJON;ASFALTO;BUENO;SECO;DESPEJADO;0;0;0;0
-7864940,099;-3967935,966;12103;2024;1637403;-33,545501;-70,651959;1;2024/09/16 00:00:00+00;1899/12/30 00:00:00+00;REGION METROPOLITANA;SAN RAMON;COLISION;COLISION;URBANA;CRUCE CON SENAL PARE;DESOBEDIENCIA A SENALIZACION;SENALIZACION DESOBEDECER SENAL PARE;QUINTIN ROMERO;SAN FRANCISCO;QUINTIN ROMERO - SAN FRANCISCO;0;;;BIDIRECCIONAL;ASFALTO;BUENO;SECO;DESPEJADO;0;0;0;1
-7859358,985;-3969063,31;12104;2024;1637405;-33,553941;-70,601823;1;2024/09/07 00:00:00+00;1899/12/30 00:00:00+00;REGION METROPOLITANA;LA FLORIDA;COLISION LATERAL;COLISION;URBANA;TRAMO DE VIA RECTA;IMPRUDENCIA DEL CONDUCTOR;CONDUCCION NO ATENTO CONDICIONES TRANSITO MOMENTO;SAN JOSE DE LA ESTRELLA;STA RAQUEL;SAN JOSE DE LA ESTRELLA - STA RAQUEL;0;;;BIDIRECCIONAL;CONCRETO;BUENO;SECO;DESPEJADO;0;0;0;0
-7865334,284;-3951439,731;12105;2024;1637408;-33,421906;-70,6555;1;2024/09/14 00:00:00+00;1899/12/30 00:00:00+00;REGION METROPOLITANA;INDEPENDENCIA;COLISION LATERAL;COLISION;URBANA;CRUCE CON SEMAFORO FUNCIONANDO;ALCOHOL EN CONDUCTOR;CONDUCCION EN ESTADO DE EBRIEDAD;INDEPENDENCIA;COLON;COLON - INDEPENDENCIA;0;;;BIDIRECCIONAL;CONCRETO;BUENO;SECO;DESPEJADO;0;0;0;0
-7857223,655;-3971749,48;12106;2024;1637423;-33,574048;-70,582641;1;2024/09/07 00:00:00+00;1899/12/30 00:00:00+00;REGION METROPOLITANA;PUENTE ALTO;COLISION LATERAL;COLISION;URBANA;TRAMO DE VIA RECTA;IMPRUDENCIA DEL CONDUCTOR;CONDUCCION NO ATENTO CONDICIONES TRANSITO MOMENTO;CONCHA Y TORO;CANAL TRONCAL SAN FRANCISCO;CANAL TRONCAL SAN FRANCISCO - CONCHA Y TORO;0;;;BIDIRECCIONAL;CONCRETO;BUENO;SECO;DESPEJADO;0;0;0;0
-7855691,12;-3959154,726;12107;2024;1637428;-33,479731;-70,568874;1;2024/09/10 00:00:00+00;1899/12/30 00:00:00+00;REGION METROPOLITANA;PENALOLEN;CHOQUE POSTERIOR/FRENTE;CHOQUE;URBANA;CRUCE SIN SENALIZACION;IMPRUDENCIA DEL CONDUCTOR;CONDUCIR VEHICULO EN RETROCESO;CALI;AFLUENTE;AFLUENTE - CALI;0;;;BIDIRECCIONAL;ASFALTO;REGULAR;SECO;DESPEJADO;0;0;0;0
-7862965,292;-3967313,702;12108;2024;1637431;-33,540842;-70,634219;1;2024/09/08 00:00:00+00;1899/12/30 00:00:00+00;REGION METROPOLITANA;LA GRANJA;COLISION POR ALCANCE;COLISION;URBANA;TRAMO DE VIA RECTA;IMPRUDENCIA DEL CONDUCTOR;CONDUCCION NO ATENTO CONDICIONES TRANSITO MOMENTO;STA ROSA;IGNACIO SERRANO;IGNACIO SERRANO - STA ROSA;0;;;BIDIRECCIONAL CON BANDEJON;ASFALTO;BUENO;SECO;DESPEJADO;0;0;0;0
-7861834,842;-3969379,761;12109;2024;1637435;-33,55631;-70,624064;1;2024/09/08 00:00:00+00;1899/12/30 00:00:00+00;REGION METROPOLITANA;LA GRANJA;COLISION LATERAL;COLISION;URBANA;CRUCE CON SEMAFORO FUNCIONANDO;DESOBEDIENCIA A SENALIZACION;SENALIZACION DESOBEDECER LUZ ROJA DE SEMAFORO;SOFIA CARMONA;SAN JOSE DE LA ESTRELLA;SAN JOSE DE LA ESTRELLA - SOFIA CARMONA;0;;;BIDIRECCIONAL;ASFALTO;BUENO;SECO;DESPEJADO;0;0;0;0
-7866249,773;-3966569,809;12110;2024;1637438;-33,535272;-70,663724;1;2024/09/10 00:00:00+00;1899/12/30 00:00:00+00;REGION METROPOLITANA;LA CISTERNA;COLISION LATERAL;COLISION;URBANA;CRUCE CON SEMAFORO FUNCIONANDO;IMPRUDENCIA DEL CONDUCTOR;CONDUCCION NO ATENTO CONDICIONES TRANSITO MOMENTO;GRAN AVDA JOSE MIGUEL CARRERA;PEDRO AGUIRRE CERDA;GRAN AVDA JOSE MIGUEL CARRERA - PEDRO AGUIRRE CERDA;0;;;BIDIRECCIONAL CON BANDEJON;ASFALTO;BUENO;SECO;DESPEJADO;0;0;0;0
-7860259,115;-3966852,403;12111;2024;1637442;-33,537388;-70,609909;1;2024/09/11 00:00:00+00;1899/12/30 00:00:00+00;REGION METROPOLITANA;LA GRANJA;COLISION POR ALCANCE;COLISION;URBANA;CRUCE CON SEMAFORO FUNCIONANDO;IMPRUDENCIA DEL CONDUCTOR;CONDUCCION NO ATENTO CONDICIONES TRANSITO MOMENTO;PUNTA ARENAS;SAN GREGORIO;PUNTA ARENAS - SAN GREGORIO;0;;;BIDIRECCIONAL CON BANDEJON;ASFALTO;BUENO;SECO;DESPEJADO;0;0;0;0
-7860570,364;-3967658,287;12112;2024;1637445;-33,543422;-70,612705;1;2024/09/11 00:00:00+00;1899/12/30 00:00:00+00;REGION METROPOLITANA;LA GRANJA;ATROPELLO;ATROPELLO;URBANA;CRUCE SIN SENALIZACION;IMPRUDENCIA DEL CONDUCTOR;CONDUCCION NO ATENTO CONDICIONES TRANSITO MOMENTO;ISLA TIERRA DEL FUEGO;MANCO CAPAC;ISLA TIERRA DEL FUEGO - MANCO CAPAC;0;;;BIDIRECCIONAL;ASFALTO;BUENO;SECO;DESPEJADO;0;0;0;1
-7872865,379;-3954411,867;12113;2024;1637446;-33,444187;-70,723153;1;2024/09/14 00:00:00+00;1899/12/30 00:00:00+00;REGION METROPOLITANA;LO PRADO;COLISION LATERAL;COLISION;URBANA;CRUCE CON SEMAFORO FUNCIONANDO;IMPRUDENCIA DEL CONDUCTOR;CONDUCCION NO ATENTO CONDICIONES TRANSITO MOMENTO;SAN PABLO;NEPTUNO;NEPTUNO - SAN PABLO;0;;;BIDIRECCIONAL CON BANDEJON;ASFALTO;BUENO;SECO;DESPEJADO;0;0;0;0
-7855445,437;-3972990,108;12114;2024;1637459;-33,583333;-70,566667;1;2024/09/07 00:00:00+00;1899/12/30 00:00:00+00;REGION METROPOLITANA;PUENTE ALTO;CHOQUE FRONTAL;CHOQUE;URBANA;TRAMO DE VIA RECTA;ALCOHOL EN CONDUCTOR;CONDUCCION EN ESTADO DE EBRIEDAD;EL PERAL;;- EL PERAL;3028;;;BIDIRECCIONAL;CONCRETO;BUENO;SECO;DESPEJADO;0;0;0;1
-7861949,947;-3968615,031;12115;2024;1637461;-33,550585;-70,625098;1;2024/09/01 00:00:00+00;1899/12/30 00:00:00+00;REGION METROPOLITANA;LA GRANJA;COLISION LATERAL;COLISION;URBANA;CRUCE CON SEMAFORO FUNCIONANDO;IMPRUDENCIA DEL CONDUCTOR;CONDUCCION NO ATENTO CONDICIONES TRANSITO MOMENTO;LA SERENA;CANTO GENERAL;CANTO GENERAL - LA SERENA;0;;;BIDIRECCIONAL CON BANDEJON;ASFALTO;BUENO;SECO;DESPEJADO;0;1;0;0
-7867193,206;-3948477,491;12116;2024;1637462;-33,399693;-70,672199;1;2024/09/14 00:00:00+00;1899/12/30 00:00:00+00;REGION METROPOLITANA;INDEPENDENCIA;COLISION LATERAL;COLISION;URBANA;CRUCE CON SEMAFORO FUNCIONANDO;IMPRUDENCIA DEL CONDUCTOR;ADELANTAMIENTO SIN EL ESPACIO O TIEMPO SUFICIENTE;14 DE LA FAMA;FERMIN VIVACETA;14 DE LA FAMA - FERMIN VIVACETA;0;;;UNIDIRECCIONAL;CONCRETO;BUENO;SECO;DESPEJADO;0;0;0;0
-7855518,24;-3957062,072;12117;2024;1637467;-33,46405;-70,567321;1;2024/09/10 00:00:00+00;1899/12/30 00:00:00+00;REGION METROPOLITANA;PENALOLEN;COLISION FRONTAL;COLISION;URBANA;CRUCE CON SENAL PARE;IMPRUDENCIA DEL CONDUCTOR;CONDUCCION CONTRA SENTIDO DEL TRANSITO;ORIENTAL;CAUPOLICAN;CAUPOLICAN - ORIENTAL;0;;;UNIDIRECCIONAL;CONCRETO;BUENO;SECO;DESPEJADO;0;0;0;0
-7861467,933;-3965721,935;12118;2024;1637468;-33,528923;-70,620768;1;2024/09/12 00:00:00+00;1899/12/30 00:00:00+00;REGION METROPOLITANA;LA GRANJA;COLISION LATERAL;COLISION;URBANA;CRUCE CON SEMAFORO FUNCIONANDO;IMPRUDENCIA DEL CONDUCTOR;VIRAJES INDEBIDOS;STA ROSA;LINARES;LINARES - STA ROSA;0;;;BIDIRECCIONAL CON BANDEJON;ASFALTO;BUENO;SECO;DESPEJADO;0;0;0;0
-7872754,505;-3954060,607;12119;2024;1637471;-33,441554;-70,722157;1;2024/09/15 00:00:00+00;1899/12/30 00:00:00+00;REGION METROPOLITANA;LO PRADO;COLISION PERPENDICULAR;COLISION;URBANA;CRUCE CON SENAL CEDA EL PASO;DESOBEDIENCIA A SENALIZACION;SENALIZACION DESOBEDECER SENAL CEDA EL PASO;SAN JORGE;YOLANDA;SAN JORGE - YOLANDA;0;;;BIDIRECCIONAL;ASFALTO;BUENO;SECO;DESPEJADO;0;0;0;0
-7872894,545;-3954414,936;12120;2024;1637481;-33,44421;-70,723415;1;2024/09/16 00:00:00+00;1899/12/30 00:00:00+00;REGION METROPOLITANA;LO PRADO;CHOQUE FRENTE/POSTERIOR;CHOQUE;URBANA;CRUCE CON SEMAFORO FUNCIONANDO;IMPRUDENCIA DEL CONDUCTOR;CONDUCCION NO ATENTO CONDICIONES TRANSITO MOMENTO;GRAL JUAN BUENDIA;GRAL OSCAR BONILLA;GRAL JUAN BUENDIA - GRAL OSCAR BONILLA;0;;;BIDIRECCIONAL;ASFALTO;BUENO;SECO;DESPEJADO;0;0;0;1