ï»¿X;Y;FID;AÃ±o;IdAccident;Latitud;longitud;ClaseAccid;Fecha;Hora;RegiÃ³n;Comuna;Tipo_Accid;Tipo__CONA;Zona;UbicaciÃ³n;Causa__CON;Causa_Acci;Calle_Uno;Calle_Dos;Intersecci;NÃºmero;Ruta;Ubicaci_1;Calzada;Tipo_Calza;Estado_Cal;CondiciÃ³n;Estado_Atm;Fallecidos;Graves;Menos_Grav;Leves
-7856248,83;-3975964,153;13276;2024;1636251;-33,605587;-70,573884;1;2024/09/05 00:00:00+00;1899/12/30 00:00:00+00;REGION METROPOLITANA;PUENTE ALTO;ATROPELLO;ATROPELLO;URBANA;CRUCE CON SEMAFORO FUNCIONANDO;IMPRUDENCIA DEL PEATON;PEATON CRUZA CALZADA FUERA PASO PEATONES;STA ELENA;EDUARDO CORDERO;EDUARDO CORDERO - STA ELENA;0;;;BIDIRECCIONAL;ASFALTO;BUENO;SECO;DESPEJADO;0;0;0;1
-7874720,407;-3992523,738;13277;2024;1633248;-33,729393;-70,739817;1;2024/08/27 00:00:00+00;1899/12/30 00:00:00+00;REGION METROPOLITANA;BUIN;ATROPELLO;ATROPELLO;URBANA;TRAMO DE VIA RECTA;IMPRUDENCIA DEL CONDUCTOR;CONDUCCION NO ATENTO CONDICIONES TRANSITO MOMENTO;MANUEL RODRIGUEZ;;- MANUEL RODRIGUEZ;312;;;BIDIRECCIONAL;ASFALTO;BUENO;SECO;DESPEJADO;0;1;0;1
-7863045,553;-3948725,374;13278;2024;1633251;-33,401552;-70,63494;1;2024/08/09 00:00:00+00;1899/12/30 00:00:00+00;REGION METROPOLITANA;RECOLETA;COLISION LATERAL;COLISION;URBANA;CRUCE CON SENAL CEDA EL PASO;DESOBEDIENCIA A SENALIZACION;SENALIZACION DESOBEDECER SENAL PARE;MUNOZ GAMERO;LAS VIOLETAS;LAS VIOLETAS - MUNOZ GAMERO;0;;;BIDIRECCIONAL;ASFALTO;BUENO;SECO;NUBLADO;0;0;0;1
-7890336,973;-3934646,856;13279;2024;1634722;-33,295907;-70,880103;1;2024/09/03 00:00:00+00;1899/12/30 00:00:00+00;REGION METROPOLITANA;LAMPA;COLISION LATERAL;COLISION;URBANA;TRAMO DE VIA RECTA;IMPRUDENCIA DEL CONDUCTOR;CONDUCCION NO ATENTO CONDICIONES TRANSITO MOMENTO;LOS HALCONES;TRINCACO PONIENTE;LOS HALCONES - TRINCACO PONIENTE;0;;;UNIDIRECCIONAL;ASFALTO;BUENO;SECO;DESPEJADO;0;0;0;0
-7868246,734;-3966101,06;13280;2024;1633253;-33,531762;-70,681663;1;2024/08/24 00:00:00+00;1899/12/30 00:00:00+00;REGION METROPOLITANA;LA CISTERNA;CHOQUE FRENTE/POSTERIOR;CHOQUE;URBANA;CRUCE CON SENAL CEDA EL PASO;IMPRUDENCIA DEL CONDUCTOR;CONDUCCION SIN MANTENER DISTANCIA RAZONABLE NI PRUDENTE;AMERICO VESPUCIO;JOSE JOAQUIN PRIETO VIAL;AMERICO VESPUCIO - JOSE JOAQUIN PRIETO VIAL;0;;;UNIDIRECCIONAL;CONCRETO;BUENO;SECO;DESPEJADO;0;0;0;0
-7865319,031;-3953708,823;13281;2024;1634730;-33,438917;-70,655363;1;2024/08/28 00:00:00+00;1899/12/30 00:00:00+00;REGION METROPOLITANA;SANTIAGO;CHOQUE POSTERIOR/FRENTE;CHOQUE;URBANA;CRUCE CON SEMAFORO FUNCIONANDO;IMPRUDENCIA DEL CONDUCTOR;CONDUCCION NO ATENTO CONDICIONES TRANSITO MOMENTO;COMPANIA;TEATINOS;COMPANIA - TEATINOS;0;;;BIDIRECCIONAL;CONCRETO;BUENO;SECO;DESPEJADO;0;0;0;1
-7864078,264;-3948627,234;13282;2024;1633254;-33,400816;-70,644217;1;2024/08/10 00:00:00+00;1899/12/30 00:00:00+00;REGION METROPOLITANA;RECOLETA;COLISION LATERAL;COLISION;URBANA;CRUCE CON SENAL PARE;DESOBEDIENCIA A SENALIZACION;SENALIZACION DESOBEDECER SENAL PARE;MUNOZ GAMERO;SAN JOSE;MUNOZ GAMERO - SAN JOSE;0;;;BIDIRECCIONAL;ASFALTO;BUENO;SECO;NUBLADO;0;0;0;0
-7863174,795;-3953713,759;13283;2024;1634733;-33,438954;-70,636101;1;2024/08/29 00:00:00+00;1899/12/30 00:00:00+00;REGION METROPOLITANA;SANTIAGO;COLISION POR ALCANCE;COLISION;URBANA;CRUCE CON SEMAFORO FUNCIONANDO;IMPRUDENCIA DEL CONDUCTOR;CONDUCCION SIN MANTENER DISTANCIA RAZONABLE NI PRUDENTE;RAMON CORVALAN MELGAREJO;LIBER BERNARDO O'HIGGINS;LIBER BERNARDO O'HIGGINS - RAMON CORVALAN MELGAREJO;0;;;UNIDIRECCIONAL;CONCRETO;BUENO;SECO;DESPEJADO;0;0;0;0
-7865034,276;-3947226,158;13284;2024;1633256;-33,390308;-70,652805;1;2024/08/11 00:00:00+00;1899/12/30 00:00:00+00;REGION METROPOLITANA;RECOLETA;CHOQUE FRENTE/POSTERIOR;CHOQUE;URBANA;CRUCE CON SENAL PARE;IMPRUDENCIA DEL CONDUCTOR;CONDUCCION NO ATENTO CONDICIONES TRANSITO MOMENTO;LUZ DEL ALBA;;- LUZ DEL ALBA;1103;;;BIDIRECCIONAL;ASFALTO;BUENO;SECO;NUBLADO;0;0;0;0
-7863659,146;-3953884,113;13285;2024;1634735;-33,440231;-70,640452;1;2024/08/29 00:00:00+00;1899/12/30 00:00:00+00;REGION METROPOLITANA;SANTIAGO;COLISION POR ALCANCE;COLISION;URBANA;TRAMO DE VIA RECTA;IMPRUDENCIA DEL CONDUCTOR;CONDUCCION SIN MANTENER DISTANCIA RAZONABLE NI PRUDENTE;LIBER BERNARDO O'HIGGINS;PORTUGAL;LIBER BERNARDO O'HIGGINS - PORTUGAL;0;;;BIDIRECCIONAL CON BANDEJON;ASFALTO;BUENO;HUMEDO;NUBLADO;0;0;0;0
-7867651,954;-3964686,516;13286;2024;1633257;-33,521169;-70,67632;1;2024/08/26 00:00:00+00;1899/12/30 00:00:00+00;REGION METROPOLITANA;LA CISTERNA;COLISION POR ALCANCE;COLISION;URBANA;CRUCE CON SEMAFORO FUNCIONANDO;IMPRUDENCIA DEL CONDUCTOR;CONDUCCION SIN MANTENER DISTANCIA RAZONABLE NI PRUDENTE;JOSE JOAQUIN PRIETO VIAL;EL PARRON;EL PARRON - JOSE JOAQUIN PRIETO VIAL;0;;;UNIDIRECCIONAL;CONCRETO;BUENO;SECO;DESPEJADO;0;0;0;0
-7860243,975;-3965654,631;13287;2024;1636266;-33,528419;-70,609773;1;2024/08/18 00:00:00+00;1899/12/30 00:00:00+00;REGION METROPOLITANA;LA FLORIDA;COLISION;COLISION;URBANA;CRUCE CON SEMAFORO FUNCIONANDO;IMPRUDENCIA DEL CONDUCTOR;CONDUCIR VEHICULO EN RETROCESO;PUNTA ARENAS;STA JULIA;PUNTA ARENAS - STA JULIA;0;;;BIDIRECCIONAL;ASFALTO;BUENO;SECO;NUBLADO;0;0;0;0
-7856609,394;-3975600,475;13288;2024;1634737;-33,602866;-70,577123;1;2024/08/31 00:00:00+00;1899/12/30 00:00:00+00;REGION METROPOLITANA;PUENTE ALTO;COLISION PERPENDICULAR;COLISION;URBANA;CRUCE CON SEMAFORO FUNCIONANDO;IMPRUDENCIA DEL CONDUCTOR;VIRAJES INDEBIDOS;CONCHA Y TORO;DOMINGO TOCORNAL;CONCHA Y TORO - DOMINGO TOCORNAL;0;;;BIDIRECCIONAL CON BANDEJON;ASFALTO;BUENO;SECO;DESPEJADO;0;0;0;1
-7864459,311;-3953071,985;13289;2024;1636267;-33,434143;-70,64764;1;2024/09/03 00:00:00+00;1899/12/30 00:00:00+00;REGION METROPOLITANA;SANTIAGO;CHOQUE LADO/LADO;CHOQUE;URBANA;CRUCE CON SEMAFORO FUNCIONANDO;IMPRUDENCIA DEL CONDUCTOR;CONDUCCION NO ATENTO CONDICIONES TRANSITO MOMENTO;MAC IVER;ISMAEL VALDES VERGARA;ISMAEL VALDES VERGARA - MAC IVER;0;;;UNIDIRECCIONAL;ASFALTO;BUENO;SECO;DESPEJADO;0;0;0;0
-7865000,435;-3954120,372;13290;2024;1634740;-33,442002;-70,652501;1;2024/08/29 00:00:00+00;1899/12/30 00:00:00+00;REGION METROPOLITANA;SANTIAGO;CHOQUE FRENTE/LADO;CHOQUE;URBANA;TRAMO DE VIA RECTA;IMPRUDENCIA DEL CONDUCTOR;VIRAJES INDEBIDOS;MONEDA;;- MONEDA;1137;;;UNIDIRECCIONAL;CONCRETO;BUENO;SECO;DESPEJADO;0;0;0;0
-7872051,745;-3956125,899;13291;2024;1636271;-33,457034;-70,715844;1;2024/09/03 00:00:00+00;1899/12/30 00:00:00+00;REGION METROPOLITANA;LO PRADO;ATROPELLO;ATROPELLO;URBANA;CRUCE CON SEMAFORO FUNCIONANDO;IMPRUDENCIA DEL PEATON;PEATON CRUZA CALZADA FUERA PASO PEATONES;GRAL OSCAR BONILLA;AMENTHY;AMENTHY - GRAL OSCAR BONILLA;0;;;BIDIRECCIONAL CON BANDEJON;ASFALTO;BUENO;SECO;DESPEJADO;0;1;1;0
-7861854,657;-3978726,663;13292;2024;1634742;-33,626253;-70,624242;1;2024/08/24 00:00:00+00;1899/12/30 00:00:00+00;REGION METROPOLITANA;PUENTE ALTO;CAIDA;CAIDA;URBANA;TRAMO DE VIA RECTA;IMPRUDENCIA DEL CONDUCTOR;CONDUCCION NO ATENTO CONDICIONES TRANSITO MOMENTO;CURACO DE VELEZ;CAMINO EL RETIRO;CAMINO EL RETIRO - CURACO DE VELEZ;0;;;BIDIRECCIONAL;CONCRETO;BUENO;SECO;DESPEJADO;0;0;1;1
-7858811,516;-3965407,587;13293;2024;1634745;-33,526569;-70,596905;1;2024/07/22 00:00:00+00;1899/12/30 00:00:00+00;REGION METROPOLITANA;LA FLORIDA;COLISION LATERAL;COLISION;URBANA;CRUCE CON SEMAFORO FUNCIONANDO;IMPRUDENCIA DEL CONDUCTOR;CONDUCCION NO ATENTO CONDICIONES TRANSITO MOMENTO;VICUNA MACKENNA;VICENTE VALDES;VICENTE VALDES - VICUNA MACKENNA;0;;;BIDIRECCIONAL;ASFALTO;BUENO;SECO;DESPEJADO;0;0;0;1
-7867671,434;-3948684,038;13294;2024;1636272;-33,401242;-70,676495;1;2024/09/02 00:00:00+00;1899/12/30 00:00:00+00;REGION METROPOLITANA;CONCHALI;COLISION LATERAL;COLISION;URBANA;TRAMO DE VIA RECTA;IMPRUDENCIA DEL CONDUCTOR;CONDUCCION CAMBIAR SORPRESIVAMENTE PISTA CIRCULACION;14 DE LA FAMA;BARON DE JURAS REALES;14 DE LA FAMA - BARON DE JURAS REALES;0;;;UNIDIRECCIONAL;CONCRETO;BUENO;SECO;DESPEJADO;0;1;0;2
-7862952,935;-3967486,394;13295;2024;1634764;-33,542135;-70,634108;1;2024/09/02 00:00:00+00;1899/12/30 00:00:00+00;REGION METROPOLITANA;SAN RAMON;COLISION;COLISION;URBANA;CRUCE CON SEMAFORO FUNCIONANDO;DESOBEDIENCIA A SENALIZACION;SENALIZACION DESOBEDECER LUZ ROJA DE SEMAFORO;STA ROSA;AMERICO VESPUCIO;AMERICO VESPUCIO - STA ROSA;0;;;BIDIRECCIONAL;ASFALTO;BUENO;SECO;NUBLADO;0;0;0;0
-7869926,879;-3953278,48;13296;2024;1636274;-33,435691;-70,696756;1;2024/09/04 00:00:00+00;1899/12/30 00:00:00+00;REGION METROPOLITANA;QUINTA NORMAL;CHOQUE FRENTE/POSTERIOR;CHOQUE;URBANA;CRUCE CON SENAL CEDA EL PASO;IMPRUDENCIA DEL CONDUCTOR;CONDUCCION NO ATENTO CONDICIONES TRANSITO MOMENTO;MARTINEZ DE ROZAS;ANTONIO EBNER;ANTONIO EBNER - MARTINEZ DE ROZAS;0;;;UNIDIRECCIONAL;ASFALTO;BUENO;SECO;DESPEJADO;0;0;0;0
-7868008,844;-3950360,147;13297;2024;1634766;-33,413811;-70,679526;1;2024/08/27 00:00:00+00;1899/12/30 00:00:00+00;REGION METROPOLITANA;INDEPENDENCIA;COLISION POR ALCANCE;COLISION;URBANA;TRAMO DE VIA RECTA;IMPRUDENCIA DEL CONDUCTOR;CONDUCCION SIN MANTENER DISTANCIA RAZONABLE NI PRUDENTE;PDTE EDUARDO FREI MONTALVA;DOMINGO SANTA MARIA;DOMINGO SANTA MARIA - PDTE EDUARDO FREI MONTALVA;0;;;UNIDIRECCIONAL;ASFALTO;BUENO;SECO;DESPEJADO;0;0;0;0
-7871715,783;-3956210,493;13298;2024;1636276;-33,457668;-70,712826;1;2024/09/04 00:00:00+00;1899/12/30 00:00:00+00;REGION METROPOLITANA;LO PRADO;COLISION LATERAL;COLISION;URBANA;CRUCE CON SEMAFORO FUNCIONANDO;IMPRUDENCIA DEL CONDUCTOR;CONDUCCION CAMBIAR SORPRESIVAMENTE PISTA CIRCULACION;GRAL OSCAR BONILLA;ECUADOR;ECUADOR - GRAL OSCAR BONILLA;0;;;BIDIRECCIONAL;ASFALTO;BUENO;SECO;DESPEJADO;0;0;0;0
-7863689,87;-3947768,675;13299;2024;1633260;-33,394377;-70,640728;1;2024/08/12 00:00:00+00;1899/12/30 00:00:00+00;REGION METROPOLITANA;RECOLETA;ATROPELLO;ATROPELLO;URBANA;CRUCE CON SENAL PARE;IMPRUDENCIA DEL CONDUCTOR;NO RESPETAR DERECHO PREFERENTE DE PASO A PEATON;HERNAN MERY;ORTIZ DE ROZAS;HERNAN MERY - ORTIZ DE ROZAS;0;;;BIDIRECCIONAL;ASFALTO;BUENO;SECO;NUBLADO;0;0;0;1
-7874255,76;-3944697,103;13300;2024;1634776;-33,371337;-70,735643;1;2024/08/31 00:00:00+00;1899/12/30 00:00:00+00;REGION METROPOLITANA;QUILICURA;COLISION POR ALCANCE;COLISION;URBANA;TRAMO DE VIA RECTA;IMPRUDENCIA DEL CONDUCTOR;ADELANTAMIENTO SIN EL ESPACIO O TIEMPO SUFICIENTE;AMERICO VESPUCIO;;- AMERICO VESPUCIO;1380;;;UNIDIRECCIONAL;ASFALTO;BUENO;SECO;DESPEJADO;0;0;0;0
-7862899,613;-3949347,038;13301;2024;1633262;-33,406214;-70,633629;1;2024/08/13 00:00:00+00;1899/12/30 00:00:00+00;REGION METROPOLITANA;RECOLETA;COLISION LATERAL;COLISION;URBANA;CRUCE CON SEMAFORO FUNCIONANDO;IMPRUDENCIA DEL CONDUCTOR;CONDUCCION CAMBIAR SORPRESIVAMENTE PISTA CIRCULACION;RECOLETA;;- RECOLETA;2237;;;BIDIRECCIONAL;ASFALTO;BUENO;SECO;NUBLADO;0;0;0;0
-7874156,187;-3953744,803;13302;2024;1636278;-33,439187;-70,734749;1;2024/09/05 00:00:00+00;1899/12/30 00:00:00+00;REGION METROPOLITANA;LO PRADO;COLISION PERPENDICULAR;COLISION;URBANA;CRUCE SIN SENALIZACION;VELOCIDAD IMPRUDENTE;VELOCIDAD NO RAZONABLE NI PRUDENTE;LOS MAITENES;LAGO ONTARIO;LAGO ONTARIO - LOS MAITENES;0;;;UNIDIRECCIONAL;ASFALTO;BUENO;SECO;DESPEJADO;0;0;0;0
-7873788,997;-3944311,214;13303;2024;1634787;-33,368442;-70,73145;1;2024/08/30 00:00:00+00;1899/12/30 00:00:00+00;REGION METROPOLITANA;QUILICURA;COLISION POR ALCANCE;COLISION;URBANA;TRAMO DE VIA RECTA;IMPRUDENCIA DEL CONDUCTOR;CONDUCCION CAMBIAR SORPRESIVAMENTE PISTA CIRCULACION;LIBER BERNARDO O'HIGGINS;JOSE FRANCISCO VERGARA;JOSE FRANCISCO VERGARA - LIBER BERNARDO O'HIGGINS;0;;;BIDIRECCIONAL;ASFALTO;BUENO;SECO;DESPEJADO;0;0;0;0
-7874653,282;-3953364,788;13304;2024;1636298;-33,436338;-70,739214;1;2024/09/05 00:00:00+00;1899/12/30 00:00:00+00;REGION METROPOLITANA;CERRO NAVIA;COLISION PERPENDICULAR;COLISION;URBANA;CRUCE SIN SENALIZACION;IMPRUDENCIA DEL CONDUCTOR;NO RESPETAR DERECHO PREFERENTE DE PASO A VEHICULO;SAN FRANCISCO;DAVID ARELLANO;DAVID ARELLANO - SAN FRANCISCO;0;;;BIDIRECCIONAL CON BANDEJON;ASFALTO;BUENO;SECO;DESPEJADO;0;0;0;0
-7856609,394;-3975600,475;13305;2024;1634798;-33,602866;-70,577123;1;2024/09/02 00:00:00+00;1899/12/30 00:00:00+00;REGION METROPOLITANA;PUENTE ALTO;COLISION PERPENDICULAR;COLISION;URBANA;CRUCE CON SEMAFORO FUNCIONANDO;DESOBEDIENCIA A SENALIZACION;SENALIZACION DESOBEDECER LUZ ROJA DE SEMAFORO;CONCHA Y TORO;DOMINGO TOCORNAL;CONCHA Y TORO - DOMINGO TOCORNAL;0;;;BIDIRECCIONAL CON BANDEJON;ASFALTO;BUENO;SECO;DESPEJADO;0;2;0;1
-7868575,015;-3966938,01;13306;2024;1633263;-33,538029;-70,684612;1;2024/08/27 00:00:00+00;1899/12/30 00:00:00+00;REGION METROPOLITANA;LA CISTERNA;COLISION POR ALCANCE;COLISION;URBANA;TRAMO DE VIA RECTA;IMPRUDENCIA DEL CONDUCTOR;CONDUCCION NO ATENTO CONDICIONES TRANSITO MOMENTO;JOSE JOAQUIN PRIETO VIAL;;- JOSE JOAQUIN PRIETO VIAL;9300;;;UNIDIRECCIONAL;CONCRETO;BUENO;SECO;DESPEJADO;0;0;0;0
-7858679,269;-3974312,39;13307;2024;1634813;-33,593228;-70,595717;1;2024/07/12 00:00:00+00;1899/12/30 00:00:00+00;REGION METROPOLITANA;PUENTE ALTO;COLISION LATERAL;COLISION;URBANA;TRAMO DE VIA RECTA;IMPRUDENCIA DEL CONDUCTOR;CONDUCCION NO ATENTO CONDICIONES TRANSITO MOMENTO;EJERCITO LIBERTADOR;LA PRIMAVERA;EJERCITO LIBERTADOR - LA PRIMAVERA;0;;;BIDIRECCIONAL;CONCRETO;BUENO;SECO;DESPEJADO;0;0;0;0
-7866676,127;-3965220,238;13308;2024;1633267;-33,525166;-70,667554;1;2024/08/27 00:00:00+00;1899/12/30 00:00:00+00;REGION METROPOLITANA;LA CISTERNA;COLISION POR ALCANCE;COLISION;URBANA;TRAMO DE VIA RECTA;IMPRUDENCIA DEL CONDUCTOR;CONDUCCION NO ATENTO CONDICIONES TRANSITO MOMENTO;STA MONICA;;- STA MONICA;554;;;BIDIRECCIONAL;CONCRETO;BUENO;SECO;DESPEJADO;0;0;0;0
-7861045,142;-3974002,887;13309;2024;1634824;-33,590912;-70,61697;1;2024/09/01 00:00:00+00;1899/12/30 00:00:00+00;REGION METROPOLITANA;LA PINTANA;ATROPELLO;ATROPELLO;URBANA;CRUCE SIN SENALIZACION;IMPRUDENCIA DEL CONDUCTOR;CONDUCCION NO ATENTO CONDICIONES TRANSITO MOMENTO;BATALLON CHACABUCO;SOLD SEPULVEDA;BATALLON CHACABUCO - SOLD SEPULVEDA;0;;;BIDIRECCIONAL;ASFALTO;BUENO;SECO;DESPEJADO;0;0;0;1
-7866357,642;-3966866,693;13310;2024;1633270;-33,537495;-70,664693;1;2024/08/27 00:00:00+00;1899/12/30 00:00:00+00;REGION METROPOLITANA;LA CISTERNA;CHOQUE FRENTE/POSTERIOR;CHOQUE;URBANA;CRUCE CON SEMAFORO FUNCIONANDO;IMPRUDENCIA DEL CONDUCTOR;CONDUCCION SIN MANTENER DISTANCIA RAZONABLE NI PRUDENTE;AMERICO VESPUCIO;GRAN AVDA JOSE MIGUEL CARRERA;AMERICO VESPUCIO - GRAN AVDA JOSE MIGUEL CARRERA;0;;;UNIDIRECCIONAL;CONCRETO;BUENO;SECO;DESPEJADO;0;0;0;0
-7873715,749;-3954389,321;13311;2024;1636300;-33,444018;-70,730792;1;2024/09/07 00:00:00+00;1899/12/30 00:00:00+00;REGION METROPOLITANA;LO PRADO;COLISION LATERAL;COLISION;URBANA;TRAMO DE VIA RECTA;IMPRUDENCIA DEL CONDUCTOR;CONDUCCION CAMBIAR SORPRESIVAMENTE PISTA CIRCULACION;LAS TORRES;;- LAS TORRES;819;;;BIDIRECCIONAL;ASFALTO;BUENO;SECO;DESPEJADO;0;0;0;0
-7862244,387;-3974560,828;13312;2024;1634826;-33,595087;-70,627743;1;2024/09/01 00:00:00+00;1899/12/30 00:00:00+00;REGION METROPOLITANA;LA PINTANA;COLISION;COLISION;URBANA;CRUCE CON SEMAFORO FUNCIONANDO;IMPRUDENCIA DEL CONDUCTOR;CONDUCCION NO ATENTO CONDICIONES TRANSITO MOMENTO;STA ROSA;EL OMBU;EL OMBU - STA ROSA;0;;;BIDIRECCIONAL;ASFALTO;BUENO;SECO;DESPEJADO;0;0;0;2
-7865939,748;-3946395,299;13313;2024;1633274;-33,384076;-70,660939;1;2024/08/21 00:00:00+00;1899/12/30 00:00:00+00;REGION METROPOLITANA;CONCHALI;COLISION LATERAL;COLISION;URBANA;TRAMO DE VIA RECTA;IMPRUDENCIA DEL CONDUCTOR;CONDUCCION NO ATENTO CONDICIONES TRANSITO MOMENTO;GRAL GAMBINO;DIEGO SILVA HENRIQUEZ;DIEGO SILVA HENRIQUEZ - GRAL GAMBINO;0;;;BIDIRECCIONAL;ASFALTO;BUENO;SECO;DESPEJADO;0;0;0;0
-7866249,773;-3966569,809;13314;2024;1636303;-33,535272;-70,663724;1;2024/09/10 00:00:00+00;1899/12/30 00:00:00+00;REGION METROPOLITANA;LA CISTERNA;COLISION LATERAL;COLISION;URBANA;CRUCE CON SEMAFORO FUNCIONANDO;IMPRUDENCIA DEL CONDUCTOR;CONDUCCION SIN MANTENER DISTANCIA RAZONABLE NI PRUDENTE;GRAN AVDA JOSE MIGUEL CARRERA;PEDRO AGUIRRE CERDA;GRAN AVDA JOSE MIGUEL CARRERA - PEDRO AGUIRRE CERDA;0;;;BIDIRECCIONAL CON BANDEJON;CONCRETO;BUENO;SECO;DESPEJADO;0;0;0;0
-7865531,985;-3971774,197;13315;2024;1634827;-33,574233;-70,657276;1;2024/08/31 00:00:00+00;1899/12/30 00:00:00+00;REGION METROPOLITANA;LA PINTANA;CHOQUE FRENTE/POSTERIOR;CHOQUE;URBANA;CRUCE SIN SENALIZACION;IMPRUDENCIA DEL CONDUCTOR;CONDUCCION NO ATENTO CONDICIONES TRANSITO MOMENTO;LO MARTINEZ;TTE MONTT SALAMANCA;LO MARTINEZ - TTE MONTT SALAMANCA;0;;;BIDIRECCIONAL;ASFALTO;BUENO;SECO;DESPEJADO;0;0;0;0
-7865959,118;-3952616,722;13316;2024;1633280;-33,43073;-70,661113;1;2024/08/20 00:00:00+00;1899/12/30 00:00:00+00;REGION METROPOLITANA;SANTIAGO;COLISION POR ALCANCE;COLISION;URBANA;TRAMO DE VIA RECTA;IMPRUDENCIA DEL CONDUCTOR;CONDUCCION NO ATENTO CONDICIONES TRANSITO MOMENTO;PDTE BALMACEDA;MANUEL RODRIGUEZ;MANUEL RODRIGUEZ - PDTE BALMACEDA;0;;;BIDIRECCIONAL;CONCRETO;BUENO;SECO;DESPEJADO;0;0;0;0
-7872894,545;-3954414,936;13317;2024;1636306;-33,44421;-70,723415;1;2024/09/07 00:00:00+00;1899/12/30 00:00:00+00;REGION METROPOLITANA;LO PRADO;COLISION POR ALCANCE;COLISION;URBANA;CRUCE CON SENAL PARE;IMPRUDENCIA DEL CONDUCTOR;CONDUCCION SIN MANTENER DISTANCIA RAZONABLE NI PRUDENTE;SAN FRANCISCO;LOS ROBLES;LOS ROBLES - SAN FRANCISCO;0;;;BIDIRECCIONAL;ASFALTO;BUENO;SECO;DESPEJADO;0;0;0;1
-7869085,192;-3944069,423;13318;2024;1633285;-33,366628;-70,689195;1;2024/08/21 00:00:00+00;1899/12/30 00:00:00+00;REGION METROPOLITANA;CONCHALI;COLISION LATERAL;COLISION;URBANA;TRAMO DE VIA RECTA;IMPRUDENCIA DEL CONDUCTOR;CONDUCCION NO ATENTO CONDICIONES TRANSITO MOMENTO;INDEPENDENCIA;HUECHURABA;HUECHURABA - INDEPENDENCIA;0;;;UNIDIRECCIONAL;ASFALTO;BUENO;SECO;DESPEJADO;0;0;0;0
-7872355,313;-3956058,517;13319;2024;1636310;-33,456529;-70,718571;1;2024/09/07 00:00:00+00;1899/12/30 00:00:00+00;REGION METROPOLITANA;LO PRADO;COLISION PERPENDICULAR;COLISION;URBANA;TRAMO DE VIA RECTA;IMPRUDENCIA DEL CONDUCTOR;NO RESPETAR DERECHO PREFERENTE DE PASO A VEHICULO;MIN GANA;GRAL OSCAR BONILLA;GRAL OSCAR BONILLA - MIN GANA;0;;;BIDIRECCIONAL;ASFALTO;BUENO;SECO;DESPEJADO;0;0;0;1
-7854150,235;-3970714,455;13320;2024;1634828;-33,566301;-70,555032;1;2024/08/26 00:00:00+00;1899/12/30 00:00:00+00;REGION METROPOLITANA;PUENTE ALTO;ATROPELLO;ATROPELLO;URBANA;TRAMO DE VIA RECTA;IMPRUDENCIA DEL CONDUCTOR;CONDUCCION NO ATENTO CONDICIONES TRANSITO MOMENTO;LOS TOROS;CAMILO HENRIQUEZ;CAMILO HENRIQUEZ - LOS TOROS;0;;;BIDIRECCIONAL;CONCRETO;BUENO;SECO;DESPEJADO;0;0;0;1
-7872894,545;-3954414,936;13321;2024;1636313;-33,44421;-70,723415;1;2024/09/08 00:00:00+00;1899/12/30 00:00:00+00;REGION METROPOLITANA;LO PRADO;COLISION POR ALCANCE;COLISION;URBANA;CRUCE CON SEMAFORO FUNCIONANDO;VELOCIDAD IMPRUDENTE;VELOCIDAD MAYOR QUE MAXIMA PERMITIDA;GRAL OSCAR BONILLA;GRAL JUAN BUENDIA;GRAL JUAN BUENDIA - GRAL OSCAR BONILLA;0;;;BIDIRECCIONAL CON BANDEJON;ASFALTO;BUENO;SECO;DESPEJADO;0;0;1;0
-7865835,108;-3959053,962;13322;2024;1633286;-33,478976;-70,659999;1;2024/08/26 00:00:00+00;1899/12/30 00:00:00+00;REGION METROPOLITANA;PEDRO AGUIRRE CERDA;COLISION LATERAL;COLISION;URBANA;TRAMO DE VIA RECTA;IMPRUDENCIA DEL PEATON;IMPRUDENCIA DEL PEATON;BELEN;ALC CARLOS VALDOVINOS;ALC CARLOS VALDOVINOS - BELEN;0;;;UNIDIRECCIONAL;ASFALTO;BUENO;SECO;DESPEJADO;0;0;0;0
-7860428,543;-3972260,546;13323;2024;1634829;-33,577873;-70,611431;1;2024/09/03 00:00:00+00;1899/12/30 00:00:00+00;REGION METROPOLITANA;LA PINTANA;CHOQUE FRONTAL;CHOQUE;RURAL;CRUCE CON SEMAFORO FUNCIONANDO;IMPRUDENCIA DEL CONDUCTOR;CONDUCCION NO ATENTO CONDICIONES TRANSITO MOMENTO;ACCESO SUR;;- ACCESO SUR;1245;;;UNIDIRECCIONAL;ASFALTO;BUENO;SECO;DESPEJADO;0;0;0;1
-7858688,397;-3965652,495;13324;2024;1636315;-33,528403;-70,595799;1;2024/08/20 00:00:00+00;1899/12/30 00:00:00+00;REGION METROPOLITANA;LA FLORIDA;COLISION;COLISION;URBANA;CRUCE CON SEMAFORO FUNCIONANDO;IMPRUDENCIA DEL CONDUCTOR;CONDUCCION SIN MANTENER DISTANCIA RAZONABLE NI PRUDENTE;GERONIMO DE ALDERETE;VICUNA MACKENNA ORIENTE;GERONIMO DE ALDERETE - VICUNA MACKENNA ORIENTE;0;;;BIDIRECCIONAL;ASFALTO;BUENO;SECO;DESPEJADO;0;0;1;0