ï»¿X;Y;FID;AÃ±o;IdAccident;Latitud;longitud;ClaseAccid;Fecha;Hora;RegiÃ³n;Comuna;Tipo_Accid;Tipo__CONA;Zona;UbicaciÃ³n;Causa__CON;Causa_Acci;Calle_Uno;Calle_Dos;Intersecci;NÃºmero;Ruta;Ubicaci_1;Calzada;Tipo_Calza;Estado_Cal;CondiciÃ³n;Estado_Atm;Fallecidos;Graves;Menos_Grav;Leves
-7869763,907;-3950632,075;13325;2024;1633288;-33,41585;-70,695292;1;2024/08/23 00:00:00+00;1899/12/30 00:00:00+00;REGION METROPOLITANA;QUINTA NORMAL;COLISION POR ALCANCE;COLISION;URBANA;CRUCE CON SENAL PARE;IMPRUDENCIA DEL CONDUCTOR;CONDUCCION NO ATENTO CONDICIONES TRANSITO MOMENTO;COST SUR;DR LORENZO URCARAY;COST SUR - DR LORENZO URCARAY;0;;;BIDIRECCIONAL;ASFALTO;MALO;SECO;DESPEJADO;0;0;0;0
-7873740,608;-3955058,325;13326;2024;1636316;-33,449033;-70,731015;1;2024/09/08 00:00:00+00;1899/12/30 00:00:00+00;REGION METROPOLITANA;LO PRADO;COLISION PERPENDICULAR;COLISION;URBANA;CRUCE CON SENAL PARE;DESOBEDIENCIA A SENALIZACION;SENALIZACION DESOBEDECER SENAL PARE;LAS TORRES;CORONA SUECA;CORONA SUECA - LAS TORRES;0;;;BIDIRECCIONAL;ASFALTO;BUENO;SECO;DESPEJADO;0;0;0;0
-7860354,627;-3974765,97;13327;2024;1634830;-33,596622;-70,610767;1;2024/09/03 00:00:00+00;1899/12/30 00:00:00+00;REGION METROPOLITANA;LA PINTANA;COLISION PERPENDICULAR;COLISION;URBANA;CRUCE CON SENAL CEDA EL PASO;DESOBEDIENCIA A SENALIZACION;SENALIZACION DESOBEDECER SENAL CEDA EL PASO;PRIMAVERA;CALLE SEIS;CALLE SEIS - PRIMAVERA;0;;;BIDIRECCIONAL;ASFALTO;BUENO;SECO;DESPEJADO;0;0;0;0
-7862899,613;-3949347,038;13328;2024;1633290;-33,406214;-70,633629;1;2024/08/14 00:00:00+00;1899/12/30 00:00:00+00;REGION METROPOLITANA;RECOLETA;COLISION POR ALCANCE;COLISION;URBANA;CRUCE CON SEMAFORO FUNCIONANDO;ALCOHOL EN CONDUCTOR;CONDUCCION BAJO LA INFLUENCIA DEL ALCOHOL;ARTESANOS;RECOLETA;ARTESANOS - RECOLETA;0;;;BIDIRECCIONAL;ASFALTO;BUENO;SECO;NUBLADO;0;0;0;0
-7867914;-3969736,43;13329;2024;1634831;-33,55898;-70,678674;1;2024/08/29 00:00:00+00;1899/12/30 00:00:00+00;REGION METROPOLITANA;EL BOSQUE;COLISION POR ALCANCE;COLISION;URBANA;TRAMO DE VIA RECTA;IMPRUDENCIA DEL CONDUCTOR;CONDUCCION NO ATENTO CONDICIONES TRANSITO MOMENTO;GRAN AVDA JOSE MIGUEL CARRERA;OBSERVATORIO;GRAN AVDA JOSE MIGUEL CARRERA - OBSERVATORIO;0;;;UNIDIRECCIONAL;CONCRETO;REGULAR;SECO;DESPEJADO;0;0;0;0
-7864297,897;-3949207,554;13330;2024;1633292;-33,405168;-70,64619;1;2024/08/14 00:00:00+00;1899/12/30 00:00:00+00;REGION METROPOLITANA;RECOLETA;COLISION POR ALCANCE;COLISION;URBANA;CRUCE CON SENAL PARE;IMPRUDENCIA DEL CONDUCTOR;CONDUCCION SIN MANTENER DISTANCIA RAZONABLE NI PRUDENTE;EINSTEIN;LA COLONIA;EINSTEIN - LA COLONIA;0;;;UNIDIRECCIONAL;ASFALTO;BUENO;SECO;NUBLADO;0;0;0;0
-7860905,213;-3973129,479;13331;2024;1634833;-33,584376;-70,615713;1;2024/09/02 00:00:00+00;1899/12/30 00:00:00+00;REGION METROPOLITANA;LA PINTANA;COLISION POR ALCANCE;COLISION;URBANA;TRAMO DE VIA RECTA;IMPRUDENCIA DEL CONDUCTOR;CONDUCCION NO ATENTO CONDICIONES TRANSITO MOMENTO;GABRIELA;;- GABRIELA;3265;;;BIDIRECCIONAL CON BANDEJON;ASFALTO;BUENO;SECO;DESPEJADO;0;0;0;0
-7864367,361;-3952346,748;13332;2024;1633294;-33,428706;-70,646814;1;2024/08/14 00:00:00+00;1899/12/30 00:00:00+00;REGION METROPOLITANA;RECOLETA;COLISION POR ALCANCE;COLISION;URBANA;CRUCE CON SENAL PARE;IMPRUDENCIA DEL CONDUCTOR;CONDUCCION SIN MANTENER DISTANCIA RAZONABLE NI PRUDENTE;RECOLETA;DAVILA BAEZA;DAVILA BAEZA - RECOLETA;0;;;BIDIRECCIONAL;ASFALTO;BUENO;SECO;NUBLADO;0;0;0;0
-7869064,153;-3956390,891;13333;2024;1634834;-33,45902;-70,689006;1;2024/08/31 00:00:00+00;1899/12/30 00:00:00+00;REGION METROPOLITANA;ESTACION CENTRAL;ATROPELLO;ATROPELLO;URBANA;OTROS NO CONSIDERADOS;IMPRUDENCIA DEL PEATON;PEATON CRUZA CALZADA FUERA PASO PEATONES;ARICA;PADRE ALBERTO HURTADO;ARICA - PADRE ALBERTO HURTADO;0;;;BIDIRECCIONAL;ASFALTO;BUENO;SECO;DESPEJADO;0;0;0;1
-7856609,394;-3975600,475;13334;2024;1636317;-33,602866;-70,577123;1;2024/09/06 00:00:00+00;1899/12/30 00:00:00+00;REGION METROPOLITANA;PUENTE ALTO;COLISION POR ALCANCE;COLISION;URBANA;CRUCE CON SEMAFORO FUNCIONANDO;IMPRUDENCIA DEL CONDUCTOR;CONDUCCION SIN MANTENER DISTANCIA RAZONABLE NI PRUDENTE;CONCHA Y TORO;DOMINGO TOCORNAL;CONCHA Y TORO - DOMINGO TOCORNAL;0;;;BIDIRECCIONAL CON BANDEJON;ASFALTO;BUENO;SECO;DESPEJADO;0;1;0;1
-7864302,239;-3954241,238;13335;2024;1633295;-33,442908;-70,646229;1;2024/08/22 00:00:00+00;1899/12/30 00:00:00+00;REGION METROPOLITANA;SANTIAGO;COLISION LATERAL;COLISION;URBANA;TRAMO DE VIA RECTA;IMPRUDENCIA DEL CONDUCTOR;CONDUCCION NO ATENTO CONDICIONES TRANSITO MOMENTO;STA ROSA;LIBER BERNARDO O'HIGGINS;LIBER BERNARDO O'HIGGINS - STA ROSA;0;;;BIDIRECCIONAL CON BANDEJON;ASFALTO;BUENO;SECO;DESPEJADO;0;0;0;0
-7868723,404;-3972851,675;13336;2024;1634835;-33,582297;-70,685945;1;2024/08/29 00:00:00+00;1899/12/30 00:00:00+00;REGION METROPOLITANA;SAN BERNARDO;COLISION POR ALCANCE;COLISION;URBANA;CRUCE CON SEMAFORO FUNCIONANDO;IMPRUDENCIA DEL CONDUCTOR;ADELANTAMIENTO SIN EL ESPACIO O TIEMPO SUFICIENTE;CAMINO LOS MORROS;CALDERON DE LA BARCA;CALDERON DE LA BARCA - CAMINO LOS MORROS;0;;;BIDIRECCIONAL;CONCRETO;BUENO;SECO;DESPEJADO;0;0;0;0
-7875485,395;-3994522,168;13337;2024;1636318;-33,744322;-70,746689;1;2024/09/09 00:00:00+00;1899/12/30 00:00:00+00;REGION METROPOLITANA;BUIN;COLISION POR ALCANCE;COLISION;URBANA;TRAMO DE VIA RECTA;IMPRUDENCIA DEL CONDUCTOR;CONDUCCION NO ATENTO CONDICIONES TRANSITO MOMENTO;VILLASECA;;- VILLASECA;672;;;BIDIRECCIONAL;ASFALTO;BUENO;SECO;DESPEJADO;0;0;0;2
-7863861,636;-3949739,895;13338;2024;1633296;-33,40916;-70,642271;1;2024/08/17 00:00:00+00;1899/12/30 00:00:00+00;REGION METROPOLITANA;RECOLETA;COLISION PERPENDICULAR;COLISION;URBANA;CRUCE CON SENAL PARE;IMPRUDENCIA DEL CONDUCTOR;CONDUCCION NO ATENTO CONDICIONES TRANSITO MOMENTO;NICOLAS DE GARNICA;;- NICOLAS DE GARNICA;550;;;UNIDIRECCIONAL;ASFALTO;BUENO;SECO;NUBLADO;0;0;0;1
-7859351,861;-3960558,582;13339;2024;1634839;-33,490249;-70,601759;1;2024/08/27 00:00:00+00;1899/12/30 00:00:00+00;REGION METROPOLITANA;MACUL;COLISION LATERAL;COLISION;URBANA;CRUCE CON SEMAFORO FUNCIONANDO;DESOBEDIENCIA A SENALIZACION;SENALIZACION DESOBEDECER LUZ ROJA DE SEMAFORO;ESC AGRICOLA;EXEQUIEL FERNANDEZ;ESC AGRICOLA - EXEQUIEL FERNANDEZ;0;;;BIDIRECCIONAL;ASFALTO;BUENO;SECO;DESPEJADO;0;0;0;2
-7867099,92;-3961457,203;13340;2024;1633298;-33,496981;-70,671361;1;2024/08/17 00:00:00+00;1899/12/30 00:00:00+00;REGION METROPOLITANA;SANTIAGO;CHOQUE FRENTE/POSTERIOR;CHOQUE;URBANA;CRUCE CON SENAL PARE;IMPRUDENCIA DEL CONDUCTOR;CONDUCCION NO ATENTO CONDICIONES TRANSITO MOMENTO;MANUEL ANTONIO MATTA;CLUB HIPICO;CLUB HIPICO - MANUEL ANTONIO MATTA;0;;;UNIDIRECCIONAL;ASFALTO;BUENO;SECO;NUBLADO;0;1;0;0
-7856135,73;-3974888,389;13341;2024;1634840;-33,597538;-70,572868;1;2024/08/27 00:00:00+00;1899/12/30 00:00:00+00;REGION METROPOLITANA;PUENTE ALTO;CHOQUE FRENTE/LADO;CHOQUE;URBANA;TRAMO DE VIA RECTA;IMPRUDENCIA DEL CONDUCTOR;CONDUCCION NO ATENTO CONDICIONES TRANSITO MOMENTO;SAN CARLOS;;- SAN CARLOS;320;;;BIDIRECCIONAL;CONCRETO;BUENO;SECO;DESPEJADO;0;0;0;0
-7862899,613;-3949347,038;13342;2024;1633300;-33,406214;-70,633629;1;2024/08/18 00:00:00+00;1899/12/30 00:00:00+00;REGION METROPOLITANA;RECOLETA;COLISION LATERAL;COLISION;URBANA;CRUCE CON SENAL PARE;IMPRUDENCIA DEL CONDUCTOR;ADELANTAMIENTO SIN EL ESPACIO O TIEMPO SUFICIENTE;PERU;LA VIRGEN;LA VIRGEN - PERU;0;;;BIDIRECCIONAL;ASFALTO;BUENO;SECO;NUBLADO;0;0;0;0
-7865786,462;-3919198,983;13343;2024;1633304;-33,179839;-70,659562;1;2024/08/23 00:00:00+00;1899/12/30 00:00:00+00;REGION METROPOLITANA;COLINA;CHOQUE FRENTE/POSTERIOR;CHOQUE;URBANA;TRAMO DE VIA RECTA;IMPRUDENCIA DEL CONDUCTOR;CONDUCCION NO ATENTO CONDICIONES TRANSITO MOMENTO;ESMERALDA;;- ESMERALDA;880;;;BIDIRECCIONAL;ASFALTO;BUENO;SECO;DESPEJADO;0;0;0;0
-7860474,629;-3955974,458;13344;2024;1634843;-33,455899;-70,611845;1;2024/08/28 00:00:00+00;1899/12/30 00:00:00+00;REGION METROPOLITANA;NUNOA;COLISION POR ALCANCE;COLISION;URBANA;TRAMO DE VIA RECTA;IMPRUDENCIA DEL CONDUCTOR;CONDUCCION NO ATENTO CONDICIONES TRANSITO MOMENTO;CARMEN COVARRUBIAS;;- CARMEN COVARRUBIAS;271;;;BIDIRECCIONAL;ASFALTO;BUENO;SECO;DESPEJADO;0;0;0;0
-7863789,724;-3946654,336;13345;2024;1633306;-33,386019;-70,641625;1;2024/08/18 00:00:00+00;1899/12/30 00:00:00+00;REGION METROPOLITANA;RECOLETA;COLISION LATERAL;COLISION;URBANA;CRUCE CON SEMAFORO FUNCIONANDO;IMPRUDENCIA DEL CONDUCTOR;ADELANTAMIENTO SIN EL ESPACIO O TIEMPO SUFICIENTE;ADELA MARTINEZ;RECOLETA;ADELA MARTINEZ - RECOLETA;0;;;BIDIRECCIONAL;ASFALTO;BUENO;SECO;NUBLADO;0;0;0;1
-7875077,298;-3993729,929;13346;2024;1636319;-33,738404;-70,743023;1;2024/09/10 00:00:00+00;1899/12/30 00:00:00+00;REGION METROPOLITANA;BUIN;CHOQUE FRONTAL;CHOQUE;URBANA;TRAMO DE VIA RECTA;IMPRUDENCIA DEL CONDUCTOR;CONDUCCION NO ATENTO CONDICIONES TRANSITO MOMENTO;SAN FRANCISCO;;- SAN FRANCISCO;432;;;BIDIRECCIONAL;ASFALTO;BUENO;SECO;DESPEJADO;0;0;0;4
-7865028,264;-3974731,223;13347;2024;1634845;-33,596362;-70,652751;1;2024/08/31 00:00:00+00;1899/12/30 00:00:00+00;REGION METROPOLITANA;LA PINTANA;ATROPELLO;ATROPELLO;URBANA;TRAMO DE VIA RECTA;IMPRUDENCIA DEL PEATON;PEATON CRUZA CALZADA FUERA PASO PEATONES;FRESIA;;- FRESIA;1460;;;BIDIRECCIONAL;ASFALTO;BUENO;SECO;DESPEJADO;0;1;0;0
-7862771,818;-3947432,282;13348;2024;1633308;-33,391854;-70,632481;1;2024/08/20 00:00:00+00;1899/12/30 00:00:00+00;REGION METROPOLITANA;RECOLETA;COLISION POR ALCANCE;COLISION;URBANA;OTROS NO CONSIDERADOS;IMPRUDENCIA DEL CONDUCTOR;CONDUCCION SIN MANTENER DISTANCIA RAZONABLE NI PRUDENTE;ADELA MARTINEZ;;- ADELA MARTINEZ;4500;;;UNIDIRECCIONAL;ASFALTO;BUENO;SECO;NUBLADO;0;0;0;0
-7879516,162;-3993082,712;13349;2024;1636321;-33,733569;-70,782898;1;2024/09/10 00:00:00+00;1899/12/30 00:00:00+00;REGION METROPOLITANA;BUIN;CHOQUE FRENTE/POSTERIOR;CHOQUE;URBANA;TRAMO DE VIA RECTA;IMPRUDENCIA DEL CONDUCTOR;CONDUCCION NO ATENTO CONDICIONES TRANSITO MOMENTO;CLEMENTE DIAZ;;- CLEMENTE DIAZ;469;;;BIDIRECCIONAL;ASFALTO;BUENO;SECO;DESPEJADO;0;0;0;0
-7862294,48;-3955886,397;13350;2024;1634847;-33,455239;-70,628193;1;2024/08/02 00:00:00+00;1899/12/30 00:00:00+00;REGION METROPOLITANA;NUNOA;COLISION POR ALCANCE;COLISION;URBANA;CRUCE CON SEMAFORO FUNCIONANDO;IMPRUDENCIA DEL CONDUCTOR;CONDUCCION SIN MANTENER DISTANCIA RAZONABLE NI PRUDENTE;MANUEL ANTONIO MATTA;SIMON BOLIVAR;MANUEL ANTONIO MATTA - SIMON BOLIVAR;0;;;UNIDIRECCIONAL;ASFALTO;BUENO;SECO;DESPEJADO;0;0;0;0
-7862899,613;-3949347,038;13351;2024;1633309;-33,406214;-70,633629;1;2024/08/22 00:00:00+00;1899/12/30 00:00:00+00;REGION METROPOLITANA;RECOLETA;COLISION LATERAL;COLISION;URBANA;CRUCE CON SEMAFORO FUNCIONANDO;IMPRUDENCIA DEL CONDUCTOR;CONDUCCION CAMBIAR SORPRESIVAMENTE PISTA CIRCULACION;RECOLETA;;- RECOLETA;1750;;;BIDIRECCIONAL;ASFALTO;BUENO;SECO;NUBLADO;0;0;1;0
-7858172,097;-3960935,669;13352;2024;1634852;-33,493074;-70,591161;1;2024/08/29 00:00:00+00;1899/12/30 00:00:00+00;REGION METROPOLITANA;MACUL;COLISION POR ALCANCE;COLISION;URBANA;CRUCE CON SEMAFORO FUNCIONANDO;IMPRUDENCIA DEL CONDUCTOR;CONDUCCION NO ATENTO CONDICIONES TRANSITO MOMENTO;EL LIBANO;LUIS DURAND;EL LIBANO - LUIS DURAND;0;;;BIDIRECCIONAL;ASFALTO;BUENO;SECO;DESPEJADO;0;0;0;0
-7864295,782;-3952088,917;13353;2024;1633312;-33,426773;-70,646171;1;2024/08/23 00:00:00+00;1899/12/30 00:00:00+00;REGION METROPOLITANA;RECOLETA;CHOQUE LADO/LADO;CHOQUE;URBANA;CRUCE CON SEMAFORO FUNCIONANDO;IMPRUDENCIA DEL CONDUCTOR;CONDUCCION CAMBIAR SORPRESIVAMENTE PISTA CIRCULACION;RECOLETA;BUENOS AIRES;BUENOS AIRES - RECOLETA;0;;;BIDIRECCIONAL;ASFALTO;BUENO;SECO;NUBLADO;0;0;1;0
-7866893,756;-3968165,166;13354;2024;1634853;-33,547217;-70,669509;1;2024/08/14 00:00:00+00;1899/12/30 00:00:00+00;REGION METROPOLITANA;EL BOSQUE;CHOQUE POSTERIOR/LADO;CHOQUE;URBANA;TRAMO DE VIA RECTA;IMPRUDENCIA DEL CONDUCTOR;CONDUCIR VEHICULO EN RETROCESO;18 DE SEPTIEMBRE;GRAN AVDA JOSE MIGUEL CARRERA;18 DE SEPTIEMBRE - GRAN AVDA JOSE MIGUEL CARRERA;0;;;BIDIRECCIONAL;CONCRETO;REGULAR;SECO;DESPEJADO;0;0;0;0
-7864358,9;-3952313,935;13355;2024;1633316;-33,42846;-70,646738;1;2024/08/24 00:00:00+00;1899/12/30 00:00:00+00;REGION METROPOLITANA;RECOLETA;CHOQUE LADO/LADO;CHOQUE;URBANA;CRUCE CON SEMAFORO FUNCIONANDO;ALCOHOL EN CONDUCTOR;CONDUCCION EN ESTADO DE EBRIEDAD;RECOLETA;EUSEBIO LILLO;EUSEBIO LILLO - RECOLETA;0;;;BIDIRECCIONAL;ASFALTO;BUENO;SECO;NUBLADO;0;0;0;0
-7877162,312;-3980641,4;13356;2024;1636322;-33,640574;-70,761753;1;2024/08/01 00:00:00+00;1899/12/30 00:00:00+00;REGION METROPOLITANA;SAN BERNARDO;COLISION FRONTAL;COLISION;URBANA;TRAMO DE VIA RECTA;IMPRUDENCIA DEL CONDUCTOR;NO RESPETAR DERECHO PREFERENTE DE PASO A VEHICULO;ALFONSO RUIZ TAGLE;;- ALFONSO RUIZ TAGLE;44;;;BIDIRECCIONAL;ASFALTO;BUENO;SECO;DESPEJADO;0;0;0;0
-7858114,322;-3962840,645;13357;2024;1634854;-33,507344;-70,590642;1;2024/08/29 00:00:00+00;1899/12/30 00:00:00+00;REGION METROPOLITANA;MACUL;ATROPELLO;ATROPELLO;URBANA;TRAMO DE VIA RECTA;IMPRUDENCIA DEL PEATON;IMPRUDENCIA DEL PEATON;MACUL;;- MACUL;6305;;;UNIDIRECCIONAL;ASFALTO;BUENO;SECO;LLOVIZNA;0;1;0;0
-7866659,986;-3921218,175;13358;2024;1633320;-33,195019;-70,667409;1;2024/08/24 00:00:00+00;1899/12/30 00:00:00+00;REGION METROPOLITANA;COLINA;COLISION PERPENDICULAR;COLISION;URBANA;CRUCE SIN SENALIZACION;ALCOHOL EN CONDUCTOR;CONDUCCION EN ESTADO DE EBRIEDAD;GRAL SAN MARTIN;MONET;GRAL SAN MARTIN - MONET;0;;;BIDIRECCIONAL;ASFALTO;BUENO;SECO;DESPEJADO;0;1;0;0
-7874364,853;-3992545,689;13359;2024;1636325;-33,729557;-70,736623;1;2024/09/10 00:00:00+00;1899/12/30 00:00:00+00;REGION METROPOLITANA;BUIN;COLISION LATERAL;COLISION;URBANA;TRAMO DE VIA RECTA;IMPRUDENCIA DEL CONDUCTOR;CONDUCCION NO ATENTO CONDICIONES TRANSITO MOMENTO;LATERAL PONIENTE;;- LATERAL PONIENTE;32000;;;BIDIRECCIONAL;ASFALTO;BUENO;SECO;DESPEJADO;0;0;0;0
-7863424,596;-3956135,372;13360;2024;1634855;-33,457105;-70,638345;1;2024/08/14 00:00:00+00;1899/12/30 00:00:00+00;REGION METROPOLITANA;SANTIAGO;COLISION POR ALCANCE;COLISION;URBANA;TRAMO DE VIA RECTA;IMPRUDENCIA DEL CONDUCTOR;CONDUCCION SIN MANTENER DISTANCIA RAZONABLE NI PRUDENTE;MANUEL ANTONIO MATTA;;- MANUEL ANTONIO MATTA;459;;;UNIDIRECCIONAL;ASFALTO;BUENO;SECO;DESPEJADO;0;0;0;1
-7867621,897;-3922494,25;13361;2024;1633325;-33,204611;-70,67605;1;2024/08/24 00:00:00+00;1899/12/30 00:00:00+00;REGION METROPOLITANA;COLINA;COLISION PERPENDICULAR;COLISION;URBANA;CRUCE CON SEMAFORO FUNCIONANDO;ALCOHOL EN CONDUCTOR;CONDUCCION EN ESTADO DE EBRIEDAD;INMACULADA CONCEPCION;GRAL SAN MARTIN;GRAL SAN MARTIN - INMACULADA CONCEPCION;0;;;BIDIRECCIONAL;ASFALTO;BUENO;SECO;DESPEJADO;0;0;0;1
-7878168,64;-3978836,29;13362;2024;1636326;-33,627073;-70,770793;1;2024/08/01 00:00:00+00;1899/12/30 00:00:00+00;REGION METROPOLITANA;CALERA DE TANGO;COLISION POR ALCANCE;COLISION;URBANA;TRAMO DE VIA RECTA;ALCOHOL EN CONDUCTOR;CONDUCCION EN ESTADO DE EBRIEDAD;CALERA DE TANGO;;- CALERA DE TANGO;8;;;BIDIRECCIONAL;ASFALTO;BUENO;SECO;NUBLADO;0;0;0;0
-7858138,145;-3962550,54;13363;2024;1634857;-33,505171;-70,590856;1;2024/08/30 00:00:00+00;1899/12/30 00:00:00+00;REGION METROPOLITANA;MACUL;COLISION PERPENDICULAR;COLISION;URBANA;TRAMO DE VIA RECTA;IMPRUDENCIA DEL CONDUCTOR;CONDUCCION NO ATENTO CONDICIONES TRANSITO MOMENTO;CAMILO ORTUZAR;;- CAMILO ORTUZAR;5950;;;BIDIRECCIONAL;ASFALTO;BUENO;SECO;DESPEJADO;0;0;0;0
-7875366,728;-3993046,838;13364;2024;1636329;-33,733301;-70,745623;1;2024/09/10 00:00:00+00;1899/12/30 00:00:00+00;REGION METROPOLITANA;BUIN;CHOQUE POSTERIOR/FRENTE;CHOQUE;URBANA;CRUCE CON SENAL PARE;IMPRUDENCIA DEL CONDUCTOR;CONDUCCION NO ATENTO CONDICIONES TRANSITO MOMENTO;JOSE JOAQUIN PRIETO;ARTURO PRAT;ARTURO PRAT - JOSE JOAQUIN PRIETO;0;;;UNIDIRECCIONAL;ASFALTO;BUENO;SECO;DESPEJADO;0;0;0;0
-7859086,03;-3959880,391;13365;2024;1634862;-33,485168;-70,599371;1;2024/09/02 00:00:00+00;1899/12/30 00:00:00+00;REGION METROPOLITANA;MACUL;COLISION LATERAL;COLISION;URBANA;TRAMO DE VIA RECTA;IMPRUDENCIA DEL CONDUCTOR;ADELANTAMIENTO SOBREPASANDO LINEA CONTINUA;MACUL;;- MACUL;5761;;;UNIDIRECCIONAL;CONCRETO;BUENO;SECO;DESPEJADO;0;0;0;0
-7878168,64;-3978836,29;13366;2024;1636330;-33,627073;-70,770793;1;2024/08/02 00:00:00+00;1899/12/30 00:00:00+00;REGION METROPOLITANA;CALERA DE TANGO;COLISION POR ALCANCE;COLISION;URBANA;TRAMO DE VIA RECTA;IMPRUDENCIA DEL CONDUCTOR;CONDUCCION NO ATENTO CONDICIONES TRANSITO MOMENTO;CALERA DE TANGO;;- CALERA DE TANGO;8;;;BIDIRECCIONAL;ASFALTO;BUENO;SECO;DESPEJADO;0;0;0;0
-7856609,394;-3975600,475;13367;2024;1634864;-33,602866;-70,577123;1;2024/08/28 00:00:00+00;1899/12/30 00:00:00+00;REGION METROPOLITANA;PUENTE ALTO;COLISION LATERAL;COLISION;URBANA;TRAMO DE VIA RECTA;IMPRUDENCIA DEL CONDUCTOR;CONDUCCION NO ATENTO CONDICIONES TRANSITO MOMENTO;CONCHA Y TORO;DOMINGO TOCORNAL;CONCHA Y TORO - DOMINGO TOCORNAL;0;;;BIDIRECCIONAL;CONCRETO;BUENO;SECO;DESPEJADO;0;0;0;0
-7856385,531;-3976440,654;13368;2024;1636332;-33,609152;-70,575112;1;2024/09/09 00:00:00+00;1899/12/30 00:00:00+00;REGION METROPOLITANA;PUENTE ALTO;ATROPELLO;ATROPELLO;URBANA;CRUCE CON SEMAFORO FUNCIONANDO;IMPRUDENCIA DEL PEATON;IMPRUDENCIA DEL PEATON;BALMACEDA;JOSE LUIS COO;BALMACEDA - JOSE LUIS COO;0;;;UNIDIRECCIONAL;ASFALTO;BUENO;SECO;DESPEJADO;0;1;0;0
-7867612,435;-3922485,469;13369;2024;1633327;-33,204545;-70,675965;1;2024/08/26 00:00:00+00;1899/12/30 00:00:00+00;REGION METROPOLITANA;COLINA;COLISION LATERAL;COLISION;URBANA;ROTONDA;IMPRUDENCIA DEL CONDUCTOR;CONDUCCION CAMBIAR SORPRESIVAMENTE PISTA CIRCULACION;DEL VALLE;CHAMISERO;CHAMISERO - DEL VALLE;0;;;UNIDIRECCIONAL;ASFALTO;BUENO;SECO;DESPEJADO;0;0;0;0
-7867234,617;-3968717,749;13370;2024;1634866;-33,551354;-70,672571;1;2024/08/25 00:00:00+00;1899/12/30 00:00:00+00;REGION METROPOLITANA;EL BOSQUE;COLISION POR ALCANCE;COLISION;URBANA;CRUCE CON SEMAFORO FUNCIONANDO;ALCOHOL EN CONDUCTOR;CONDUCCION EN ESTADO DE EBRIEDAD;GRAN AVDA JOSE MIGUEL CARRERA;;- GRAN AVDA JOSE MIGUEL CARRERA;9970;;;BIDIRECCIONAL CON BANDEJON;CONCRETO;BUENO;SECO;DESPEJADO;0;0;0;2
-7878712,992;-3972893,633;13371;2024;1636335;-33,582611;-70,775683;1;2024/08/03 00:00:00+00;1899/12/30 00:00:00+00;REGION METROPOLITANA;CALERA DE TANGO;COLISION LATERAL;COLISION;URBANA;TRAMO DE VIA RECTA;IMPRUDENCIA DEL CONDUCTOR;CONDUCCION NO ATENTO CONDICIONES TRANSITO MOMENTO;CAMINO A LONQUEN;;- CAMINO A LONQUEN;24;;;BIDIRECCIONAL;ASFALTO;BUENO;SECO;DESPEJADO;0;0;0;1
-7866493,674;-3920159,585;13372;2024;1633329;-33,187061;-70,665915;1;2024/08/27 00:00:00+00;1899/12/30 00:00:00+00;REGION METROPOLITANA;COLINA;COLISION PERPENDICULAR;COLISION;URBANA;CRUCE CON SENAL PARE;IMPRUDENCIA DEL CONDUCTOR;CONDUCCION NO ATENTO CONDICIONES TRANSITO MOMENTO;REINA NORTE;PEDRO FIGUEROA;PEDRO FIGUEROA - REINA NORTE;0;;;BIDIRECCIONAL;ASFALTO;BUENO;SECO;DESPEJADO;0;0;0;0
-7868246,734;-3966101,06;13373;2024;1634867;-33,531762;-70,681663;1;2024/09/03 00:00:00+00;1899/12/30 00:00:00+00;REGION METROPOLITANA;LA CISTERNA;CHOQUE LATERAL;CHOQUE;URBANA;CRUCE CON SENAL CEDA EL PASO;IMPRUDENCIA DEL CONDUCTOR;CONDUCCION NO ATENTO CONDICIONES TRANSITO MOMENTO;JOSE JOAQUIN PRIETO VIAL;AMERICO VESPUCIO;AMERICO VESPUCIO - JOSE JOAQUIN PRIETO VIAL;0;;;UNIDIRECCIONAL;CONCRETO;BUENO;SECO;DESPEJADO;0;0;0;0
-7878105,633;-3978880,542;13374;2024;1636339;-33,627404;-70,770227;1;2024/08/05 00:00:00+00;1899/12/30 00:00:00+00;REGION METROPOLITANA;CALERA DE TANGO;COLISION LATERAL;COLISION;URBANA;CRUCE CON SENAL PARE;IMPRUDENCIA DEL CONDUCTOR;CONDUCCION NO ATENTO CONDICIONES TRANSITO MOMENTO;CALERA DE TANGO;SAN JOSE DE MAIPO;CALERA DE TANGO - SAN JOSE DE MAIPO;0;;;BIDIRECCIONAL;ASFALTO;BUENO;MOJADO;LLUVIA;0;0;0;1
-7856861,421;-3951740,261;13375;2024;1633347;-33,424159;-70,579387;1;2024/08/26 00:00:00+00;1899/12/30 00:00:00+00;REGION METROPOLITANA;LAS CONDES;COLISION POR ALCANCE;COLISION;URBANA;TRAMO DE VIA RECTA;IMPRUDENCIA DEL CONDUCTOR;CONDUCCION SIN MANTENER DISTANCIA RAZONABLE NI PRUDENTE;AMERICO VESPUCIO;;- AMERICO VESPUCIO;1051;;;UNIDIRECCIONAL;ASFALTO;BUENO;SECO;DESPEJADO;0;0;0;0