ï»¿X;Y;FID;AÃ±o;IdAccident;Latitud;longitud;ClaseAccid;Fecha;Hora;RegiÃ³n;Comuna;Tipo_Accid;Tipo__CONA;Zona;UbicaciÃ³n;Causa__CON;Causa_Acci;Calle_Uno;Calle_Dos;Intersecci;NÃºmero;Ruta;Ubicaci_1;Calzada;Tipo_Calza;Estado_Cal;CondiciÃ³n;Estado_Atm;Fallecidos;Graves;Menos_Grav;Leves
-7862336,559;-3954771,543;13680;2024;1636530;-33,446883;-70,628571;1;2024/09/01 00:00:00+00;1899/12/30 00:00:00+00;REGION METROPOLITANA;PROVIDENCIA;COLISION LATERAL;COLISION;URBANA;TRAMO DE VIA RECTA;IMPRUDENCIA DEL CONDUCTOR;CONDUCCION NO ATENTO CONDICIONES TRANSITO MOMENTO;SEMINARIO;STA ISABEL;SEMINARIO - STA ISABEL;0;;;BIDIRECCIONAL;ASFALTO;BUENO;SECO;DESPEJADO;0;0;0;0
-7857647,003;-3968983,03;13681;2024;1635404;-33,55334;-70,586444;1;2024/07/25 00:00:00+00;1899/12/30 00:00:00+00;REGION METROPOLITANA;LA FLORIDA;VOLCADURA;VOLCADURA;URBANA;CRUCE CON SEMAFORO FUNCIONANDO;IMPRUDENCIA DEL CONDUCTOR;VIRAJES INDEBIDOS;SAN JOSE DE LA ESTRELLA;VICUNA MACKENNA;SAN JOSE DE LA ESTRELLA - VICUNA MACKENNA;0;;;BIDIRECCIONAL;ASFALTO;BUENO;SECO;DESPEJADO;0;1;0;0
-7862097,334;-3954856,127;13682;2024;1636531;-33,447517;-70,626422;1;2024/09/01 00:00:00+00;1899/12/30 00:00:00+00;REGION METROPOLITANA;PROVIDENCIA;CHOQUE FRENTE/LADO;CHOQUE;URBANA;TRAMO DE VIA RECTA;IMPRUDENCIA DEL CONDUCTOR;CONDUCCION NO ATENTO CONDICIONES TRANSITO MOMENTO;CREDITO;;- CREDITO;596;;;UNIDIRECCIONAL;ASFALTO;BUENO;SECO;DESPEJADO;0;0;0;0
-7876586,679;-3963359,462;13683;2024;1633781;-33,51123;-70,756582;1;2024/08/14 00:00:00+00;1899/12/30 00:00:00+00;REGION METROPOLITANA;MAIPU;COLISION;COLISION;URBANA;ENLACE A NIVEL;IMPRUDENCIA DEL CONDUCTOR;CONDUCCION NO ATENTO CONDICIONES TRANSITO MOMENTO;LO ESPEJO;PADRE HURTADO;LO ESPEJO - PADRE HURTADO;0;;;UNIDIRECCIONAL;CONCRETO;BUENO;SECO;DESPEJADO;0;0;0;0
-7874859,223;-3955728,288;13684;2024;1635405;-33,454054;-70,741064;1;2024/09/01 00:00:00+00;1899/12/30 00:00:00+00;REGION METROPOLITANA;PUDAHUEL;COLISION POR ALCANCE;COLISION;URBANA;TRAMO DE VIA RECTA;IMPRUDENCIA DEL CONDUCTOR;CONDUCCION SIN MANTENER DISTANCIA RAZONABLE NI PRUDENTE;CLAUDIO ARRAU;;- CLAUDIO ARRAU;7216;;;BIDIRECCIONAL;MIXTO;BUENO;SECO;DESPEJADO;0;0;0;0
-7861573,353;-3951663,969;13685;2024;1636534;-33,423587;-70,621715;1;2024/09/01 00:00:00+00;1899/12/30 00:00:00+00;REGION METROPOLITANA;PROVIDENCIA;COLISION LATERAL;COLISION;URBANA;TRAMO DE VIA RECTA;IMPRUDENCIA DEL CONDUCTOR;CONDUCCION NO ATENTO CONDICIONES TRANSITO MOMENTO;STA MARIA;COST NORTE;COST NORTE - STA MARIA;0;;;UNIDIRECCIONAL;ASFALTO;REGULAR;SECO;DESPEJADO;0;0;0;0
-7875826,589;-3960089,143;13686;2024;1633783;-33,486732;-70,749754;1;2024/08/10 00:00:00+00;1899/12/30 00:00:00+00;REGION METROPOLITANA;MAIPU;VOLCADURA;VOLCADURA;URBANA;ROTONDA;FALLAS MECANICAS;FALLAS MECANICAS NEUMATICOS;AMERICO VESPUCIO;LOS PAJARITOS;AMERICO VESPUCIO - LOS PAJARITOS;0;;;BIDIRECCIONAL CON BANDEJON;ASFALTO;BUENO;SECO;DESPEJADO;0;0;0;0
-7876735,847;-3957801,484;13687;2024;1635407;-33,469591;-70,757922;1;2024/09/02 00:00:00+00;1899/12/30 00:00:00+00;REGION METROPOLITANA;MAIPU;COLISION FRONTAL;COLISION;URBANA;TRAMO DE VIA RECTA;IMPRUDENCIA DEL CONDUCTOR;CONDUCCION NO ATENTO CONDICIONES TRANSITO MOMENTO;EL DESCANSO;SAN JUAN DE LA CRUZ;EL DESCANSO - SAN JUAN DE LA CRUZ;0;;;BIDIRECCIONAL CON BANDEJON;MIXTO;BUENO;SECO;DESPEJADO;0;0;0;0
-7861211,453;-3951494,848;13688;2024;1636535;-33,422319;-70,618464;1;2024/09/05 00:00:00+00;1899/12/30 00:00:00+00;REGION METROPOLITANA;PROVIDENCIA;COLISION LATERAL;COLISION;URBANA;TRAMO DE VIA RECTA;IMPRUDENCIA DEL CONDUCTOR;CONDUCCION NO ATENTO CONDICIONES TRANSITO MOMENTO;COST NORTE;LA CONCEPCION;COST NORTE - LA CONCEPCION;0;;;UNIDIRECCIONAL;ASFALTO;BUENO;SECO;DESPEJADO;0;0;0;0
-7873468,174;-3960707,68;13689;2024;1633785;-33,491366;-70,728568;1;2024/08/28 00:00:00+00;1899/12/30 00:00:00+00;REGION METROPOLITANA;CERRILLOS;CHOQUE FRENTE/POSTERIOR;CHOQUE;URBANA;CRUCE SIN SENALIZACION;OTRAS CAUSAS;HECHO DELICTUAL;PASEO CENTRAL ROSA ESTER RODRIGUEZ;ARUBA;ARUBA - PASEO CENTRAL ROSA ESTER RODRIGUEZ;0;;;BIDIRECCIONAL;ASFALTO;BUENO;SECO;NUBLADO;0;0;0;0
-7860457,041;-3951926,859;13690;2024;1636536;-33,425558;-70,611687;1;2024/09/05 00:00:00+00;1899/12/30 00:00:00+00;REGION METROPOLITANA;PROVIDENCIA;CHOQUE LADO/LADO;CHOQUE;URBANA;TRAMO DE VIA RECTA;IMPRUDENCIA DEL CONDUCTOR;CONDUCCION NO ATENTO CONDICIONES TRANSITO MOMENTO;PEDRO DE VALDIVIA;FIDEL OTEIZA;FIDEL OTEIZA - PEDRO DE VALDIVIA;0;;;BIDIRECCIONAL;MIXTO;REGULAR;SECO;DESPEJADO;0;0;0;0
-7869631,771;-3949675,085;13691;2024;1633789;-33,408674;-70,694105;1;2024/08/16 00:00:00+00;1899/12/30 00:00:00+00;REGION METROPOLITANA;RENCA;COLISION LATERAL;COLISION;URBANA;TRAMO DE VIA RECTA;IMPRUDENCIA DEL CONDUCTOR;CONDUCCION NO ATENTO CONDICIONES TRANSITO MOMENTO;PLAZA APOSTOL SANTIAGO;DOMINGO SANTA MARIA;DOMINGO SANTA MARIA - PLAZA APOSTOL SANTIAGO;0;;;UNIDIRECCIONAL;CONCRETO;REGULAR;SECO;DESPEJADO;0;0;0;0
-7859901;-3963968,427;13692;2024;1635411;-33,515791;-70,606692;1;2024/07/27 00:00:00+00;1899/12/30 00:00:00+00;REGION METROPOLITANA;LA FLORIDA;COLISION LATERAL;COLISION;URBANA;CRUCE CON SEMAFORO FUNCIONANDO;IMPRUDENCIA DEL CONDUCTOR;CONDUCCION CAMBIAR SORPRESIVAMENTE PISTA CIRCULACION;VICUNA MACKENNA PONIENTE;ARAGON;ARAGON - VICUNA MACKENNA PONIENTE;0;;;BIDIRECCIONAL;ASFALTO;BUENO;SECO;DESPEJADO;0;0;0;0
-7872316,574;-3963683,634;13693;2024;1633792;-33,513658;-70,718223;1;2024/08/28 00:00:00+00;1899/12/30 00:00:00+00;REGION METROPOLITANA;CERRILLOS;CHOQUE POSTERIOR/FRENTE;CHOQUE;URBANA;CRUCE CON SENAL CEDA EL PASO;OTRAS CAUSAS;HECHO DELICTUAL;CAMINO A LONQUEN;AMERICO VESPUCIO;AMERICO VESPUCIO - CAMINO A LONQUEN;0;;;BIDIRECCIONAL;ASFALTO;BUENO;SECO;NUBLADO;0;0;0;0
-7877789,263;-3955035,571;13694;2024;1635412;-33,448862;-70,767385;1;2024/09/02 00:00:00+00;1899/12/30 00:00:00+00;REGION METROPOLITANA;PUDAHUEL;CHOQUE LATERAL;CHOQUE;URBANA;TRAMO DE VIA RECTA;IMPRUDENCIA DEL CONDUCTOR;CONDUCCION NO ATENTO CONDICIONES TRANSITO MOMENTO;CLAUDIO ARRAU;SERRANO;CLAUDIO ARRAU - SERRANO;0;;;BIDIRECCIONAL CON BANDEJON;ASFALTO;BUENO;SECO;DESPEJADO;0;0;0;0
-7875925,218;-3959358,527;13695;2024;1633793;-33,481258;-70,75064;1;2024/08/10 00:00:00+00;1899/12/30 00:00:00+00;REGION METROPOLITANA;MAIPU;COLISION LATERAL;COLISION;URBANA;CRUCE SIN SENALIZACION;IMPRUDENCIA DEL CONDUCTOR;CONDUCCION NO ATENTO CONDICIONES TRANSITO MOMENTO;AMERICO VESPUCIO;;- AMERICO VESPUCIO;399;;;BIDIRECCIONAL CON BANDEJON;ASFALTO;BUENO;SECO;DESPEJADO;0;0;0;0
-7876427,492;-3956555,547;13696;2024;1635414;-33,460254;-70,755152;1;2024/08/30 00:00:00+00;1899/12/30 00:00:00+00;REGION METROPOLITANA;PUDAHUEL;CHOQUE LADO/LADO;CHOQUE;URBANA;TRAMO DE VIA RECTA;ALCOHOL EN CONDUCTOR;CONDUCCION EN ESTADO DE EBRIEDAD;PROCYON;;- PROCYON;8589;;;UNIDIRECCIONAL;MIXTO;BUENO;SECO;DESPEJADO;0;0;0;0
-7876946,018;-3961067,552;13697;2024;1633797;-33,494062;-70,75981;1;2024/08/09 00:00:00+00;1899/12/30 00:00:00+00;REGION METROPOLITANA;MAIPU;COLISION POR ALCANCE;COLISION;URBANA;CRUCE CON SEMAFORO FUNCIONANDO;IMPRUDENCIA DEL CONDUCTOR;CONDUCCION SIN MANTENER DISTANCIA RAZONABLE NI PRUDENTE;CAMINO LA FARFANA;MANUEL RODRIGUEZ;CAMINO LA FARFANA - MANUEL RODRIGUEZ;0;;;BIDIRECCIONAL;ASFALTO;BUENO;SECO;DESPEJADO;0;0;0;1
-7859702,295;-3954527,533;13698;2024;1636537;-33,445054;-70,604907;1;2024/09/09 00:00:00+00;1899/12/30 00:00:00+00;REGION METROPOLITANA;PROVIDENCIA;CHOQUE POSTERIOR/POSTERIOR;CHOQUE;URBANA;CRUCE CON SEMAFORO FUNCIONANDO;IMPRUDENCIA DEL CONDUCTOR;CONDUCCION NO ATENTO CONDICIONES TRANSITO MOMENTO;DR PEDRO LAUTARO FERRER;;- DR PEDRO LAUTARO FERRER;2074;;;UNIDIRECCIONAL;CONCRETO;REGULAR;SECO;DESPEJADO;0;0;0;0
-7871963,803;-3939746,705;13699;2024;1635415;-33,334191;-70,715054;1;2024/08/30 00:00:00+00;1899/12/30 00:00:00+00;REGION METROPOLITANA;QUILICURA;COLISION LATERAL;COLISION;URBANA;TRAMO DE VIA RECTA;IMPRUDENCIA DEL CONDUCTOR;ADELANTAMIENTO SIN EL ESPACIO O TIEMPO SUFICIENTE;PDTE EDUARDO FREI MONTALVA;SAN IGNACIO;PDTE EDUARDO FREI MONTALVA - SAN IGNACIO;0;;;BIDIRECCIONAL;MIXTO;BUENO;SECO;DESPEJADO;0;0;0;0
-7853747,036;-3948290,016;13700;2024;1633801;-33,398287;-70,55141;1;2024/07/30 00:00:00+00;1899/12/30 00:00:00+00;REGION METROPOLITANA;LAS CONDES;CAIDA;CAIDA;URBANA;TRAMO DE VIA RECTA;IMPRUDENCIA DEL CONDUCTOR;CONDUCCION CAMBIAR SORPRESIVAMENTE PISTA CIRCULACION;LAS CONDES;BOCACCIO;BOCACCIO - LAS CONDES;0;;;BIDIRECCIONAL CON BANDEJON;ASFALTO;BUENO;SECO;DESPEJADO;0;0;0;1
-7878708,725;-3955005,973;13701;2024;1635416;-33,44864;-70,775645;1;2024/09/05 00:00:00+00;1899/12/30 00:00:00+00;REGION METROPOLITANA;PUDAHUEL;COLISION POR ALCANCE;COLISION;URBANA;TRAMO DE VIA RECTA;IMPRUDENCIA DEL CONDUCTOR;CONDUCCION SIN MANTENER DISTANCIA RAZONABLE NI PRUDENTE;AMERICO VESPUCIO;CLAUDIO ARRAU;AMERICO VESPUCIO - CLAUDIO ARRAU;0;;;BIDIRECCIONAL;ASFALTO;BUENO;SECO;DESPEJADO;0;0;0;1
-7871594,556;-3950697,291;13702;2024;1633802;-33,416339;-70,711737;1;2024/08/28 00:00:00+00;1899/12/30 00:00:00+00;REGION METROPOLITANA;QUINTA NORMAL;ATROPELLO;ATROPELLO;URBANA;CRUCE CON SEMAFORO FUNCIONANDO;IMPRUDENCIA DEL CONDUCTOR;NO RESPETAR DERECHO PREFERENTE DE PASO A PEATON;SAMUEL IZQUIERDO;CARRASCAL;CARRASCAL - SAMUEL IZQUIERDO;0;;;BIDIRECCIONAL;ASFALTO;BUENO;SECO;DESPEJADO;0;1;0;0
-7857350,003;-3952736,372;13703;2024;1635417;-33,431627;-70,583776;1;2024/08/29 00:00:00+00;1899/12/30 00:00:00+00;REGION METROPOLITANA;LAS CONDES;COLISION POR ALCANCE;COLISION;URBANA;CRUCE CON SEMAFORO FUNCIONANDO;IMPRUDENCIA DEL CONDUCTOR;CONDUCCION NO ATENTO CONDICIONES TRANSITO MOMENTO;FRANCISCO BILBAO;RUBENS;FRANCISCO BILBAO - RUBENS;0;;;BIDIRECCIONAL CON BANDEJON;CONCRETO;BUENO;SECO;DESPEJADO;0;0;0;0
-7857840,365;-3954985,273;13704;2024;1635418;-33,448485;-70,588181;1;2024/08/28 00:00:00+00;1899/12/30 00:00:00+00;REGION METROPOLITANA;NUNOA;COLISION;COLISION;URBANA;CRUCE CON SENAL PARE;DESOBEDIENCIA A SENALIZACION;SENALIZACION DESOBEDECER SENAL PARE;SIMON BOLIVAR;PEDRO TORRES;PEDRO TORRES - SIMON BOLIVAR;0;;;UNIDIRECCIONAL;CONCRETO;BUENO;SECO;DESPEJADO;0;0;1;0
-7856814,667;-3948708,04;13705;2024;1633806;-33,401422;-70,578967;1;2024/07/28 00:00:00+00;1899/12/30 00:00:00+00;REGION METROPOLITANA;LAS CONDES;OTRO TIPO;OTRO TIPO;URBANA;OTROS NO CONSIDERADOS;IMPRUDENCIA DEL CONDUCTOR;CONDUCCION NO ATENTO CONDICIONES TRANSITO MOMENTO;PDTE KENNEDY;;- PDTE KENNEDY;5413;;;UNIDIRECCIONAL;ASFALTO;BUENO;SECO;DESPEJADO;0;0;0;0
-7859992,727;-3951137,141;13706;2024;1636539;-33,419637;-70,607516;1;2024/09/06 00:00:00+00;1899/12/30 00:00:00+00;REGION METROPOLITANA;PROVIDENCIA;COLISION LATERAL;COLISION;URBANA;TRAMO DE VIA RECTA;IMPRUDENCIA DEL CONDUCTOR;CONDUCCION NO ATENTO CONDICIONES TRANSITO MOMENTO;BUCAREST;GRAL ADOLFO HOLLEY;BUCAREST - GRAL ADOLFO HOLLEY;0;;;UNIDIRECCIONAL;ASFALTO;BUENO;HUMEDO;DESPEJADO;0;0;0;0
-7856113,354;-3954190,677;13707;2024;1635423;-33,442529;-70,572667;1;2024/08/29 00:00:00+00;1899/12/30 00:00:00+00;REGION METROPOLITANA;NUNOA;COLISION;COLISION;URBANA;CRUCE CON SEMAFORO FUNCIONANDO;DESOBEDIENCIA A SENALIZACION;SENALIZACION DESOBEDECER LUZ ROJA DE SEMAFORO;LOS AGUSTINOS;OSSA;LOS AGUSTINOS - OSSA;0;;;BIDIRECCIONAL CON BANDEJON;CONCRETO;BUENO;SECO;DESPEJADO;0;0;0;0
-7851815,865;-3950666,617;13708;2024;1633812;-33,416109;-70,534062;1;2024/08/01 00:00:00+00;1899/12/30 00:00:00+00;REGION METROPOLITANA;LAS CONDES;COLISION LATERAL;COLISION;URBANA;TRAMO DE VIA RECTA;IMPRUDENCIA DEL CONDUCTOR;CONDUCCION CAMBIAR SORPRESIVAMENTE PISTA CIRCULACION;LAS CONDES;;- LAS CONDES;7537;;;BIDIRECCIONAL CON BANDEJON;ASFALTO;BUENO;SECO;DESPEJADO;0;0;0;0
-7860208,576;-3952711,829;13709;2024;1636543;-33,431443;-70,609455;1;2024/09/11 00:00:00+00;1899/12/30 00:00:00+00;REGION METROPOLITANA;PROVIDENCIA;COLISION POR ALCANCE;COLISION;URBANA;TUNEL;IMPRUDENCIA DEL CONDUCTOR;CONDUCCION NO ATENTO CONDICIONES TRANSITO MOMENTO;COST NORTE;;- COST NORTE;12500;;;UNIDIRECCIONAL;ASFALTO;REGULAR;SECO;DESPEJADO;0;0;0;0
-7855518,24;-3957062,072;13710;2024;1635425;-33,46405;-70,567321;1;2024/08/23 00:00:00+00;1899/12/30 00:00:00+00;REGION METROPOLITANA;PENALOLEN;COLISION;COLISION;URBANA;CRUCE CON SENAL PARE;IMPRUDENCIA DEL CONDUCTOR;CONDUCIR VEHICULO EN RETROCESO;CAUPOLICAN;ORIENTAL;CAUPOLICAN - ORIENTAL;0;;;UNIDIRECCIONAL;CONCRETO;BUENO;SECO;DESPEJADO;0;0;0;0
-7858642,311;-3947194,426;13711;2024;1633817;-33,39007;-70,595385;1;2024/07/31 00:00:00+00;1899/12/30 00:00:00+00;REGION METROPOLITANA;VITACURA;OTRO TIPO;OTRO TIPO;URBANA;OTROS NO CONSIDERADOS;IMPRUDENCIA DEL CONDUCTOR;CONDUCCION NO ATENTO CONDICIONES TRANSITO MOMENTO;COST MONS ESCRIVA DE BALAGUER;;- COST MONS ESCRIVA DE BALAGUER;5501;;;UNIDIRECCIONAL;ASFALTO;BUENO;SECO;DESPEJADO;0;0;0;0
-7869957,269;-3955581,522;13712;2024;1635431;-33,452954;-70,697029;1;2024/09/05 00:00:00+00;1899/12/30 00:00:00+00;REGION METROPOLITANA;ESTACION CENTRAL;COLISION LATERAL;COLISION;URBANA;TRAMO DE VIA RECTA;IMPRUDENCIA DEL CONDUCTOR;ADELANTAMIENTO SIN EL ESPACIO O TIEMPO SUFICIENTE;ECUADOR;;- ECUADOR;4430;;;UNIDIRECCIONAL;ASFALTO;BUENO;SECO;DESPEJADO;1;0;0;0
-7863094,868;-3953367,989;13713;2024;1636544;-33,436362;-70,635383;1;2024/09/11 00:00:00+00;1899/12/30 00:00:00+00;REGION METROPOLITANA;PROVIDENCIA;COLISION LATERAL;COLISION;URBANA;TRAMO DE VIA RECTA;IMPRUDENCIA DEL CONDUCTOR;CONDUCCION CAMBIAR SORPRESIVAMENTE PISTA CIRCULACION;VICUNA MACKENNA;ANDRES BELLO;ANDRES BELLO - VICUNA MACKENNA;0;;;UNIDIRECCIONAL;ASFALTO;REGULAR;HUMEDO;DESPEJADO;0;0;0;0
-7856005,374;-3954924,836;13714;2024;1635433;-33,448032;-70,571697;1;2024/08/31 00:00:00+00;1899/12/30 00:00:00+00;REGION METROPOLITANA;NUNOA;COLISION POR ALCANCE;COLISION;URBANA;CRUCE CON SEMAFORO FUNCIONANDO;IMPRUDENCIA DEL CONDUCTOR;CONDUCCION NO ATENTO CONDICIONES TRANSITO MOMENTO;SIMON BOLIVAR;OSSA;OSSA - SIMON BOLIVAR;0;;;BIDIRECCIONAL;CONCRETO;BUENO;SECO;DESPEJADO;0;0;0;0
-7863036,313;-3953407,742;13715;2024;1633825;-33,43666;-70,634857;1;2024/08/01 00:00:00+00;1899/12/30 00:00:00+00;REGION METROPOLITANA;PROVIDENCIA;COLISION LATERAL;COLISION;URBANA;TRAMO DE VIA RECTA;IMPRUDENCIA DEL CONDUCTOR;CONDUCCION NO ATENTO CONDICIONES TRANSITO MOMENTO;PROVIDENCIA;MERCED;MERCED - PROVIDENCIA;0;;;BIDIRECCIONAL CON BANDEJON;ASFALTO;BUENO;HUMEDO;LLOVIZNA;0;0;0;0
-7856498,631;-3956132,837;13716;2024;1635434;-33,457086;-70,576128;1;2024/08/29 00:00:00+00;1899/12/30 00:00:00+00;REGION METROPOLITANA;NUNOA;ATROPELLO;ATROPELLO;URBANA;TRAMO DE VIA RECTA;IMPRUDENCIA DEL PEATON;IMPRUDENCIA DEL PEATON;DIAG ORIENTE;;- DIAG ORIENTE;53;;;BIDIRECCIONAL;CONCRETO;BUENO;SECO;DESPEJADO;0;0;0;0
-7859014,786;-3956399,431;13717;2024;1635435;-33,459084;-70,598731;1;2024/08/30 00:00:00+00;1899/12/30 00:00:00+00;REGION METROPOLITANA;NUNOA;COLISION;COLISION;URBANA;TRAMO DE VIA RECTA;ALCOHOL EN CONDUCTOR;CONDUCCION EN ESTADO DE EBRIEDAD;AMERICO VESPUCIO;ALC EDUARDO CASTILLO VELASCO;ALC EDUARDO CASTILLO VELASCO - AMERICO VESPUCIO;0;;;BIDIRECCIONAL CON BANDEJON;CONCRETO;BUENO;SECO;DESPEJADO;0;0;0;0
-7859012,893;-3964889,346;13718;2024;1633831;-33,522688;-70,598714;1;2024/08/20 00:00:00+00;1899/12/30 00:00:00+00;REGION METROPOLITANA;LA FLORIDA;COLISION LATERAL;COLISION;URBANA;CRUCE CON SEMAFORO FUNCIONANDO;IMPRUDENCIA DEL CONDUCTOR;CONDUCCION NO ATENTO CONDICIONES TRANSITO MOMENTO;MEXICO;DOLLEHUE;DOLLEHUE - MEXICO;0;;;BIDIRECCIONAL;CONCRETO;BUENO;SECO;DESPEJADO;0;0;0;0
-7884456,855;-3967275,906;13719;2024;1635436;-33,540559;-70,827281;1;2024/08/15 00:00:00+00;1899/12/30 00:00:00+00;REGION METROPOLITANA;PADRE HURTADO;COLISION;COLISION;URBANA;TRAMO DE VIA RECTA;IMPRUDENCIA DEL CONDUCTOR;CONDUCCION NO ATENTO CONDICIONES TRANSITO MOMENTO;EL TREBAL;;- EL TREBAL;3000;;;BIDIRECCIONAL;ASFALTO;BUENO;SECO;DESPEJADO;0;0;0;0
-7855712,371;-3949013,52;13720;2024;1633835;-33,403713;-70,569065;1;2024/08/02 00:00:00+00;1899/12/30 00:00:00+00;REGION METROPOLITANA;LAS CONDES;COLISION POR ALCANCE;COLISION;URBANA;TRAMO DE VIA RECTA;IMPRUDENCIA DEL CONDUCTOR;CONDUCCION NO ATENTO CONDICIONES TRANSITO MOMENTO;CERRO EL PLOMO;MANQUEHUE NORTE;CERRO EL PLOMO - MANQUEHUE NORTE;0;;;BIDIRECCIONAL;CONCRETO;BUENO;HUMEDO;LLUVIA;0;0;0;0
-7886515,153;-3974807,667;13721;2024;1635437;-33,596934;-70,845771;1;2024/09/04 00:00:00+00;1899/12/30 00:00:00+00;REGION METROPOLITANA;PENAFLOR;COLISION;COLISION;URBANA;TRAMO DE VIA RECTA;IMPRUDENCIA DEL CONDUCTOR;CONDUCCION NO ATENTO CONDICIONES TRANSITO MOMENTO;BALMACEDA;PAJARITOS;BALMACEDA - PAJARITOS;0;;;BIDIRECCIONAL;ASFALTO;BUENO;SECO;DESPEJADO;0;0;0;1
-7862999,133;-3966899,146;13722;2024;1633836;-33,537738;-70,634523;1;2024/07/27 00:00:00+00;1899/12/30 00:00:00+00;REGION METROPOLITANA;SAN RAMON;COLISION POR ALCANCE;COLISION;URBANA;CRUCE CON SEMAFORO FUNCIONANDO;IMPRUDENCIA DEL CONDUCTOR;CONDUCCION NO ATENTO CONDICIONES TRANSITO MOMENTO;STA ROSA;DONIHUE;DONIHUE - STA ROSA;0;;;BIDIRECCIONAL;ASFALTO;BUENO;SECO;DESPEJADO;0;0;0;1
-7867299,071;-3949716,958;13723;2024;1633837;-33,408988;-70,67315;1;2024/08/26 00:00:00+00;1899/12/30 00:00:00+00;REGION METROPOLITANA;INDEPENDENCIA;ATROPELLO;ATROPELLO;URBANA;TRAMO DE VIA RECTA;IMPRUDENCIA DEL CONDUCTOR;NO RESPETAR DERECHO PREFERENTE DE PASO A PEATON;NVA DE MATTE;;- NVA DE MATTE;2688;;;BIDIRECCIONAL;CONCRETO;BUENO;SECO;DESPEJADO;0;0;0;2
-7861420,288;-3952143,204;13724;2024;1636548;-33,42718;-70,62034;1;2024/09/10 00:00:00+00;1899/12/30 00:00:00+00;REGION METROPOLITANA;PROVIDENCIA;COLISION LATERAL;COLISION;URBANA;TRAMO DE VIA RECTA;IMPRUDENCIA DEL CONDUCTOR;ADELANTAMIENTO SIN EL ESPACIO O TIEMPO SUFICIENTE;PROVIDENCIA;ALMTE PASTENE;ALMTE PASTENE - PROVIDENCIA;0;;;UNIDIRECCIONAL;ASFALTO;BUENO;SECO;DESPEJADO;0;0;0;0
-7856885,021;-3953269,276;13725;2024;1635438;-33,435622;-70,579599;1;2024/08/31 00:00:00+00;1899/12/30 00:00:00+00;REGION METROPOLITANA;NUNOA;VOLCADURA;VOLCADURA;URBANA;CRUCE CON SENAL PARE;ALCOHOL EN CONDUCTOR;CONDUCCION EN ESTADO DE EBRIEDAD;TOBALABA;COVENTRY;COVENTRY - TOBALABA;0;;;BIDIRECCIONAL CON BANDEJON;CONCRETO;BUENO;SECO;DESPEJADO;0;0;0;1
-7859722,555;-3950845,995;13726;2024;1636550;-33,417454;-70,605089;1;2024/06/30 00:00:00+00;1899/12/30 00:00:00+00;REGION METROPOLITANA;PROVIDENCIA;COLISION LATERAL;COLISION;URBANA;TRAMO DE VIA RECTA;IMPRUDENCIA DEL CONDUCTOR;CONDUCCION CAMBIAR SORPRESIVAMENTE PISTA CIRCULACION;VITACURA;HOLANDA;HOLANDA - VITACURA;0;;;UNIDIRECCIONAL;ASFALTO;BUENO;SECO;DESPEJADO;0;0;0;0
-7860645,616;-3963019,545;13727;2024;1635439;-33,508684;-70,613381;1;2024/09/02 00:00:00+00;1899/12/30 00:00:00+00;REGION METROPOLITANA;LA FLORIDA;COLISION;COLISION;URBANA;CRUCE CON SENAL CEDA EL PASO;IMPRUDENCIA DEL CONDUCTOR;CONDUCCION NO ATENTO CONDICIONES TRANSITO MOMENTO;VICUNA MACKENNA;DEPARTAMENTAL;DEPARTAMENTAL - VICUNA MACKENNA;0;;;BIDIRECCIONAL CON BANDEJON;CONCRETO;BUENO;SECO;DESPEJADO;0;0;0;1
-7875065,72;-4004194,352;13728;2024;1636551;-33,81654;-70,742919;1;2024/09/05 00:00:00+00;1899/12/30 00:00:00+00;REGION METROPOLITANA;PAINE;CHOQUE FRENTE/POSTERIOR;CHOQUE;URBANA;TRAMO DE VIA RECTA;IMPRUDENCIA DEL CONDUCTOR;CONDUCCION NO ATENTO CONDICIONES TRANSITO MOMENTO;GENERAL BAQUEDANO;;- GENERAL BAQUEDANO;1028;;;BIDIRECCIONAL;ASFALTO;BUENO;SECO;DESPEJADO;0;0;0;0
-7857097,975;-3957550,204;13729;2024;1635440;-33,467708;-70,581512;1;2024/09/02 00:00:00+00;1899/12/30 00:00:00+00;REGION METROPOLITANA;NUNOA;COLISION;COLISION;URBANA;CRUCE CON SEMAFORO FUNCIONANDO;IMPRUDENCIA DEL CONDUCTOR;CONDUCCION NO ATENTO CONDICIONES TRANSITO MOMENTO;GRECIA;ALC JORGE MONCKEBERG;ALC JORGE MONCKEBERG - GRECIA;0;;;BIDIRECCIONAL CON BANDEJON;CONCRETO;BUENO;SECO;DESPEJADO;0;0;0;0
-7860655,524;-3950833,459;13730;2024;1636553;-33,41736;-70,61347;1;2024/09/09 00:00:00+00;1899/12/30 00:00:00+00;REGION METROPOLITANA;PROVIDENCIA;COLISION POR ALCANCE;COLISION;URBANA;TRAMO DE VIA RECTA;IMPRUDENCIA DEL CONDUCTOR;CONDUCCION NO ATENTO CONDICIONES TRANSITO MOMENTO;LOS CONQUISTADORES;PADRE LETELIER;LOS CONQUISTADORES - PADRE LETELIER;0;;;UNIDIRECCIONAL;ASFALTO;BUENO;SECO;DESPEJADO;0;0;1;0