ï»¿X;Y;FID;AÃ±o;IdAccident;Latitud;longitud;ClaseAccid;Fecha;Hora;RegiÃ³n;Comuna;Tipo_Accid;Tipo__CONA;Zona;UbicaciÃ³n;Causa__CON;Causa_Acci;Calle_Uno;Calle_Dos;Intersecci;NÃºmero;Ruta;Ubicaci_1;Calzada;Tipo_Calza;Estado_Cal;CondiciÃ³n;Estado_Atm;Fallecidos;Graves;Menos_Grav;Leves
-7856726,725;-3953359,852;13731;2024;1635441;-33,436301;-70,578177;1;2024/08/05 00:00:00+00;1899/12/30 00:00:00+00;REGION METROPOLITANA;NUNOA;COLISION;COLISION;URBANA;CRUCE CON SENAL PARE;IMPRUDENCIA DEL CONDUCTOR;CONDUCCION NO ATENTO CONDICIONES TRANSITO MOMENTO;TOBALABA;HAMBURGO;HAMBURGO - TOBALABA;0;;;UNIDIRECCIONAL;CONCRETO;BUENO;SECO;DESPEJADO;0;0;0;1
-7873439,677;-3960349,955;13732;2024;1636561;-33,488686;-70,728312;1;2024/09/11 00:00:00+00;1899/12/30 00:00:00+00;REGION METROPOLITANA;CERRILLOS;COLISION LATERAL;COLISION;URBANA;TRAMO DE VIA RECTA;IMPRUDENCIA DEL CONDUCTOR;CONDUCCION CAMBIAR SORPRESIVAMENTE PISTA CIRCULACION;GROENLANDIA;;- GROENLANDIA;2367;;;BIDIRECCIONAL;ASFALTO;BUENO;SECO;NUBLADO;0;0;0;0
-7866300,758;-3966606,535;13733;2024;1633844;-33,535547;-70,664182;1;2024/08/04 00:00:00+00;1899/12/30 00:00:00+00;REGION METROPOLITANA;EL BOSQUE;CHOQUE FRONTAL;CHOQUE;URBANA;TRAMO DE VIA RECTA;FALLAS MECANICAS;FALLAS MECANICAS DIRECCION;GRAN AVDA JOSE MIGUEL CARRERA;;- GRAN AVDA JOSE MIGUEL CARRERA;8689;;;BIDIRECCIONAL CON BANDEJON;CONCRETO;BUENO;SECO;DESPEJADO;0;0;0;0
-7856128,939;-3947314,553;13734;2024;1635442;-33,390971;-70,572807;1;2024/09/03 00:00:00+00;1899/12/30 00:00:00+00;REGION METROPOLITANA;VITACURA;COLISION;COLISION;URBANA;ROTONDA;IMPRUDENCIA DEL CONDUCTOR;CONDUCCION NO ATENTO CONDICIONES TRANSITO MOMENTO;IRENE FREI;VITACURA;IRENE FREI - VITACURA;0;;;UNIDIRECCIONAL;CONCRETO;BUENO;SECO;DESPEJADO;0;0;0;0
-7865653,435;-3958933,713;13735;2024;1636562;-33,478075;-70,658367;1;2024/09/10 00:00:00+00;1899/12/30 00:00:00+00;REGION METROPOLITANA;PEDRO AGUIRRE CERDA;COLISION LATERAL;COLISION;URBANA;TRAMO DE VIA RECTA;IMPRUDENCIA DEL CONDUCTOR;CONDUCCION NO ATENTO CONDICIONES TRANSITO MOMENTO;TRASLAVINA;;- TRASLAVINA;1728;;;UNIDIRECCIONAL;ASFALTO;BUENO;SECO;DESPEJADO;0;0;0;0
-7862055,7;-3953197,109;13736;2024;1635443;-33,435081;-70,626048;1;2024/09/02 00:00:00+00;1899/12/30 00:00:00+00;REGION METROPOLITANA;PROVIDENCIA;COLISION;COLISION;URBANA;TRAMO DE VIA RECTA;IMPRUDENCIA DEL CONDUCTOR;CONDUCCION NO ATENTO CONDICIONES TRANSITO MOMENTO;SALVADOR;DR HERNAN ALESSANDRI;DR HERNAN ALESSANDRI - SALVADOR;0;;;BIDIRECCIONAL;CONCRETO;BUENO;SECO;DESPEJADO;0;0;0;0
-7867136,767;-3945733,534;13737;2024;1636564;-33,379112;-70,671692;1;2024/09/01 00:00:00+00;1899/12/30 00:00:00+00;REGION METROPOLITANA;CONCHALI;COLISION LATERAL;COLISION;URBANA;TRAMO DE VIA RECTA;IMPRUDENCIA DEL CONDUCTOR;CONDUCCION NO ATENTO CONDICIONES TRANSITO MOMENTO;PRINCIPAL CAP IGNACIO CARRERA PINTO;NAHUELBUTA;NAHUELBUTA - PRINCIPAL CAP IGNACIO CARRERA PINTO;0;;;UNIDIRECCIONAL;ASFALTO;REGULAR;SECO;DESPEJADO;0;0;0;0
-7861189,078;-3955141,37;13738;2024;1635444;-33,449655;-70,618263;1;2024/09/04 00:00:00+00;1899/12/30 00:00:00+00;REGION METROPOLITANA;NUNOA;COLISION;COLISION;URBANA;CRUCE CON SEMAFORO FUNCIONANDO;IMPRUDENCIA DEL CONDUCTOR;CONDUCCION CAMBIAR SORPRESIVAMENTE PISTA CIRCULACION;JOSE MANUEL INFANTE;SUCRE;JOSE MANUEL INFANTE - SUCRE;0;;;UNIDIRECCIONAL;CONCRETO;BUENO;SECO;DESPEJADO;0;0;0;0
-7866896,428;-3955542,963;13739;2024;1636568;-33,452665;-70,669533;1;2024/08/26 00:00:00+00;1899/12/30 00:00:00+00;REGION METROPOLITANA;SANTIAGO;CHOQUE FRENTE/POSTERIOR;CHOQUE;URBANA;CRUCE CON SEMAFORO FUNCIONANDO;IMPRUDENCIA DEL CONDUCTOR;CONDUCCION NO ATENTO CONDICIONES TRANSITO MOMENTO;ESPANA;GRAJALES;ESPANA - GRAJALES;0;;;UNIDIRECCIONAL;ADOQUIN;BUENO;SECO;DESPEJADO;0;0;0;0
-7855904,964;-3955410,209;13740;2024;1635445;-33,45167;-70,570795;1;2024/09/04 00:00:00+00;1899/12/30 00:00:00+00;REGION METROPOLITANA;NUNOA;CHOQUE FRONTAL;CHOQUE;URBANA;TRAMO DE VIA RECTA;ALCOHOL EN CONDUCTOR;CONDUCCION EN ESTADO DE EBRIEDAD;OSSA;HANNOVER;HANNOVER - OSSA;0;;;BIDIRECCIONAL CON BANDEJON;CONCRETO;BUENO;SECO;DESPEJADO;0;0;0;0
-7887158,357;-3986405,447;13741;2024;1636569;-33,683671;-70,851549;1;2024/08/29 00:00:00+00;1899/12/30 00:00:00+00;REGION METROPOLITANA;TALAGANTE;COLISION LATERAL;COLISION;URBANA;TRAMO DE VIA RECTA;IMPRUDENCIA DEL CONDUCTOR;ADELANTAMIENTO POR LA BERMA;LONQUEN SUR;;- LONQUEN SUR;3300;;;BIDIRECCIONAL;ASFALTO;REGULAR;SECO;DESPEJADO;0;0;0;2
-7866277,38;-3954487,377;13742;2024;1635446;-33,444753;-70,663972;1;2024/09/05 00:00:00+00;1899/12/30 00:00:00+00;REGION METROPOLITANA;SANTIAGO;CHOQUE POSTERIOR/FRENTE;CHOQUE;URBANA;TRAMO DE VIA RECTA;IMPRUDENCIA DEL CONDUCTOR;CONDUCCION NO ATENTO CONDICIONES TRANSITO MOMENTO;LIBER BERNARDO O'HIGGINS;JOSE TORIBIO MEDINA;JOSE TORIBIO MEDINA - LIBER BERNARDO O'HIGGINS;0;;;BIDIRECCIONAL CON BANDEJON;CONCRETO;BUENO;SECO;DESPEJADO;0;0;0;0
-7895445,759;-3983423,222;13743;2024;1636571;-33,661376;-70,925996;1;2024/09/06 00:00:00+00;1899/12/30 00:00:00+00;REGION METROPOLITANA;TALAGANTE;CHOQUE FRENTE/POSTERIOR;CHOQUE;URBANA;TRAMO DE VIA RECTA;FALLAS MECANICAS;FALLAS MECANICAS FRENOS;BALMACEDA;;- BALMACEDA;667;;;BIDIRECCIONAL;ASFALTO;REGULAR;SECO;DESPEJADO;0;0;0;1
-7889795,07;-3933338,42;13744;2024;1635447;-33,286082;-70,875235;1;2024/09/06 00:00:00+00;1899/12/30 00:00:00+00;REGION METROPOLITANA;LAMPA;COLISION LATERAL;COLISION;URBANA;TRAMO DE VIA RECTA;IMPRUDENCIA DEL CONDUCTOR;CONDUCCION NO ATENTO CONDICIONES TRANSITO MOMENTO;ARTURO PRAT;;- ARTURO PRAT;1221;;;BIDIRECCIONAL;ASFALTO;BUENO;SECO;DESPEJADO;0;0;0;0
-7866866,595;-3955039,306;13745;2024;1636572;-33,44889;-70,669265;1;2024/08/26 00:00:00+00;1899/12/30 00:00:00+00;REGION METROPOLITANA;SANTIAGO;COLISION PERPENDICULAR;COLISION;URBANA;CRUCE CON SENAL CEDA EL PASO;DESOBEDIENCIA A SENALIZACION;SENALIZACION DESOBEDECER SENAL CEDA EL PASO;GAY;ABATE MOLINA;ABATE MOLINA - GAY;0;;;UNIDIRECCIONAL;CONCRETO;BUENO;SECO;DESPEJADO;0;1;0;0
-7857078,049;-3950237,987;13746;2024;1633845;-33,412895;-70,581333;1;2024/08/02 00:00:00+00;1899/12/30 00:00:00+00;REGION METROPOLITANA;LAS CONDES;COLISION POR ALCANCE;COLISION;URBANA;TRAMO DE VIA RECTA;IMPRUDENCIA DEL CONDUCTOR;CONDUCCION SIN MANTENER DISTANCIA RAZONABLE NI PRUDENTE;APOQUINDO;SAN PASCUAL;APOQUINDO - SAN PASCUAL;0;;;BIDIRECCIONAL CON BANDEJON;CONCRETO;BUENO;HUMEDO;LLOVIZNA;0;0;0;1
-7878371,798;-3967269,361;13747;2024;1635466;-33,54051;-70,772618;1;2024/08/27 00:00:00+00;1899/12/30 00:00:00+00;REGION METROPOLITANA;MAIPU;COLISION LATERAL;COLISION;URBANA;TRAMO DE VIA RECTA;IMPRUDENCIA DEL CONDUCTOR;CONDUCCION NO ATENTO CONDICIONES TRANSITO MOMENTO;MAR EGEO;;- MAR EGEO;1370;;;UNIDIRECCIONAL;ASFALTO;BUENO;SECO;DESPEJADO;0;0;0;0
-7875222,497;-3961466,872;13748;2024;1635467;-33,497053;-70,744327;1;2024/08/28 00:00:00+00;1899/12/30 00:00:00+00;REGION METROPOLITANA;MAIPU;COLISION LATERAL;COLISION;URBANA;TRAMO DE VIA RECTA;IMPRUDENCIA DEL CONDUCTOR;VIRAJES INDEBIDOS;SEGUNDA TRANSVERSAL;RAFAEL RIESCO BERNALES;RAFAEL RIESCO BERNALES - SEGUNDA TRANSVERSAL;0;;;BIDIRECCIONAL;ASFALTO;BUENO;SECO;DESPEJADO;0;0;0;0
-7866893,756;-3968165,166;13749;2024;1633854;-33,547217;-70,669509;1;2024/08/02 00:00:00+00;1899/12/30 00:00:00+00;REGION METROPOLITANA;EL BOSQUE;CHOQUE FRENTE/POSTERIOR;CHOQUE;URBANA;TRAMO DE VIA RECTA;IMPRUDENCIA DEL CONDUCTOR;CONDUCCION SIN MANTENER DISTANCIA RAZONABLE NI PRUDENTE;GRAN AVDA JOSE MIGUEL CARRERA;18 DE SEPTIEMBRE;18 DE SEPTIEMBRE - GRAN AVDA JOSE MIGUEL CARRERA;0;;;BIDIRECCIONAL CON BANDEJON;CONCRETO;BUENO;MOJADO;LLUVIA;0;0;0;0
-7875981,1;-3962853,729;13750;2024;1635471;-33,507442;-70,751142;1;2024/08/28 00:00:00+00;1899/12/30 00:00:00+00;REGION METROPOLITANA;MAIPU;COLISION LATERAL;COLISION;URBANA;TRAMO DE VIA RECTA;IMPRUDENCIA DEL CONDUCTOR;CONDUCCION NO ATENTO CONDICIONES TRANSITO MOMENTO;FELIX ALDAO;;- FELIX ALDAO;2145;;;BIDIRECCIONAL;ASFALTO;BUENO;SECO;DESPEJADO;0;0;0;0
-7876157,987;-3962592,193;13751;2024;1635473;-33,505483;-70,752731;1;2024/08/28 00:00:00+00;1899/12/30 00:00:00+00;REGION METROPOLITANA;MAIPU;COLISION LATERAL;COLISION;URBANA;TRAMO DE VIA RECTA;IMPRUDENCIA DEL CONDUCTOR;CONDUCCION NO ATENTO CONDICIONES TRANSITO MOMENTO;PRIMERA TRANSVERSAL;TRISTAN VALDES;PRIMERA TRANSVERSAL - TRISTAN VALDES;0;;;BIDIRECCIONAL;ASFALTO;BUENO;SECO;DESPEJADO;0;0;0;0
-7857566,964;-3951848,565;13752;2024;1633855;-33,424971;-70,585725;1;2024/08/02 00:00:00+00;1899/12/30 00:00:00+00;REGION METROPOLITANA;LAS CONDES;COLISION LATERAL;COLISION;URBANA;CRUCE CON SEMAFORO FUNCIONANDO;IMPRUDENCIA DEL CONDUCTOR;CONDUCCION NO ATENTO CONDICIONES TRANSITO MOMENTO;CRISTOBAL COLON;ALCANTARA;ALCANTARA - CRISTOBAL COLON;0;;;BIDIRECCIONAL;ASFALTO;BUENO;MOJADO;LLUVIA;0;0;0;1
-7874775,399;-4004450,94;13753;2024;1636574;-33,818455;-70,740311;1;2024/09/06 00:00:00+00;1899/12/30 00:00:00+00;REGION METROPOLITANA;PAINE;COLISION FRONTAL;COLISION;URBANA;CRUCE CON SENAL PARE;ALCOHOL EN CONDUCTOR;CONDUCCION EN ESTADO DE EBRIEDAD;SAN VICENTE;ANTILLAS;ANTILLAS - SAN VICENTE;0;;;BIDIRECCIONAL;ASFALTO;BUENO;SECO;DESPEJADO;0;0;0;0
-7876680,298;-3963422,347;13754;2024;1635474;-33,511701;-70,757423;1;2024/08/28 00:00:00+00;1899/12/30 00:00:00+00;REGION METROPOLITANA;MAIPU;COLISION LATERAL;COLISION;URBANA;TRAMO DE VIA RECTA;IMPRUDENCIA DEL CONDUCTOR;ADELANTAMIENTO SIN EL ESPACIO O TIEMPO SUFICIENTE;LOS PAJARITOS;CARMEN LUISA CORREA;CARMEN LUISA CORREA - LOS PAJARITOS;0;;;BIDIRECCIONAL CON BANDEJON;ASFALTO;BUENO;SECO;DESPEJADO;0;0;0;0
-7859012,893;-3964889,346;13755;2024;1633861;-33,522688;-70,598714;1;2024/08/20 00:00:00+00;1899/12/30 00:00:00+00;REGION METROPOLITANA;LA FLORIDA;COLISION LATERAL;COLISION;URBANA;CRUCE CON SEMAFORO FUNCIONANDO;IMPRUDENCIA DEL CONDUCTOR;VIRAJES INDEBIDOS;STA AMALIA;COLOMBIA;COLOMBIA - STA AMALIA;0;;;BIDIRECCIONAL CON BANDEJON;CONCRETO;BUENO;SECO;DESPEJADO;0;0;0;1
-7865830,099;-3953472,44;13756;2024;1636575;-33,437145;-70,659954;1;2024/08/26 00:00:00+00;1899/12/30 00:00:00+00;REGION METROPOLITANA;SANTIAGO;COLISION POR ALCANCE;COLISION;URBANA;OTROS NO CONSIDERADOS;IMPRUDENCIA DEL CONDUCTOR;CONDUCCION NO ATENTO CONDICIONES TRANSITO MOMENTO;STO DOMINGO;MANUEL RODRIGUEZ;MANUEL RODRIGUEZ - STO DOMINGO;0;;;UNIDIRECCIONAL;ASFALTO;BUENO;SECO;DESPEJADO;0;0;0;0
-7876000,47;-3964005,012;13757;2024;1635475;-33,516065;-70,751316;1;2024/08/28 00:00:00+00;1899/12/30 00:00:00+00;REGION METROPOLITANA;MAIPU;COLISION LATERAL;COLISION;URBANA;TRAMO DE VIA RECTA;IMPRUDENCIA DEL CONDUCTOR;CONDUCCION NO ATENTO CONDICIONES TRANSITO MOMENTO;PRIMERA TRANSVERSAL;4 ALAMOS;4 ALAMOS - PRIMERA TRANSVERSAL;0;;;BIDIRECCIONAL;ASFALTO;BUENO;SECO;DESPEJADO;0;0;0;1
-7858501,825;-3963471,88;13758;2024;1633864;-33,512072;-70,594123;1;2024/08/16 00:00:00+00;1899/12/30 00:00:00+00;REGION METROPOLITANA;LA FLORIDA;ATROPELLO;ATROPELLO;URBANA;CRUCE CON SEMAFORO FUNCIONANDO;IMPRUDENCIA DEL CONDUCTOR;NO RESPETAR DERECHO PREFERENTE DE PASO A PEATON;NVA 1;EL PARQUE;EL PARQUE - NVA 1;0;;;UNIDIRECCIONAL;ASFALTO;BUENO;SECO;DESPEJADO;0;1;0;1
-7875806,44;-3963210,864;13759;2024;1635476;-33,510117;-70,749573;1;2024/08/29 00:00:00+00;1899/12/30 00:00:00+00;REGION METROPOLITANA;MAIPU;CHOQUE LADO/LADO;CHOQUE;URBANA;TRAMO DE VIA RECTA;IMPRUDENCIA DEL CONDUCTOR;CONDUCCION NO ATENTO CONDICIONES TRANSITO MOMENTO;5 DE ABRIL;;- 5 DE ABRIL;700;;;UNIDIRECCIONAL;ASFALTO;BUENO;SECO;DESPEJADO;0;0;0;0
-7874370,641;-3954439,216;13760;2024;1636579;-33,444392;-70,736675;1;2024/08/09 00:00:00+00;1899/12/30 00:00:00+00;REGION METROPOLITANA;LO PRADO;COLISION PERPENDICULAR;COLISION;URBANA;TRAMO DE VIA RECTA;IMPRUDENCIA DEL CONDUCTOR;CONDUCCION NO ATENTO CONDICIONES TRANSITO MOMENTO;SAN PABLO;;- SAN PABLO;7217;;;BIDIRECCIONAL;ASFALTO;BUENO;SECO;DESPEJADO;0;0;0;0
-7868396,458;-3955671,583;13761;2024;1635477;-33,453629;-70,683008;1;2024/06/04 00:00:00+00;1899/12/30 00:00:00+00;REGION METROPOLITANA;ESTACION CENTRAL;COLISION LATERAL;COLISION;URBANA;CRUCE CON SEMAFORO FUNCIONANDO;IMPRUDENCIA DEL CONDUCTOR;CONDUCCION SIN MANTENER DISTANCIA RAZONABLE NI PRUDENTE;LIBER BERNARDO O'HIGGINS;HNOS ARELLANO;HNOS ARELLANO - LIBER BERNARDO O'HIGGINS;0;;;BIDIRECCIONAL CON BANDEJON;ASFALTO;BUENO;SECO;DESPEJADO;0;0;0;0
-7867670,099;-3968617,836;13762;2024;1633866;-33,550606;-70,676483;1;2024/08/07 00:00:00+00;1899/12/30 00:00:00+00;REGION METROPOLITANA;EL BOSQUE;ATROPELLO;ATROPELLO;URBANA;TRAMO DE VIA RECTA;IMPRUDENCIA DEL CONDUCTOR;CONDUCCION NO ATENTO CONDICIONES TRANSITO MOMENTO;GRAL KORNER;;- GRAL KORNER;286;;;UNIDIRECCIONAL;CONCRETO;BUENO;SECO;DESPEJADO;0;0;0;1
-7876678,628;-3962595,798;13763;2024;1635478;-33,50551;-70,757408;1;2024/08/28 00:00:00+00;1899/12/30 00:00:00+00;REGION METROPOLITANA;MAIPU;CHOQUE FRENTE/POSTERIOR;CHOQUE;URBANA;TRAMO DE VIA RECTA;IMPRUDENCIA DEL CONDUCTOR;CONDUCIR VEHICULO EN RETROCESO;LOS PAJARITOS;TRISTAN VALDES;LOS PAJARITOS - TRISTAN VALDES;0;;;BIDIRECCIONAL CON BANDEJON;ASFALTO;BUENO;SECO;DESPEJADO;0;0;0;0
-7871100,186;-3968220,596;13764;2024;1633874;-33,547632;-70,707296;1;2024/08/26 00:00:00+00;1899/12/30 00:00:00+00;REGION METROPOLITANA;SAN BERNARDO;CHOQUE POSTERIOR/FRENTE;CHOQUE;URBANA;TRAMO DE VIA RECTA;IMPRUDENCIA DEL CONDUCTOR;CONDUCCION NO ATENTO CONDICIONES TRANSITO MOMENTO;GRAL VELASQUEZ;;- GRAL VELASQUEZ;10700;;;UNIDIRECCIONAL;ASFALTO;BUENO;SECO;DESPEJADO;0;0;0;1
-7889999,787;-3975825,684;13765;2024;1633883;-33,604551;-70,877074;1;2024/08/19 00:00:00+00;1899/12/30 00:00:00+00;REGION METROPOLITANA;PENAFLOR;COLISION;COLISION;URBANA;TRAMO DE VIA RECTA;IMPRUDENCIA DEL CONDUCTOR;CONDUCCION NO ATENTO CONDICIONES TRANSITO MOMENTO;FRANCISCO BILBAO;;- FRANCISCO BILBAO;642;;;BIDIRECCIONAL;CONCRETO;BUENO;SECO;DESPEJADO;0;0;0;0
-7876955,814;-3963293,24;13766;2024;1635479;-33,510734;-70,759898;1;2024/08/29 00:00:00+00;1899/12/30 00:00:00+00;REGION METROPOLITANA;MAIPU;COLISION FRONTAL;COLISION;URBANA;CRUCE CON SEMAFORO FUNCIONANDO;DESOBEDIENCIA A SENALIZACION;SENALIZACION DESOBEDECER LUZ ROJA DE SEMAFORO;5 DE ABRIL;MANUEL RODRIGUEZ;5 DE ABRIL - MANUEL RODRIGUEZ;0;;;UNIDIRECCIONAL;CONCRETO;BUENO;SECO;DESPEJADO;0;0;0;1
-7855968,973;-3963792,183;13767;2024;1633892;-33,514471;-70,57137;1;2024/08/24 00:00:00+00;1899/12/30 00:00:00+00;REGION METROPOLITANA;LA FLORIDA;CHOQUE FRONTAL;CHOQUE;URBANA;OTROS NO CONSIDERADOS;DROGAS Y/O FATIGA EN CONDUCTOR;CONDICIONES FISICAS DEFICIENTES (CANSANCIO, SUENO);VOLCAN CARRAN;;- VOLCAN CARRAN;3011;;;UNIDIRECCIONAL;CONCRETO;BUENO;SECO;DESPEJADO;0;0;0;0
-7866686,146;-3952795,731;13768;2024;1636581;-33,432072;-70,667644;1;2024/08/26 00:00:00+00;1899/12/30 00:00:00+00;REGION METROPOLITANA;SANTIAGO;COLISION LATERAL;COLISION;URBANA;CRUCE CON SEMAFORO FUNCIONANDO;IMPRUDENCIA DEL CONDUCTOR;CONDUCCION NO ATENTO CONDICIONES TRANSITO MOMENTO;MAPOCHO;MATURANA;MAPOCHO - MATURANA;0;;;UNIDIRECCIONAL;ASFALTO;BUENO;SECO;DESPEJADO;0;0;0;0
-7869903,39;-3970006,544;13769;2024;1633898;-33,561002;-70,696545;1;2024/08/07 00:00:00+00;1899/12/30 00:00:00+00;REGION METROPOLITANA;EL BOSQUE;CHOQUE FRENTE/POSTERIOR;CHOQUE;URBANA;CRUCE CON SENAL PARE;IMPRUDENCIA DEL CONDUCTOR;CONDUCCION NO ATENTO CONDICIONES TRANSITO MOMENTO;OCHAGAVIA;;- OCHAGAVIA;9580;;;BIDIRECCIONAL;CONCRETO;BUENO;SECO;DESPEJADO;0;0;0;0
-7877581,648;-3964198,153;13770;2024;1635480;-33,517512;-70,76552;1;2024/08/29 00:00:00+00;1899/12/30 00:00:00+00;REGION METROPOLITANA;MAIPU;OTRO TIPO;OTRO TIPO;URBANA;TRAMO DE VIA RECTA;IMPRUDENCIA DEL CONDUCTOR;CONDUCCION NO ATENTO CONDICIONES TRANSITO MOMENTO;HUASCAR;PORTALES;HUASCAR - PORTALES;0;;;BIDIRECCIONAL;ASFALTO;BUENO;SECO;DESPEJADO;0;0;0;1
-7866386,808;-3956147,514;13771;2024;1636583;-33,457196;-70,664955;1;2024/08/27 00:00:00+00;1899/12/30 00:00:00+00;REGION METROPOLITANA;SANTIAGO;CHOQUE FRENTE/POSTERIOR;CHOQUE;URBANA;CRUCE CON SEMAFORO FUNCIONANDO;IMPRUDENCIA DEL CONDUCTOR;CONDUCCION NO ATENTO CONDICIONES TRANSITO MOMENTO;CLUB HIPICO;BLANCO ENCALADA;BLANCO ENCALADA - CLUB HIPICO;0;;;UNIDIRECCIONAL;CONCRETO;BUENO;SECO;DESPEJADO;0;0;0;1
-7873923,805;-3957354,308;13772;2024;1635482;-33,46624;-70,732661;1;2024/08/30 00:00:00+00;1899/12/30 00:00:00+00;REGION METROPOLITANA;MAIPU;COLISION POR ALCANCE;COLISION;URBANA;TRAMO DE VIA RECTA;IMPRUDENCIA DEL CONDUCTOR;CONDUCCION SIN MANTENER DISTANCIA RAZONABLE NI PRUDENTE;LOS PAJARITOS;;- LOS PAJARITOS;4220;;;BIDIRECCIONAL CON BANDEJON;ASFALTO;BUENO;SECO;DESPEJADO;0;0;0;0
-7860445,686;-3969615,269;13773;2024;1633901;-33,558073;-70,611585;1;2024/08/11 00:00:00+00;1899/12/30 00:00:00+00;REGION METROPOLITANA;LA FLORIDA;COLISION LATERAL;COLISION;URBANA;CRUCE CON SENAL CEDA EL PASO;IMPRUDENCIA DEL CONDUCTOR;CONDUCCION NO ATENTO CONDICIONES TRANSITO MOMENTO;LAPIZLAZULI;BAHIA CATALINA;BAHIA CATALINA - LAPIZLAZULI;0;;;BIDIRECCIONAL;ASFALTO;BUENO;SECO;DESPEJADO;0;0;0;0
-7877881,419;-3959996,94;13774;2024;1635483;-33,486041;-70,768213;1;2024/08/30 00:00:00+00;1899/12/30 00:00:00+00;REGION METROPOLITANA;MAIPU;COLISION POR ALCANCE;COLISION;URBANA;TRAMO DE VIA RECTA;IMPRUDENCIA DEL CONDUCTOR;CONDUCCION NO ATENTO CONDICIONES TRANSITO MOMENTO;EL ROSAL;LAS CAMELIAS;EL ROSAL - LAS CAMELIAS;0;;;BIDIRECCIONAL;ASFALTO;BUENO;SECO;DESPEJADO;0;0;0;0
-7859759,847;-3964177,921;13775;2024;1633907;-33,51736;-70,605424;1;2024/08/16 00:00:00+00;1899/12/30 00:00:00+00;REGION METROPOLITANA;LA FLORIDA;CHOQUE POSTERIOR;CHOQUE;URBANA;TRAMO DE VIA RECTA;IMPRUDENCIA DEL CONDUCTOR;CONDUCCION NO ATENTO CONDICIONES TRANSITO MOMENTO;VICUNA MACKENNA;;- VICUNA MACKENNA;6843;;;BIDIRECCIONAL;ASFALTO;BUENO;SECO;DESPEJADO;0;0;0;1
-7876662,264;-3963273,614;13776;2024;1635484;-33,510587;-70,757261;1;2024/08/30 00:00:00+00;1899/12/30 00:00:00+00;REGION METROPOLITANA;MAIPU;COLISION FRONTAL;COLISION;URBANA;CRUCE CON SEMAFORO FUNCIONANDO;IMPRUDENCIA DEL CONDUCTOR;CONDUCCION CAMBIAR SORPRESIVAMENTE PISTA CIRCULACION;DE LA VICTORIA;LIBER BERNARDO O'HIGGINS;DE LA VICTORIA - LIBER BERNARDO O'HIGGINS;0;;;BIDIRECCIONAL;ASFALTO;BUENO;SECO;DESPEJADO;0;0;0;1
-7859358,985;-3969063,31;13777;2024;1633909;-33,553941;-70,601823;1;2024/08/14 00:00:00+00;1899/12/30 00:00:00+00;REGION METROPOLITANA;LA FLORIDA;COLISION POR ALCANCE;COLISION;URBANA;CRUCE CON SEMAFORO FUNCIONANDO;IMPRUDENCIA DEL CONDUCTOR;CONDUCCION NO ATENTO CONDICIONES TRANSITO MOMENTO;SAN JOSE DE LA ESTRELLA;STA RAQUEL;SAN JOSE DE LA ESTRELLA - STA RAQUEL;0;;;BIDIRECCIONAL;ASFALTO;BUENO;SECO;DESPEJADO;0;0;0;0
-7865503,821;-3957051,664;13778;2024;1636584;-33,463972;-70,657023;1;2024/08/29 00:00:00+00;1899/12/30 00:00:00+00;REGION METROPOLITANA;SANTIAGO;COLISION POR ALCANCE;COLISION;URBANA;TRAMO DE VIA RECTA;IMPRUDENCIA DEL CONDUCTOR;CONDUCCION SIN MANTENER DISTANCIA RAZONABLE NI PRUDENTE;VIEL;;- VIEL;1437;;;UNIDIRECCIONAL;CONCRETO;BUENO;HUMEDO;LLOVIZNA;0;0;0;0
-7879993,166;-3962276,061;13779;2024;1635485;-33,503115;-70,787183;1;2024/08/26 00:00:00+00;1899/12/30 00:00:00+00;REGION METROPOLITANA;MAIPU;CHOQUE FRENTE/LADO;CHOQUE;URBANA;TRAMO DE VIA RECTA;IMPRUDENCIA DEL CONDUCTOR;CONDUCCION NO ATENTO CONDICIONES TRANSITO MOMENTO;SAN EUGENIO;;- SAN EUGENIO;2703;;;UNIDIRECCIONAL;ASFALTO;BUENO;SECO;DESPEJADO;0;0;0;0
-7866866,595;-3955039,306;13780;2024;1636587;-33,44889;-70,669265;1;2024/08/30 00:00:00+00;1899/12/30 00:00:00+00;REGION METROPOLITANA;SANTIAGO;CHOQUE FRENTE/POSTERIOR;CHOQUE;URBANA;OTROS NO CONSIDERADOS;IMPRUDENCIA DEL CONDUCTOR;CONDUCCION NO ATENTO CONDICIONES TRANSITO MOMENTO;ESPANA;LIBER BERNARDO O'HIGGINS;ESPANA - LIBER BERNARDO O'HIGGINS;0;;;UNIDIRECCIONAL;ADOQUIN;BUENO;SECO;DESPEJADO;0;0;0;0
-7869262,635;-3958979,757;13781;2024;1635486;-33,47842;-70,690789;1;2024/08/05 00:00:00+00;1899/12/30 00:00:00+00;REGION METROPOLITANA;CERRILLOS;COLISION POR ALCANCE;COLISION;URBANA;TRAMO DE VIA RECTA;IMPRUDENCIA DEL CONDUCTOR;CONDUCCION SIN MANTENER DISTANCIA RAZONABLE NI PRUDENTE;PEDRO AGUIRRE CERDA;;- PEDRO AGUIRRE CERDA;4108;;;BIDIRECCIONAL CON BANDEJON;ASFALTO;BUENO;SECO;DESPEJADO;0;0;0;0