ï»¿X;Y;FID;AÃ±o;IdAccident;Latitud;longitud;ClaseAccid;Fecha;Hora;RegiÃ³n;Comuna;Tipo_Accid;Tipo__CONA;Zona;UbicaciÃ³n;Causa__CON;Causa_Acci;Calle_Uno;Calle_Dos;Intersecci;NÃºmero;Ruta;Ubicaci_1;Calzada;Tipo_Calza;Estado_Cal;CondiciÃ³n;Estado_Atm;Fallecidos;Graves;Menos_Grav;Leves
-7859237,759;-3958361,579;14484;2024;1639279;-33,473788;-70,600734;1;2024/09/11 00:00:00+00;1899/12/30 00:00:00+00;REGION METROPOLITANA;MACUL;COLISION POR ALCANCE;COLISION;URBANA;TRAMO DE VIA RECTA;IMPRUDENCIA DEL CONDUCTOR;CONDUCCION NO ATENTO CONDICIONES TRANSITO MOMENTO;RODRIGO DE ARAYA;;- RODRIGO DE ARAYA;598;;;BIDIRECCIONAL;ASFALTO;BUENO;SECO;DESPEJADO;0;1;0;1
-7858336,85;-3961765,303;14485;2024;1639281;-33,499289;-70,592641;1;2024/09/15 00:00:00+00;1899/12/30 00:00:00+00;REGION METROPOLITANA;MACUL;COLISION LATERAL;COLISION;URBANA;CRUCE CON SEMAFORO FUNCIONANDO;DESOBEDIENCIA A SENALIZACION;SENALIZACION DESOBEDECER LUZ ROJA DE SEMAFORO;DR AMADOR NEGHME RODRIGUEZ;EL LIBANO;DR AMADOR NEGHME RODRIGUEZ - EL LIBANO;0;;;BIDIRECCIONAL CON BANDEJON;ASFALTO;BUENO;SECO;DESPEJADO;0;0;0;1
-7875161,434;-3961195,577;14486;2024;1639283;-33,495021;-70,743779;1;2024/09/09 00:00:00+00;1899/12/30 00:00:00+00;REGION METROPOLITANA;MAIPU;COLISION FRONTAL;COLISION;URBANA;CRUCE CON SENAL PARE;DESOBEDIENCIA A SENALIZACION;SENALIZACION DESOBEDECER SENAL PARE;SEGUNDA TRANSVERSAL;3 NORTE;3 NORTE - SEGUNDA TRANSVERSAL;0;;;BIDIRECCIONAL;ASFALTO;BUENO;SECO;DESPEJADO;0;0;0;0
-7875364,696;-3961468,711;14487;2024;1639284;-33,497067;-70,745605;1;2024/09/10 00:00:00+00;1899/12/30 00:00:00+00;REGION METROPOLITANA;MAIPU;CHOQUE FRENTE/POSTERIOR;CHOQUE;URBANA;CRUCE CON SEMAFORO FUNCIONANDO;IMPRUDENCIA DEL CONDUCTOR;CONDUCIR VEHICULO EN RETROCESO;AMERICO VESPUCIO;RAFAEL RIESCO BERNALES;AMERICO VESPUCIO - RAFAEL RIESCO BERNALES;0;;;BIDIRECCIONAL CON BANDEJON;ASFALTO;BUENO;SECO;DESPEJADO;0;0;0;0
-7859848,123;-3960108,096;14488;2024;1639285;-33,486874;-70,606217;1;2024/09/15 00:00:00+00;1899/12/30 00:00:00+00;REGION METROPOLITANA;MACUL;COLISION POR ALCANCE;COLISION;URBANA;TRAMO DE VIA RECTA;ALCOHOL EN CONDUCTOR;CONDUCCION EN ESTADO DE EBRIEDAD;PEDRO DE VALDIVIA;LOS INDUSTRIALES;LOS INDUSTRIALES - PEDRO DE VALDIVIA;0;;;BIDIRECCIONAL;ASFALTO;BUENO;SECO;DESPEJADO;0;0;0;0
-7880633,699;-3966200,551;14489;2024;1639288;-33,532507;-70,792937;1;2024/09/11 00:00:00+00;1899/12/30 00:00:00+00;REGION METROPOLITANA;MAIPU;ATROPELLO;ATROPELLO;URBANA;TRAMO DE VIA RECTA;IMPRUDENCIA DEL CONDUCTOR;CONDUCCION NO ATENTO CONDICIONES TRANSITO MOMENTO;4 PONIENTE;;- 4 PONIENTE;1087;;;BIDIRECCIONAL;ASFALTO;BUENO;SECO;DESPEJADO;0;0;0;1
-7856612,845;-3957931,063;14490;2024;1639289;-33,470562;-70,577154;1;2024/09/19 00:00:00+00;1899/12/30 00:00:00+00;REGION METROPOLITANA;MACUL;COLISION POR ALCANCE;COLISION;URBANA;TRAMO DE VIA RECTA;IMPRUDENCIA DEL CONDUCTOR;CONDUCCION NO ATENTO CONDICIONES TRANSITO MOMENTO;AMERICO VESPUCIO;;- AMERICO VESPUCIO;1607;;;UNIDIRECCIONAL;ASFALTO;BUENO;SECO;DESPEJADO;0;0;1;0
-7859089,481;-3959882,259;14491;2024;1639291;-33,485182;-70,599402;1;2024/09/20 00:00:00+00;1899/12/30 00:00:00+00;REGION METROPOLITANA;MACUL;COLISION LATERAL;COLISION;URBANA;CRUCE CON SEMAFORO FUNCIONANDO;DESOBEDIENCIA A SENALIZACION;SENALIZACION DESOBEDECER LUZ ROJA DE SEMAFORO;MACUL;QUILIN;MACUL - QUILIN;0;;;BIDIRECCIONAL;CONCRETO;BUENO;SECO;DESPEJADO;0;0;0;2
-7859338,391;-3959833,542;14492;2024;1639295;-33,484817;-70,601638;1;2024/09/20 00:00:00+00;1899/12/30 00:00:00+00;REGION METROPOLITANA;MACUL;COLISION LATERAL;COLISION;URBANA;CRUCE CON SEMAFORO FUNCIONANDO;IMPRUDENCIA DEL CONDUCTOR;CONDUCCION NO ATENTO CONDICIONES TRANSITO MOMENTO;QUILIN;EXEQUIEL FERNANDEZ;EXEQUIEL FERNANDEZ - QUILIN;0;;;BIDIRECCIONAL;ASFALTO;BUENO;SECO;DESPEJADO;0;0;0;0
-7857729,713;-3960095,95;14493;2024;1639297;-33,486783;-70,587187;1;2024/09/23 00:00:00+00;1899/12/30 00:00:00+00;REGION METROPOLITANA;MACUL;COLISION FRONTAL;COLISION;URBANA;TRAMO DE VIA RECTA;IMPRUDENCIA DEL CONDUCTOR;CONDUCCION NO ATENTO CONDICIONES TRANSITO MOMENTO;QUILIN;SIRIA;QUILIN - SIRIA;0;;;BIDIRECCIONAL;CONCRETO;BUENO;SECO;DESPEJADO;0;1;0;0
-7876051,788;-3959195,833;14494;2024;1639299;-33,480039;-70,751777;1;2024/09/11 00:00:00+00;1899/12/30 00:00:00+00;REGION METROPOLITANA;MAIPU;COLISION FRONTAL;COLISION;URBANA;CRUCE CON SENAL CEDA EL PASO;DESOBEDIENCIA A SENALIZACION;SENALIZACION DESOBEDECER SENAL CEDA EL PASO;AMERICO VESPUCIO;;- AMERICO VESPUCIO;1001;;;BIDIRECCIONAL CON BANDEJON;ASFALTO;BUENO;SECO;DESPEJADO;0;0;0;0
-7859737,583;-3960045,096;14495;2024;1639300;-33,486402;-70,605224;1;2024/09/23 00:00:00+00;1899/12/30 00:00:00+00;REGION METROPOLITANA;MACUL;ATROPELLO;ATROPELLO;URBANA;CRUCE CON SENAL CEDA EL PASO;IMPRUDENCIA DEL CONDUCTOR;NO RESPETAR DERECHO PREFERENTE DE PASO A PEATON;MACUL;LOS INDUSTRIALES;LOS INDUSTRIALES - MACUL;0;;;BIDIRECCIONAL;CONCRETO;BUENO;SECO;DESPEJADO;0;0;0;2
-7879492,451;-3966075,153;14496;2024;1639302;-33,531568;-70,782685;1;2024/09/11 00:00:00+00;1899/12/30 00:00:00+00;REGION METROPOLITANA;MAIPU;ATROPELLO;ATROPELLO;URBANA;OTROS NO CONSIDERADOS;IMPRUDENCIA DEL CONDUCTOR;CONDUCIR VEHICULO EN RETROCESO;RAMON BARROS LUCO;ARTURO GODOY;ARTURO GODOY - RAMON BARROS LUCO;0;;;UNIDIRECCIONAL;ASFALTO;BUENO;SECO;DESPEJADO;0;1;0;0
-7858413,104;-3961242,82;14497;2024;1639304;-33,495375;-70,593326;1;2024/09/22 00:00:00+00;1899/12/30 00:00:00+00;REGION METROPOLITANA;MACUL;ATROPELLO;ATROPELLO;URBANA;TRAMO DE VIA RECTA;IMPRUDENCIA DEL CONDUCTOR;CONDUCCION NO ATENTO CONDICIONES TRANSITO MOMENTO;PURRANQUE;LAS DUNAS;LAS DUNAS - PURRANQUE;0;;;UNIDIRECCIONAL;CONCRETO;BUENO;SECO;DESPEJADO;0;1;0;0
-7874936,144;-3958906,22;14498;2024;1639306;-33,477869;-70,741755;1;2024/09/11 00:00:00+00;1899/12/30 00:00:00+00;REGION METROPOLITANA;MAIPU;COLISION LATERAL;COLISION;URBANA;TRAMO DE VIA RECTA;IMPRUDENCIA DEL CONDUCTOR;CONDUCCION SIN MANTENER DISTANCIA RAZONABLE NI PRUDENTE;LAS PARCELAS;LOS PAJARITOS;LAS PARCELAS - LOS PAJARITOS;0;;;BIDIRECCIONAL;ASFALTO;BUENO;SECO;DESPEJADO;0;0;0;0
-7858019,701;-3963222,212;14499;2024;1639308;-33,510202;-70,589792;1;2024/09/25 00:00:00+00;1899/12/30 00:00:00+00;REGION METROPOLITANA;MACUL;COLISION POR ALCANCE;COLISION;URBANA;TRAMO DE VIA RECTA;IMPRUDENCIA DEL CONDUCTOR;CONDUCCION NO ATENTO CONDICIONES TRANSITO MOMENTO;AMERICO VESPUCIO;;- AMERICO VESPUCIO;10800;;;UNIDIRECCIONAL;CONCRETO;MALO;SECO;DESPEJADO;0;0;0;1
-7880377,886;-3962585,518;14500;2024;1639309;-33,505433;-70,790639;1;2024/09/12 00:00:00+00;1899/12/30 00:00:00+00;REGION METROPOLITANA;MAIPU;COLISION FRONTAL;COLISION;URBANA;CRUCE CON SEMAFORO FUNCIONANDO;DESOBEDIENCIA A SENALIZACION;SENALIZACION DESOBEDECER LUZ ROJA DE SEMAFORO;CAMINO A RINCONADA;PADRE HURTADO;CAMINO A RINCONADA - PADRE HURTADO;0;;;BIDIRECCIONAL CON BANDEJON;CONCRETO;BUENO;SECO;DESPEJADO;0;0;0;1
-7857645,556;-3972730,213;14501;2024;1639310;-33,581388;-70,586431;1;2024/09/17 00:00:00+00;1899/12/30 00:00:00+00;REGION METROPOLITANA;PUENTE ALTO;CHOQUE FRENTE/POSTERIOR;CHOQUE;URBANA;TRAMO DE VIA RECTA;IMPRUDENCIA DEL CONDUCTOR;CONDUCCION NO ATENTO CONDICIONES TRANSITO MOMENTO;ANGEL PIMENTEL;ISLA DECEPCION;ANGEL PIMENTEL - ISLA DECEPCION;0;;;BIDIRECCIONAL;CONCRETO;BUENO;SECO;DESPEJADO;0;0;0;1
-7854816,928;-3962596,599;14502;2024;1639312;-33,505516;-70,561021;1;2024/09/21 00:00:00+00;1899/12/30 00:00:00+00;REGION METROPOLITANA;PENALOLEN;COLISION FRONTAL;COLISION;URBANA;CRUCE CON SEMAFORO FUNCIONANDO;IMPRUDENCIA DEL CONDUCTOR;CONDUCCION NO ATENTO CONDICIONES TRANSITO MOMENTO;TOBALABA;LAS TORRES;LAS TORRES - TOBALABA;0;;;BIDIRECCIONAL;CONCRETO;BUENO;SECO;NUBLADO;0;0;0;0
-7876671,504;-3961906,941;14503;2024;1639313;-33,50035;-70,757344;1;2024/08/31 00:00:00+00;1899/12/30 00:00:00+00;REGION METROPOLITANA;MAIPU;VOLCADURA;VOLCADURA;URBANA;TRAMO DE VIA RECTA;IMPRUDENCIA DEL CONDUCTOR;CONDUCIR VEHICULO EN RETROCESO;LOS PAJARITOS;CENTRAL GONZALO PEREZ LLONA;CENTRAL GONZALO PEREZ LLONA - LOS PAJARITOS;0;;;BIDIRECCIONAL CON BANDEJON;ASFALTO;BUENO;SECO;DESPEJADO;0;0;0;0
-7874123,68;-3963361,14;14504;2024;1639316;-33,511243;-70,734457;1;2024/09/13 00:00:00+00;1899/12/30 00:00:00+00;REGION METROPOLITANA;MAIPU;COLISION FRONTAL;COLISION;URBANA;TRAMO DE VIA RECTA;DESOBEDIENCIA A SENALIZACION;SENALIZACION DESOBEDECER LUZ ROJA DE SEMAFORO;LAS TORRES;ESQUINA BLANCA;ESQUINA BLANCA - LAS TORRES;0;;;BIDIRECCIONAL;ASFALTO;BUENO;SECO;DESPEJADO;0;0;0;0
-7857208,627;-3971574,453;14505;2024;1639325;-33,572738;-70,582506;1;2024/09/18 00:00:00+00;1899/12/30 00:00:00+00;REGION METROPOLITANA;PUENTE ALTO;CHOQUE FRONTAL;CHOQUE;URBANA;TRAMO DE VIA RECTA;ALCOHOL EN CONDUCTOR;CONDUCCION EN ESTADO DE EBRIEDAD;CONCHA Y TORO;;- CONCHA Y TORO;3779;;;BIDIRECCIONAL;CONCRETO;BUENO;SECO;DESPEJADO;0;0;0;1
-7856644,237;-3958554,823;14506;2024;1639330;-33,475236;-70,577436;1;2024/09/22 00:00:00+00;1899/12/30 00:00:00+00;REGION METROPOLITANA;PENALOLEN;COLISION LATERAL;COLISION;URBANA;TRAMO DE VIA RECTA;IMPRUDENCIA DEL CONDUCTOR;CONDUCCION CAMBIAR SORPRESIVAMENTE PISTA CIRCULACION;AMERICO VESPUCIO;EL VALLE;AMERICO VESPUCIO - EL VALLE;0;;;UNIDIRECCIONAL;CONCRETO;BUENO;SECO;NUBLADO;0;0;0;0
-7865620,039;-3948957,794;14507;2024;1639334;-33,403295;-70,658067;1;2024/09/16 00:00:00+00;1899/12/30 00:00:00+00;REGION METROPOLITANA;INDEPENDENCIA;CHOQUE FRENTE/LADO;CHOQUE;URBANA;TRAMO DE VIA RECTA;IMPRUDENCIA DEL CONDUCTOR;CONDUCCION NO ATENTO CONDICIONES TRANSITO MOMENTO;EINSTEIN;;- EINSTEIN;1224;;;BIDIRECCIONAL;ASFALTO;REGULAR;SECO;DESPEJADO;0;0;0;0
-7875474,503;-3961274,837;14508;2024;1639335;-33,495615;-70,746591;1;2024/09/13 00:00:00+00;1899/12/30 00:00:00+00;REGION METROPOLITANA;MAIPU;VOLCADURA;VOLCADURA;URBANA;TRAMO DE VIA RECTA;IMPRUDENCIA DEL CONDUCTOR;CONDUCCION NO ATENTO CONDICIONES TRANSITO MOMENTO;AMERICO VESPUCIO;MANON;AMERICO VESPUCIO - MANON;0;;;BIDIRECCIONAL CON BANDEJON;ASFALTO;BUENO;SECO;DESPEJADO;0;0;0;1
-7876662,264;-3963273,614;14509;2024;1639339;-33,510587;-70,757261;1;2024/09/13 00:00:00+00;1899/12/30 00:00:00+00;REGION METROPOLITANA;MAIPU;CHOQUE LADO/FRENTE;CHOQUE;URBANA;TRAMO DE VIA RECTA;IMPRUDENCIA DEL CONDUCTOR;CONDUCCION NO ATENTO CONDICIONES TRANSITO MOMENTO;QUEB HONDA;;- QUEB HONDA;712;;;UNIDIRECCIONAL;ASFALTO;BUENO;SECO;DESPEJADO;0;0;0;0
-7859174,64;-3949556,534;14510;2024;1639340;-33,407785;-70,600167;1;2024/09/13 00:00:00+00;1899/12/30 00:00:00+00;REGION METROPOLITANA;VITACURA;COLISION POR ALCANCE;COLISION;URBANA;TRAMO DE VIA RECTA;IMPRUDENCIA DEL CONDUCTOR;CONDUCCION SIN MANTENER DISTANCIA RAZONABLE NI PRUDENTE;VITACURA;PDTE KENNEDY;PDTE KENNEDY - VITACURA;0;;;BIDIRECCIONAL;ASFALTO;BUENO;SECO;DESPEJADO;0;0;0;0
-7857289,333;-3971367,764;14511;2024;1639342;-33,571191;-70,583231;1;2024/09/19 00:00:00+00;1899/12/30 00:00:00+00;REGION METROPOLITANA;PUENTE ALTO;CHOQUE FRENTE/POSTERIOR;CHOQUE;URBANA;TRAMO DE VIA RECTA;IMPRUDENCIA DEL CONDUCTOR;CONDUCCION NO ATENTO CONDICIONES TRANSITO MOMENTO;CONCHA Y TORO;;- CONCHA Y TORO;3891;;;BIDIRECCIONAL;CONCRETO;BUENO;SECO;DESPEJADO;0;0;0;0
-7874284,6;-3961340,645;14512;2024;1639344;-33,496108;-70,735902;1;2024/09/13 00:00:00+00;1899/12/30 00:00:00+00;REGION METROPOLITANA;MAIPU;COLISION LATERAL;COLISION;URBANA;CRUCE SIN SENALIZACION;IMPRUDENCIA DEL CONDUCTOR;CONDUCCION NO ATENTO CONDICIONES TRANSITO MOMENTO;HERNAN CORTES;3 NORTE;3 NORTE - HERNAN CORTES;0;;;BIDIRECCIONAL;ASFALTO;BUENO;SECO;DESPEJADO;0;0;0;0
-7867010,976;-3943788,319;14513;2024;1639346;-33,364519;-70,670562;1;2024/09/02 00:00:00+00;1899/12/30 00:00:00+00;REGION METROPOLITANA;HUECHURABA;COLISION;COLISION;URBANA;TRAMO DE VIA RECTA;IMPRUDENCIA DEL CONDUCTOR;CONDUCCION SIN MANTENER DISTANCIA RAZONABLE NI PRUDENTE;PEDRO FONTOVA;STA ELENA DE HUECHURABA;PEDRO FONTOVA - STA ELENA DE HUECHURABA;0;;;UNIDIRECCIONAL;ASFALTO;BUENO;SECO;DESPEJADO;0;0;0;1
-7876443,299;-3964616,949;14514;2024;1639347;-33,520648;-70,755294;1;2024/09/14 00:00:00+00;1899/12/30 00:00:00+00;REGION METROPOLITANA;MAIPU;COLISION LATERAL;COLISION;URBANA;TRAMO DE VIA RECTA;IMPRUDENCIA DEL CONDUCTOR;CONDUCCION NO ATENTO CONDICIONES TRANSITO MOMENTO;ALBERTO LLONA;;- ALBERTO LLONA;777;;;UNIDIRECCIONAL;ASFALTO;BUENO;MOJADO;DESPEJADO;0;0;0;0
-7876445,303;-3962429,854;14515;2024;1639351;-33,504267;-70,755312;1;2024/09/07 00:00:00+00;1899/12/30 00:00:00+00;REGION METROPOLITANA;MAIPU;COLISION POR ALCANCE;COLISION;URBANA;TRAMO DE VIA RECTA;IMPRUDENCIA DEL CONDUCTOR;CONDUCCION SIN MANTENER DISTANCIA RAZONABLE NI PRUDENTE;LUIS GANDARILLAS;LOS PAJARITOS;LOS PAJARITOS - LUIS GANDARILLAS;0;;;UNIDIRECCIONAL;ASFALTO;BUENO;SECO;DESPEJADO;0;0;0;0
-7881101,152;-3962794,504;14516;2024;1639354;-33,506998;-70,797136;1;2024/09/14 00:00:00+00;1899/12/30 00:00:00+00;REGION METROPOLITANA;MAIPU;CAIDA;CAIDA;URBANA;TRAMO DE VIA RECTA;IMPRUDENCIA DEL CONDUCTOR;CONDUCCION NO ATENTO CONDICIONES TRANSITO MOMENTO;CAMINO A RINCONADA;EL CONQUISTADOR;CAMINO A RINCONADA - EL CONQUISTADOR;0;;;BIDIRECCIONAL CON BANDEJON;ASFALTO;BUENO;SECO;DESPEJADO;0;0;0;1
-7861468,156;-3966903,153;14517;2024;1639357;-33,537768;-70,62077;1;2024/09/02 00:00:00+00;1899/12/30 00:00:00+00;REGION METROPOLITANA;LA GRANJA;CHOQUE FRENTE/POSTERIOR;CHOQUE;URBANA;TRAMO DE VIA RECTA;IMPRUDENCIA DEL CONDUCTOR;CONDUCCION NO ATENTO CONDICIONES TRANSITO MOMENTO;CORONEL;;- CORONEL;1990;;;BIDIRECCIONAL CON BANDEJON;ASFALTO;BUENO;SECO;DESPEJADO;0;0;0;0
-7873744,915;-3959065,439;14518;2024;1639359;-33,479062;-70,731054;1;2024/09/14 00:00:00+00;1899/12/30 00:00:00+00;REGION METROPOLITANA;MAIPU;COLISION FRONTAL;COLISION;URBANA;CRUCE CON SENAL PARE;DESOBEDIENCIA A SENALIZACION;SENALIZACION DESOBEDECER SENAL PARE;LAS TORRES;SIMON BOLIVAR;LAS TORRES - SIMON BOLIVAR;0;;;BIDIRECCIONAL;ASFALTO;BUENO;SECO;DESPEJADO;0;0;0;2
-7853548,219;-3958447,391;14519;2024;1639364;-33,474431;-70,549624;1;2024/09/24 00:00:00+00;1899/12/30 00:00:00+00;REGION METROPOLITANA;PENALOLEN;CAIDA;CAIDA;URBANA;TRAMO DE VIA RECTA;IMPRUDENCIA DEL PASAJERO;IMPRUDENCIA DEL PASAJERO;GRECIA;CABURGA;CABURGA - GRECIA;0;;;BIDIRECCIONAL CON BANDEJON;CONCRETO;BUENO;SECO;NUBLADO;0;0;0;1
-7878643,751;-3959979,027;14520;2024;1639366;-33,485907;-70,775061;1;2024/09/16 00:00:00+00;1899/12/30 00:00:00+00;REGION METROPOLITANA;MAIPU;CHOQUE LADO/LADO;CHOQUE;URBANA;TRAMO DE VIA RECTA;IMPRUDENCIA DEL CONDUCTOR;CONDUCCION NO ATENTO CONDICIONES TRANSITO MOMENTO;MAR DEL NORTE;;- MAR DEL NORTE;259;;;UNIDIRECCIONAL;ASFALTO;BUENO;SECO;DESPEJADO;0;0;0;0
-7876659,481;-3962796,321;14521;2024;1639369;-33,507012;-70,757236;1;2024/09/16 00:00:00+00;1899/12/30 00:00:00+00;REGION METROPOLITANA;MAIPU;COLISION POR ALCANCE;COLISION;URBANA;TRAMO DE VIA RECTA;IMPRUDENCIA DEL CONDUCTOR;CONDUCCION SIN MANTENER DISTANCIA RAZONABLE NI PRUDENTE;LOS PAJARITOS;MAIPU;LOS PAJARITOS - MAIPU;0;;;BIDIRECCIONAL CON BANDEJON;ASFALTO;BUENO;SECO;DESPEJADO;0;0;0;0
-7874177,947;-3957937,335;14522;2024;1639374;-33,470609;-70,734944;1;2024/09/16 00:00:00+00;1899/12/30 00:00:00+00;REGION METROPOLITANA;MAIPU;COLISION LATERAL;COLISION;URBANA;TRAMO DE VIA RECTA;IMPRUDENCIA DEL CONDUCTOR;CONDUCCION NO ATENTO CONDICIONES TRANSITO MOMENTO;LOS PAJARITOS;LOS DUCADOS;LOS DUCADOS - LOS PAJARITOS;0;;;BIDIRECCIONAL CON BANDEJON;ASFALTO;BUENO;SECO;DESPEJADO;0;0;0;0
-7862396,338;-3955511,076;14523;2024;1639376;-33,452426;-70,629108;1;2024/09/16 00:00:00+00;1899/12/30 00:00:00+00;REGION METROPOLITANA;NUNOA;COLISION LATERAL;COLISION;URBANA;TRAMO DE VIA RECTA;IMPRUDENCIA DEL CONDUCTOR;CONDUCCION NO ATENTO CONDICIONES TRANSITO MOMENTO;GRAL BUSTAMANTE;IRARRAZAVAL;GRAL BUSTAMANTE - IRARRAZAVAL;0;;;BIDIRECCIONAL;CONCRETO;BUENO;SECO;DESPEJADO;0;0;0;0
-7883167,219;-3971154,934;14524;2024;1639383;-33,569598;-70,815696;1;2024/09/24 00:00:00+00;1899/12/30 00:00:00+00;REGION METROPOLITANA;PADRE HURTADO;CAIDA;CAIDA;URBANA;CRUCE CON SEMAFORO FUNCIONANDO;IMPRUDENCIA DEL PASAJERO;IMPRUDENCIA DEL PASAJERO;JOSE LUIS CARO;CAMINO A MELIPILLA;CAMINO A MELIPILLA - JOSE LUIS CARO;0;;;BIDIRECCIONAL;ASFALTO;BUENO;SECO;DESPEJADO;0;0;1;0
-7883167,219;-3971154,934;14525;2024;1639388;-33,569598;-70,815696;1;2024/09/25 00:00:00+00;1899/12/30 00:00:00+00;REGION METROPOLITANA;PADRE HURTADO;ATROPELLO;ATROPELLO;URBANA;CRUCE CON SEMAFORO FUNCIONANDO;DESOBEDIENCIA A SENALIZACION;SENALIZACION DESOBEDECER LUZ ROJA DE SEMAFORO;JOSE LUIS CARO;CAMINO A MELIPILLA;CAMINO A MELIPILLA - JOSE LUIS CARO;0;;;BIDIRECCIONAL;ASFALTO;BUENO;SECO;DESPEJADO;0;0;0;1
-7867705,721;-3960498,917;14526;2024;1639392;-33,489802;-70,676803;1;2024/08/27 00:00:00+00;1899/12/30 00:00:00+00;REGION METROPOLITANA;PEDRO AGUIRRE CERDA;CHOQUE FRONTAL;CHOQUE;URBANA;TRAMO DE VIA RECTA;IMPRUDENCIA DEL CONDUCTOR;CONDUCCION NO ATENTO CONDICIONES TRANSITO MOMENTO;30 DE OCTUBRE;EUGENIO MATTE;30 DE OCTUBRE - EUGENIO MATTE;0;;;BIDIRECCIONAL;ASFALTO;BUENO;SECO;DESPEJADO;0;0;0;1
-7880927,947;-3969073,887;14527;2024;1639395;-33,55402;-70,79558;1;2024/08/29 00:00:00+00;1899/12/30 00:00:00+00;REGION METROPOLITANA;MAIPU;CAIDA;CAIDA;URBANA;TRAMO DE VIA RECTA;IMPRUDENCIA DEL CONDUCTOR;CONDUCCION NO ATENTO CONDICIONES TRANSITO MOMENTO;CAMINO A MELIPILLA;PARQUE CENTRAL PONIENTE;CAMINO A MELIPILLA - PARQUE CENTRAL PONIENTE;0;;;UNIDIRECCIONAL;CONCRETO;BUENO;SECO;DESPEJADO;0;0;0;1
-7866555,457;-3961005,615;14528;2024;1639398;-33,493598;-70,66647;1;2024/08/30 00:00:00+00;1899/12/30 00:00:00+00;REGION METROPOLITANA;PEDRO AGUIRRE CERDA;CHOQUE FRONTAL;CHOQUE;URBANA;TRAMO DE VIA RECTA;IMPRUDENCIA DEL CONDUCTOR;CONDUCCION NO ATENTO CONDICIONES TRANSITO MOMENTO;LA MARINA;;- LA MARINA;1965;;;UNIDIRECCIONAL;ASFALTO;BUENO;SECO;DESPEJADO;0;0;0;1
-7860940,947;-3969586,949;14529;2024;1639405;-33,557861;-70,616034;1;2024/09/26 00:00:00+00;1899/12/30 00:00:00+00;REGION METROPOLITANA;LA PINTANA;COLISION POR ALCANCE;COLISION;URBANA;CRUCE SIN SENALIZACION;ALCOHOL EN CONDUCTOR;CONDUCCION EN ESTADO DE EBRIEDAD;LA SERENA;EDITH MADGE DE HUNEEUS;EDITH MADGE DE HUNEEUS - LA SERENA;0;;;BIDIRECCIONAL CON BANDEJON;ASFALTO;BUENO;SECO;DESPEJADO;0;0;0;0
-7847826,064;-3974920,597;14530;2024;1639413;-33,597779;-70,498221;1;2024/09/20 00:00:00+00;1899/12/30 00:00:00+00;REGION METROPOLITANA;PUENTE ALTO;COLISION POR ALCANCE;COLISION;URBANA;TRAMO DE VIA RECTA;IMPRUDENCIA DEL CONDUCTOR;CONDUCCION NO ATENTO CONDICIONES TRANSITO MOMENTO;CAMINO AL VOLCAN;;- CAMINO AL VOLCAN;6148;;;BIDIRECCIONAL;CONCRETO;BUENO;SECO;DESPEJADO;0;0;0;0
-7865896,779;-3952274,053;14531;2024;1639419;-33,428161;-70,660553;1;2024/09/20 00:00:00+00;1899/12/30 00:00:00+00;REGION METROPOLITANA;INDEPENDENCIA;CHOQUE FRENTE/POSTERIOR;CHOQUE;URBANA;TRAMO DE VIA RECTA;IMPRUDENCIA DEL CONDUCTOR;CONDUCCION NO ATENTO CONDICIONES TRANSITO MOMENTO;FERMIN VIVACETA;ANIBAL PINTO;ANIBAL PINTO - FERMIN VIVACETA;0;;;BIDIRECCIONAL;CONCRETO;BUENO;SECO;DESPEJADO;0;0;0;1
-7859934,841;-3966386,581;14532;2024;1639421;-33,5339;-70,606996;1;2024/09/08 00:00:00+00;1899/12/30 00:00:00+00;REGION METROPOLITANA;LA FLORIDA;COLISION LATERAL;COLISION;URBANA;TRAMO DE VIA RECTA;IMPRUDENCIA DEL CONDUCTOR;CONDUCCION NO ATENTO CONDICIONES TRANSITO MOMENTO;AMERICO VESPUCIO;YERBAS BUENAS;AMERICO VESPUCIO - YERBAS BUENAS;0;;;UNIDIRECCIONAL;ASFALTO;BUENO;SECO;DESPEJADO;0;0;0;1
-7860073,545;-3963402,587;14533;2024;1639425;-33,511553;-70,608242;1;2024/09/07 00:00:00+00;1899/12/30 00:00:00+00;REGION METROPOLITANA;LA FLORIDA;COLISION POR ALCANCE;COLISION;URBANA;CRUCE CON SEMAFORO FUNCIONANDO;FALLAS MECANICAS;FALLAS MECANICAS FRENOS;VICUNA MACKENNA ORIENTE;STA PATRICIA;STA PATRICIA - VICUNA MACKENNA ORIENTE;0;;;UNIDIRECCIONAL;ASFALTO;BUENO;SECO;DESPEJADO;0;0;0;1
-7852287,192;-3960012,929;14534;2024;1639426;-33,486161;-70,538296;1;2024/09/15 00:00:00+00;1899/12/30 00:00:00+00;REGION METROPOLITANA;PENALOLEN;COLISION FRONTAL;COLISION;URBANA;CRUCE CON SENAL CEDA EL PASO;VELOCIDAD IMPRUDENTE;VELOCIDAD NO REDUCIR CRUCE DE CALLES, CUMBRE, CURVA, ETC.;LAS PERDICES;EL VALLE;EL VALLE - LAS PERDICES;0;;;BIDIRECCIONAL;CONCRETO;BUENO;SECO;DESPEJADO;0;0;0;0