ï»¿X;Y;FID;AÃ±o;IdAccident;Latitud;longitud;ClaseAccid;Fecha;Hora;RegiÃ³n;Comuna;Tipo_Accid;Tipo__CONA;Zona;UbicaciÃ³n;Causa__CON;Causa_Acci;Calle_Uno;Calle_Dos;Intersecci;NÃºmero;Ruta;Ubicaci_1;Calzada;Tipo_Calza;Estado_Cal;CondiciÃ³n;Estado_Atm;Fallecidos;Graves;Menos_Grav;Leves
-7867974,891;-3947216,425;17207;2024;1646388;-33,390235;-70,679221;1;2024/10/20 00:00:00+00;1899/12/30 00:00:00+00;REGION METROPOLITANA;CONCHALI;CHOQUE POSTERIOR/FRENTE;CHOQUE;URBANA;TRAMO DE VIA RECTA;IMPRUDENCIA DEL CONDUCTOR;CONDUCCION NO ATENTO CONDICIONES TRANSITO MOMENTO;ALMTE SILVA PALMA;;- ALMTE SILVA PALMA;2219;;;BIDIRECCIONAL;ASFALTO;BUENO;SECO;DESPEJADO;0;0;0;0
-7857098,532;-3960557,648;17208;2024;1646402;-33,490242;-70,581517;1;2024/10/17 00:00:00+00;1899/12/30 00:00:00+00;REGION METROPOLITANA;MACUL;COLISION LATERAL;COLISION;URBANA;TRAMO DE VIA RECTA;IMPRUDENCIA DEL CONDUCTOR;CONDUCCION NO ATENTO CONDICIONES TRANSITO MOMENTO;AMERICO VESPUCIO;;- AMERICO VESPUCIO;3701;;;UNIDIRECCIONAL;ASFALTO;BUENO;SECO;DESPEJADO;0;0;0;0
-7865195,355;-3966376,832;17209;2024;1646413;-33,533827;-70,654252;1;2024/10/23 00:00:00+00;1899/12/30 00:00:00+00;REGION METROPOLITANA;LA CISTERNA;COLISION LATERAL;COLISION;URBANA;TRAMO DE VIA RECTA;IMPRUDENCIA DEL CONDUCTOR;CONDUCCION NO ATENTO CONDICIONES TRANSITO MOMENTO;BLAS VIAL;BRASIL;BLAS VIAL - BRASIL;0;;;BIDIRECCIONAL;CONCRETO;BUENO;SECO;DESPEJADO;0;0;0;0
-7893692,143;-3979163,705;17210;2024;1646414;-33,629522;-70,910243;1;2024/10/11 00:00:00+00;1899/12/30 00:00:00+00;REGION METROPOLITANA;PENAFLOR;CHOQUE;CHOQUE;URBANA;TRAMO DE VIA RECTA;ALCOHOL EN CONDUCTOR;CONDUCCION EN ESTADO DE EBRIEDAD;PENAFLOR;SANTO TORIBIO;PENAFLOR - SANTO TORIBIO;0;;;BIDIRECCIONAL;ASFALTO;BUENO;SECO;DESPEJADO;0;0;0;0
-7863815,884;-3958813,598;17211;2024;1646421;-33,477175;-70,64186;1;2024/10/28 00:00:00+00;1899/12/30 00:00:00+00;REGION METROPOLITANA;SAN JOAQUIN;COLISION LATERAL;COLISION;URBANA;CRUCE CON SENAL PARE;IMPRUDENCIA DEL CONDUCTOR;CONDUCCION NO ATENTO CONDICIONES TRANSITO MOMENTO;PINTOR CICARELLI;STA ROSA;PINTOR CICARELLI - STA ROSA;0;;;BIDIRECCIONAL;ASFALTO;BUENO;SECO;DESPEJADO;0;0;0;0
-7862401,347;-3960842,097;17212;2024;1646422;-33,492373;-70,629153;1;2024/10/28 00:00:00+00;1899/12/30 00:00:00+00;REGION METROPOLITANA;SAN JOAQUIN;ATROPELLO;ATROPELLO;URBANA;TRAMO DE VIA RECTA;IMPRUDENCIA DEL PEATON;IMPRUDENCIA DEL PEATON;LAS INDUSTRIAS;CASTELAR NORTE;CASTELAR NORTE - LAS INDUSTRIAS;0;;;BIDIRECCIONAL CON BANDEJON;CONCRETO;BUENO;SECO;DESPEJADO;0;1;0;1
-7857028,623;-3973043,825;17213;2024;1646427;-33,583735;-70,580889;1;2024/10/24 00:00:00+00;1899/12/30 00:00:00+00;REGION METROPOLITANA;PUENTE ALTO;COLISION LATERAL;COLISION;URBANA;TRAMO DE VIA RECTA;IMPRUDENCIA DEL CONDUCTOR;CONDUCCION NO ATENTO CONDICIONES TRANSITO MOMENTO;CONCHA Y TORO;VOLCAN QUIZAPU;CONCHA Y TORO - VOLCAN QUIZAPU;0;;;BIDIRECCIONAL;CONCRETO;BUENO;SECO;DESPEJADO;0;0;0;0
-7854788,207;-3963198,848;17214;2024;1646465;-33,510027;-70,560763;1;2024/10/29 00:00:00+00;1899/12/30 00:00:00+00;REGION METROPOLITANA;PENALOLEN;COLISION LATERAL;COLISION;URBANA;CRUCE CON SENAL CEDA EL PASO;IMPRUDENCIA DEL CONDUCTOR;CONDUCCION NO ATENTO CONDICIONES TRANSITO MOMENTO;TOBALABA;JORGE PRIETO LETELIER;JORGE PRIETO LETELIER - TOBALABA;0;;;BIDIRECCIONAL;CONCRETO;BUENO;SECO;DESPEJADO;0;0;0;0
-7867264,382;-3972974,773;17215;2024;1646469;-33,583218;-70,672838;1;2024/10/29 00:00:00+00;1899/12/30 00:00:00+00;REGION METROPOLITANA;EL BOSQUE;COLISION POR ALCANCE;COLISION;URBANA;TRAMO DE VIA RECTA;IMPRUDENCIA DEL CONDUCTOR;NO RESPETAR DERECHO PREFERENTE DE PASO A VEHICULO;LO BLANCO;VOLCAN OSORNO;LO BLANCO - VOLCAN OSORNO;0;;;BIDIRECCIONAL CON BANDEJON;CONCRETO;BUENO;SECO;DESPEJADO;0;0;0;0
-7861862,672;-3953979,363;17216;2024;1646474;-33,440945;-70,624314;1;2024/10/22 00:00:00+00;1899/12/30 00:00:00+00;REGION METROPOLITANA;PROVIDENCIA;COLISION POR ALCANCE;COLISION;URBANA;TRAMO DE VIA RECTA;IMPRUDENCIA DEL CONDUCTOR;CONDUCCION SIN MANTENER DISTANCIA RAZONABLE NI PRUDENTE;FRANCISCO BILBAO;SALVADOR;FRANCISCO BILBAO - SALVADOR;0;;;BIDIRECCIONAL;ASFALTO;BUENO;SECO;DESPEJADO;0;0;0;0
-7860542,757;-3951662,102;17217;2024;1646475;-33,423573;-70,612457;1;2024/10/22 00:00:00+00;1899/12/30 00:00:00+00;REGION METROPOLITANA;PROVIDENCIA;COLISION LATERAL;COLISION;URBANA;TRAMO DE VIA RECTA;IMPRUDENCIA DEL CONDUCTOR;CONDUCCION CAMBIAR SORPRESIVAMENTE PISTA CIRCULACION;PEDRO DE VALDIVIA;PROVIDENCIA;PEDRO DE VALDIVIA - PROVIDENCIA;0;;;BIDIRECCIONAL;ASFALTO;BUENO;SECO;DESPEJADO;0;0;0;0
-7862101,898;-3952713,429;17218;2024;1646476;-33,431455;-70,626463;1;2024/10/22 00:00:00+00;1899/12/30 00:00:00+00;REGION METROPOLITANA;PROVIDENCIA;CHOQUE POSTERIOR/POSTERIOR;CHOQUE;URBANA;CRUCE CON SEMAFORO FUNCIONANDO;IMPRUDENCIA DEL CONDUCTOR;CONDUCCION NO ATENTO CONDICIONES TRANSITO MOMENTO;DEL ARZOBISPO;STA MARIA;DEL ARZOBISPO - STA MARIA;0;;;UNIDIRECCIONAL;ASFALTO;REGULAR;SECO;DESPEJADO;0;0;0;0
-7862628,773;-3954475,237;17219;2024;1646477;-33,444662;-70,631196;1;2024/10/23 00:00:00+00;1899/12/30 00:00:00+00;REGION METROPOLITANA;PROVIDENCIA;CHOQUE FRONTAL;CHOQUE;URBANA;ACERA O BERMA;IMPRUDENCIA DEL CONDUCTOR;CONDUCCION NO ATENTO CONDICIONES TRANSITO MOMENTO;JOAQUIN DIAZ GARCES;GRAL BUSTAMANTE;GRAL BUSTAMANTE - JOAQUIN DIAZ GARCES;0;;;UNIDIRECCIONAL;ASFALTO;REGULAR;MOJADO;NUBLADO;0;0;0;0
-7860397,04;-3953646,259;17220;2024;1646480;-33,438448;-70,611148;1;2024/10/19 00:00:00+00;1899/12/30 00:00:00+00;REGION METROPOLITANA;PROVIDENCIA;COLISION LATERAL;COLISION;URBANA;TRAMO DE VIA RECTA;IMPRUDENCIA DEL CONDUCTOR;CONDUCCION CAMBIAR SORPRESIVAMENTE PISTA CIRCULACION;FRANCISCO BILBAO;REGIMIENTO CAZADORES;FRANCISCO BILBAO - REGIMIENTO CAZADORES;0;;;BIDIRECCIONAL;ASFALTO;BUENO;SECO;DESPEJADO;0;0;0;0
-7859912,355;-3954109,967;17221;2024;1646481;-33,441924;-70,606794;1;2024/10/22 00:00:00+00;1899/12/30 00:00:00+00;REGION METROPOLITANA;PROVIDENCIA;COLISION LATERAL;COLISION;URBANA;TRAMO DE VIA RECTA;IMPRUDENCIA DEL CONDUCTOR;CONDUCCION NO ATENTO CONDICIONES TRANSITO MOMENTO;PEDRO DE VALDIVIA;ERNESTO MUZARD;ERNESTO MUZARD - PEDRO DE VALDIVIA;0;;;BIDIRECCIONAL;ASFALTO;REGULAR;SECO;DESPEJADO;0;0;0;0
-7887820,04;-3976528,872;17222;2024;1646488;-33,609812;-70,857493;1;2024/10/12 00:00:00+00;1899/12/30 00:00:00+00;REGION METROPOLITANA;PENAFLOR;CHOQUE FRONTAL;CHOQUE;URBANA;TRAMO DE VIA RECTA;ALCOHOL EN CONDUCTOR;CONDUCCION EN ESTADO DE EBRIEDAD;BALMACEDA;VICUNA MACKENNA;BALMACEDA - VICUNA MACKENNA;0;;;BIDIRECCIONAL;ASFALTO;BUENO;SECO;DESPEJADO;0;0;0;1
-7854873,812;-3970664,623;17223;2024;1646489;-33,565928;-70,561532;1;2024/10/24 00:00:00+00;1899/12/30 00:00:00+00;REGION METROPOLITANA;PUENTE ALTO;COLISION LATERAL;COLISION;URBANA;TRAMO DE VIA RECTA;IMPRUDENCIA DEL CONDUCTOR;CONDUCCION NO ATENTO CONDICIONES TRANSITO MOMENTO;LAS TORRES;;- LAS TORRES;5229;;;BIDIRECCIONAL;CONCRETO;BUENO;SECO;DESPEJADO;0;0;0;0
-7859165,401;-3952793,33;17224;2024;1646490;-33,432054;-70,600084;1;2024/10/23 00:00:00+00;1899/12/30 00:00:00+00;REGION METROPOLITANA;PROVIDENCIA;COLISION LATERAL;COLISION;URBANA;TRAMO DE VIA RECTA;IMPRUDENCIA DEL CONDUCTOR;CONDUCCION CAMBIAR SORPRESIVAMENTE PISTA CIRCULACION;HOLANDA;EL VERGEL;EL VERGEL - HOLANDA;0;;;UNIDIRECCIONAL;ASFALTO;BUENO;SECO;DESPEJADO;0;0;0;0
-7856447,869;-3973507,377;17225;2024;1646505;-33,587204;-70,575672;1;2024/10/24 00:00:00+00;1899/12/30 00:00:00+00;REGION METROPOLITANA;PUENTE ALTO;CHOQUE FRONTAL;CHOQUE;URBANA;TRAMO DE VIA RECTA;IMPRUDENCIA DEL CONDUCTOR;CONDUCCION NO ATENTO CONDICIONES TRANSITO MOMENTO;MIGUEL COVARRUBIAS;;- MIGUEL COVARRUBIAS;2618;;;BIDIRECCIONAL;CONCRETO;BUENO;SECO;DESPEJADO;0;0;0;0
-7862268,877;-3952626,993;17226;2024;1646510;-33,430807;-70,627963;1;2024/10/23 00:00:00+00;1899/12/30 00:00:00+00;REGION METROPOLITANA;PROVIDENCIA;COLISION POR ALCANCE;COLISION;URBANA;TUNEL;IMPRUDENCIA DEL CONDUCTOR;CONDUCCION NO ATENTO CONDICIONES TRANSITO MOMENTO;EL CERRO;;- EL CERRO;12300;;;UNIDIRECCIONAL;ASFALTO;BUENO;SECO;DESPEJADO;0;0;0;0
-7886972,676;-3975519,347;17227;2024;1646514;-33,602259;-70,849881;1;2024/10/10 00:00:00+00;1899/12/30 00:00:00+00;REGION METROPOLITANA;PENAFLOR;COLISION FRONTAL;COLISION;URBANA;TRAMO DE VIA RECTA;IMPRUDENCIA DEL CONDUCTOR;CONDUCCION NO ATENTO CONDICIONES TRANSITO MOMENTO;BALMACEDA;LAS COLONIAS;BALMACEDA - LAS COLONIAS;0;;;BIDIRECCIONAL;ASFALTO;BUENO;SECO;DESPEJADO;0;0;0;0
-7862579,792;-3953100,932;17228;2024;1646529;-33,43436;-70,630756;1;2024/10/25 00:00:00+00;1899/12/30 00:00:00+00;REGION METROPOLITANA;PROVIDENCIA;COLISION LATERAL;COLISION;URBANA;TRAMO DE VIA RECTA;IMPRUDENCIA DEL CONDUCTOR;CONDUCCION CAMBIAR SORPRESIVAMENTE PISTA CIRCULACION;STA MARIA;CARLOS WALKER MARTINEZ;CARLOS WALKER MARTINEZ - STA MARIA;0;;;UNIDIRECCIONAL;ASFALTO;REGULAR;SECO;DESPEJADO;0;0;0;0
-7861093,12;-3952952,599;17229;2024;1646531;-33,433248;-70,617401;1;2024/10/24 00:00:00+00;1899/12/30 00:00:00+00;REGION METROPOLITANA;PROVIDENCIA;COLISION LATERAL;COLISION;URBANA;CRUCE CON SEMAFORO FUNCIONANDO;IMPRUDENCIA DEL CONDUCTOR;CONDUCCION NO ATENTO CONDICIONES TRANSITO MOMENTO;MANUEL MONTT;ELIODORO YANEZ;ELIODORO YANEZ - MANUEL MONTT;0;;;UNIDIRECCIONAL;MIXTO;BUENO;SECO;DESPEJADO;0;0;0;0
-7868008,844;-3950360,147;17230;2024;1646560;-33,413811;-70,679526;1;2024/10/24 00:00:00+00;1899/12/30 00:00:00+00;REGION METROPOLITANA;RENCA;COLISION POR ALCANCE;COLISION;URBANA;CRUCE CON SEMAFORO FUNCIONANDO;IMPRUDENCIA DEL CONDUCTOR;CONDUCCION SIN MANTENER DISTANCIA RAZONABLE NI PRUDENTE;PDTE EDUARDO FREI MONTALVA;DOMINGO SANTA MARIA;DOMINGO SANTA MARIA - PDTE EDUARDO FREI MONTALVA;0;;;UNIDIRECCIONAL;CONCRETO;BUENO;SECO;DESPEJADO;0;0;0;1
-7855946,152;-3974073,179;17231;2024;1646571;-33,591438;-70,571165;1;2024/10/24 00:00:00+00;1899/12/30 00:00:00+00;REGION METROPOLITANA;PUENTE ALTO;COLISION LATERAL;COLISION;URBANA;TRAMO DE VIA RECTA;IMPRUDENCIA DEL CONDUCTOR;CONDUCCION NO ATENTO CONDICIONES TRANSITO MOMENTO;SAN HUGO;SAN JUAN;SAN HUGO - SAN JUAN;0;;;BIDIRECCIONAL;CONCRETO;BUENO;SECO;DESPEJADO;0;0;0;3
-7888475,266;-3976587,017;17232;2024;1646573;-33,610247;-70,863379;1;2024/10/16 00:00:00+00;1899/12/30 00:00:00+00;REGION METROPOLITANA;PENAFLOR;CHOQUE LATERAL;CHOQUE;URBANA;TRAMO DE VIA RECTA;IMPRUDENCIA DEL CONDUCTOR;ADELANTAMIENTO POR LA BERMA;VICUNA MACKENNA;;- VICUNA MACKENNA;524;;;BIDIRECCIONAL;ASFALTO;REGULAR;SECO;DESPEJADO;0;1;0;0
-7856756,447;-3947772,008;17233;2024;1646577;-33,394402;-70,578444;1;2024/10/23 00:00:00+00;1899/12/30 00:00:00+00;REGION METROPOLITANA;VITACURA;COLISION LATERAL;COLISION;URBANA;CRUCE CON SEMAFORO FUNCIONANDO;IMPRUDENCIA DEL CONDUCTOR;VIRAJES INDEBIDOS;LUIS CARRERA;VITACURA;LUIS CARRERA - VITACURA;0;;;BIDIRECCIONAL;ASFALTO;BUENO;SECO;DESPEJADO;0;0;0;0
-7857121,352;-3948734,975;17234;2024;1646584;-33,401624;-70,581722;1;2024/10/28 00:00:00+00;1899/12/30 00:00:00+00;REGION METROPOLITANA;VITACURA;COLISION POR ALCANCE;COLISION;URBANA;TRAMO DE VIA RECTA;IMPRUDENCIA DEL CONDUCTOR;CONDUCCION NO ATENTO CONDICIONES TRANSITO MOMENTO;PDTE KENNEDY;;- PDTE KENNEDY;5050;;;BIDIRECCIONAL;ASFALTO;BUENO;SECO;DESPEJADO;0;0;0;2
-7854900,306;-3947766,408;17235;2024;1646587;-33,39436;-70,56177;1;2024/10/28 00:00:00+00;1899/12/30 00:00:00+00;REGION METROPOLITANA;VITACURA;COLISION LATERAL;COLISION;URBANA;CRUCE CON SEMAFORO FUNCIONANDO;DESOBEDIENCIA A SENALIZACION;SENALIZACION DESOBEDECER LUZ ROJA DE SEMAFORO;GERONIMO DE ALDERETE;PDTE KENNEDY;GERONIMO DE ALDERETE - PDTE KENNEDY;0;;;BIDIRECCIONAL;ASFALTO;BUENO;SECO;DESPEJADO;0;0;0;0
-7856892,034;-3948292,816;17236;2024;1646590;-33,398308;-70,579662;1;2024/10/29 00:00:00+00;1899/12/30 00:00:00+00;REGION METROPOLITANA;VITACURA;ATROPELLO;ATROPELLO;URBANA;TRAMO DE VIA RECTA;IMPRUDENCIA DEL CONDUCTOR;CONDUCCION NO ATENTO CONDICIONES TRANSITO MOMENTO;LAS HUALTATAS;LOS ABETOS;LAS HUALTATAS - LOS ABETOS;0;;;BIDIRECCIONAL;ASFALTO;BUENO;SECO;DESPEJADO;0;1;0;0
-7865090,627;-3952532,66;17237;2024;1646600;-33,4301;-70,653311;1;2024/10/25 00:00:00+00;1899/12/30 00:00:00+00;REGION METROPOLITANA;INDEPENDENCIA;COLISION PERPENDICULAR;COLISION;URBANA;CRUCE CON SEMAFORO FUNCIONANDO;IMPRUDENCIA DEL CONDUCTOR;NO RESPETAR DERECHO PREFERENTE DE PASO A VEHICULO;INDEPENDENCIA;ANTONIA LOPEZ DE BELLO;ANTONIA LOPEZ DE BELLO - INDEPENDENCIA;0;;;BIDIRECCIONAL;CONCRETO;BUENO;SECO;DESPEJADO;0;0;1;0
-7857124,024;-3972255,068;17238;2024;1646603;-33,577832;-70,581746;1;2024/10/25 00:00:00+00;1899/12/30 00:00:00+00;REGION METROPOLITANA;PUENTE ALTO;COLISION LATERAL;COLISION;URBANA;TRAMO DE VIA RECTA;IMPRUDENCIA DEL CONDUCTOR;CONDUCCION NO ATENTO CONDICIONES TRANSITO MOMENTO;CONCHA Y TORO;;- CONCHA Y TORO;3459;;;BIDIRECCIONAL;CONCRETO;BUENO;SECO;DESPEJADO;0;0;0;0
-7865864,163;-3949689,087;17239;2024;1646605;-33,408779;-70,66026;1;2024/10/26 00:00:00+00;1899/12/30 00:00:00+00;REGION METROPOLITANA;INDEPENDENCIA;COLISION PERPENDICULAR;COLISION;URBANA;CRUCE CON SENAL PARE;DESOBEDIENCIA A SENALIZACION;SENALIZACION DESOBEDECER SENAL PARE;PALERMO;INDEPENDENCIA;INDEPENDENCIA - PALERMO;0;;;UNIDIRECCIONAL;CONCRETO;BUENO;SECO;DESPEJADO;0;1;0;0
-7871627,84;-3974923,671;17240;2024;1646608;-33,597802;-70,712036;1;2024/10/10 00:00:00+00;1899/12/30 00:00:00+00;REGION METROPOLITANA;SAN BERNARDO;COLISION;COLISION;URBANA;TRAMO DE VIA CURVA HORIZONTAL;IMPRUDENCIA DEL CONDUCTOR;CONDUCCION NO ATENTO CONDICIONES TRANSITO MOMENTO;AMERICA;SAN ALFONSO;AMERICA - SAN ALFONSO;0;;;UNIDIRECCIONAL;ASFALTO;BUENO;SECO;DESPEJADO;0;0;0;0
-7863113,235;-3944661,112;17241;2024;1646609;-33,371067;-70,635548;1;2024/09/16 00:00:00+00;1899/12/30 00:00:00+00;REGION METROPOLITANA;HUECHURABA;COLISION;COLISION;URBANA;TRAMO DE VIA RECTA;IMPRUDENCIA DEL CONDUCTOR;CONDUCCION NO ATENTO CONDICIONES TRANSITO MOMENTO;RECOLETA;LA PINCOYA;LA PINCOYA - RECOLETA;0;;;UNIDIRECCIONAL;ASFALTO;BUENO;SECO;DESPEJADO;0;0;0;1
-7866705,627;-3947706,675;17242;2024;1646610;-33,393912;-70,667819;1;2024/09/25 00:00:00+00;1899/12/30 00:00:00+00;REGION METROPOLITANA;CONCHALI;COLISION;COLISION;URBANA;TRAMO DE VIA RECTA;VELOCIDAD IMPRUDENTE;VELOCIDAD NO RAZONABLE NI PRUDENTE;AVIADOR ACEVEDO;LA PALMILLA;AVIADOR ACEVEDO - LA PALMILLA;0;;;BIDIRECCIONAL;ASFALTO;BUENO;SECO;DESPEJADO;0;0;0;0
-7865037,393;-3952739,574;17243;2024;1646611;-33,431651;-70,652833;1;2024/10/26 00:00:00+00;1899/12/30 00:00:00+00;REGION METROPOLITANA;INDEPENDENCIA;COLISION PERPENDICULAR;COLISION;URBANA;CRUCE CON SEMAFORO FUNCIONANDO;DESOBEDIENCIA A SENALIZACION;SENALIZACION DESOBEDECER LUZ ROJA DE SEMAFORO;INDEPENDENCIA;STA MARIA;INDEPENDENCIA - STA MARIA;0;;;BIDIRECCIONAL;CONCRETO;BUENO;SECO;DESPEJADO;0;0;0;1
-7874936,144;-3958906,22;17244;2024;1646615;-33,477869;-70,741755;1;2024/10/17 00:00:00+00;1899/12/30 00:00:00+00;REGION METROPOLITANA;MAIPU;CHOQUE LADO/LADO;CHOQUE;URBANA;TRAMO DE VIA RECTA;IMPRUDENCIA DEL CONDUCTOR;CONDUCCION SIN MANTENER DISTANCIA RAZONABLE NI PRUDENTE;LAS PARCELAS;LOS PAJARITOS;LAS PARCELAS - LOS PAJARITOS;0;;;BIDIRECCIONAL;MIXTO;BUENO;SECO;DESPEJADO;0;0;0;0
-7874742,671;-3958625,555;17245;2024;1646618;-33,475766;-70,740017;1;2024/10/19 00:00:00+00;1899/12/30 00:00:00+00;REGION METROPOLITANA;MAIPU;COLISION LATERAL;COLISION;URBANA;TRAMO DE VIA RECTA;IMPRUDENCIA DEL CONDUCTOR;CONDUCCION SIN MANTENER DISTANCIA RAZONABLE NI PRUDENTE;LOS PAJARITOS;ARQTO HUGO BRAVO;ARQTO HUGO BRAVO - LOS PAJARITOS;0;;;UNIDIRECCIONAL;ASFALTO;BUENO;SECO;DESPEJADO;0;0;0;0
-7876491,723;-3957094,898;17246;2024;1646620;-33,464296;-70,755729;1;2024/10/21 00:00:00+00;1899/12/30 00:00:00+00;REGION METROPOLITANA;PUDAHUEL;CHOQUE LADO/LADO;CHOQUE;URBANA;TRAMO DE VIA RECTA;IMPRUDENCIA DEL CONDUCTOR;CONDUCCION NO ATENTO CONDICIONES TRANSITO MOMENTO;LIRA;LEBRELES;LEBRELES - LIRA;0;;;BIDIRECCIONAL;MIXTO;BUENO;SECO;DESPEJADO;0;0;0;0
-7876747,869;-3955274,255;17247;2024;1646623;-33,450651;-70,75803;1;2024/10/21 00:00:00+00;1899/12/30 00:00:00+00;REGION METROPOLITANA;PUDAHUEL;COLISION POR ALCANCE;COLISION;URBANA;CRUCE CON SENAL PARE;IMPRUDENCIA DEL CONDUCTOR;CONDUCCION SIN MANTENER DISTANCIA RAZONABLE NI PRUDENTE;CLAUDIO ARRAU;LA TRAVESIA;CLAUDIO ARRAU - LA TRAVESIA;0;;;BIDIRECCIONAL;CONCRETO;BUENO;SECO;DESPEJADO;0;0;0;1
-7873000,187;-3936986,962;17248;2024;1646626;-33,313476;-70,724364;1;2024/10/22 00:00:00+00;1899/12/30 00:00:00+00;REGION METROPOLITANA;LAMPA;COLISION LATERAL;COLISION;URBANA;TRAMO DE VIA RECTA;IMPRUDENCIA DEL CONDUCTOR;CONDUCCION NO ATENTO CONDICIONES TRANSITO MOMENTO;PDTE EDUARDO FREI MONTALVA;LA MONTANA;LA MONTANA - PDTE EDUARDO FREI MONTALVA;0;;;BIDIRECCIONAL;MIXTO;BUENO;SECO;DESPEJADO;0;0;0;0
-7861862,672;-3953979,363;17249;2024;1646630;-33,440945;-70,624314;1;2024/10/22 00:00:00+00;1899/12/30 00:00:00+00;REGION METROPOLITANA;PROVIDENCIA;COLISION POR ALCANCE;COLISION;URBANA;TRAMO DE VIA RECTA;IMPRUDENCIA DEL CONDUCTOR;CONDUCCION SIN MANTENER DISTANCIA RAZONABLE NI PRUDENTE;FRANCISCO BILBAO;SALVADOR;FRANCISCO BILBAO - SALVADOR;0;;;BIDIRECCIONAL;MIXTO;BUENO;SECO;DESPEJADO;0;0;0;0
-7877283,271;-3956253,244;17250;2024;1646632;-33,457988;-70,76284;1;2024/10/25 00:00:00+00;1899/12/30 00:00:00+00;REGION METROPOLITANA;PUDAHUEL;COLISION PERPENDICULAR;COLISION;URBANA;TRAMO DE VIA RECTA;IMPRUDENCIA DEL CONDUCTOR;CONDUCCION NO ATENTO CONDICIONES TRANSITO MOMENTO;ISLA DE PASCUA;ISLA ROBINSON CRUSOE;ISLA DE PASCUA - ISLA ROBINSON CRUSOE;0;;;BIDIRECCIONAL;MIXTO;BUENO;SECO;DESPEJADO;0;0;0;0
-7870911,267;-3963143,782;17251;2024;1646634;-33,509615;-70,705599;1;2024/10/28 00:00:00+00;1899/12/30 00:00:00+00;REGION METROPOLITANA;CERRILLOS;COLISION PERPENDICULAR;COLISION;URBANA;CRUCE CON SEMAFORO FUNCIONANDO;DESOBEDIENCIA A SENALIZACION;SENALIZACION DESOBEDECER LUZ ROJA DE SEMAFORO;AEROPUERTO;FERNANDEZ ALBANO;AEROPUERTO - FERNANDEZ ALBANO;0;;;BIDIRECCIONAL;ASFALTO;BUENO;SECO;DESPEJADO;0;0;0;1
-7876302,591;-3957860,468;17252;2024;1646635;-33,470033;-70,75403;1;2024/10/25 00:00:00+00;1899/12/30 00:00:00+00;REGION METROPOLITANA;MAIPU;CHOQUE FRENTE/POSTERIOR;CHOQUE;URBANA;TRAMO DE VIA RECTA;IMPRUDENCIA DEL CONDUCTOR;CONDUCCION SIN MANTENER DISTANCIA RAZONABLE NI PRUDENTE;CAMPOS ELISEOS;;- CAMPOS ELISEOS;5375;;;UNIDIRECCIONAL;MIXTO;BUENO;SECO;DESPEJADO;0;0;0;0
-7872877,179;-3963204,055;17253;2024;1646637;-33,510066;-70,723259;1;2024/10/29 00:00:00+00;1899/12/30 00:00:00+00;REGION METROPOLITANA;CERRILLOS;CHOQUE FRONTAL;CHOQUE;URBANA;CRUCE CON SENAL CEDA EL PASO;IMPRUDENCIA DEL CONDUCTOR;CONDUCCION NO ATENTO CONDICIONES TRANSITO MOMENTO;AMERICO VESPUCIO;CAMINO A MELIPILLA;AMERICO VESPUCIO - CAMINO A MELIPILLA;0;;;BIDIRECCIONAL;ASFALTO;BUENO;SECO;DESPEJADO;0;0;0;0
-7859027,031;-3964895,355;17254;2024;1646638;-33,522733;-70,598841;1;2024/10/29 00:00:00+00;1899/12/30 00:00:00+00;REGION METROPOLITANA;LA FLORIDA;COLISION PERPENDICULAR;COLISION;URBANA;TRAMO DE VIA RECTA;IMPRUDENCIA DEL CONDUCTOR;CONDUCCION CAMBIAR SORPRESIVAMENTE PISTA CIRCULACION;AMERICO VESPUCIO;VICUNA MACKENNA PONIENTE;AMERICO VESPUCIO - VICUNA MACKENNA PONIENTE;0;;;BIDIRECCIONAL;MIXTO;BUENO;SECO;DESPEJADO;0;0;0;1
-7871610,363;-3964088,462;17255;2024;1646639;-33,51669;-70,711879;1;2024/10/29 00:00:00+00;1899/12/30 00:00:00+00;REGION METROPOLITANA;CERRILLOS;COLISION LATERAL;COLISION;URBANA;CRUCE CON SENAL PARE;IMPRUDENCIA DEL CONDUCTOR;CONDUCCION CAMBIAR SORPRESIVAMENTE PISTA CIRCULACION;AMERICO VESPUCIO;AEROPUERTO;AEROPUERTO - AMERICO VESPUCIO;0;;;BIDIRECCIONAL;ASFALTO;BUENO;SECO;DESPEJADO;0;0;0;0
-7867345,157;-3956329,379;17256;2024;1646640;-33,458559;-70,673564;1;2024/10/28 00:00:00+00;1899/12/30 00:00:00+00;REGION METROPOLITANA;SANTIAGO;CHOQUE POSTERIOR/POSTERIOR;CHOQUE;URBANA;TRAMO DE VIA RECTA;IMPRUDENCIA DEL CONDUCTOR;CONDUCCION SIN MANTENER DISTANCIA RAZONABLE NI PRUDENTE;BLANCO ENCALADA;BASCUNAN GUERRERO;BASCUNAN GUERRERO - BLANCO ENCALADA;0;;;UNIDIRECCIONAL;MIXTO;BUENO;SECO;DESPEJADO;0;0;0;0