ï»¿X;Y;FID;AÃ±o;IdAccident;Latitud;longitud;ClaseAccid;Fecha;Hora;RegiÃ³n;Comuna;Tipo_Accid;Tipo__CONA;Zona;UbicaciÃ³n;Causa__CON;Causa_Acci;Calle_Uno;Calle_Dos;Intersecci;NÃºmero;Ruta;Ubicaci_1;Calzada;Tipo_Calza;Estado_Cal;CondiciÃ³n;Estado_Atm;Fallecidos;Graves;Menos_Grav;Leves
-7876069,488;-3960346,351;17410;2024;1647100;-33,488659;-70,751936;1;2024/10/31 00:00:00+00;1899/12/30 00:00:00+00;REGION METROPOLITANA;MAIPU;CHOQUE FRONTAL;CHOQUE;URBANA;TRAMO DE VIA RECTA;IMPRUDENCIA DEL CONDUCTOR;CONDUCCION NO ATENTO CONDICIONES TRANSITO MOMENTO;LOS PAJARITOS;ISABEL RIQUELME;ISABEL RIQUELME - LOS PAJARITOS;0;;;BIDIRECCIONAL CON BANDEJON;ASFALTO;BUENO;SECO;DESPEJADO;0;0;0;0
-7875925,218;-3959358,527;17411;2024;1647101;-33,481258;-70,75064;1;2024/10/31 00:00:00+00;1899/12/30 00:00:00+00;REGION METROPOLITANA;MAIPU;COLISION LATERAL;COLISION;URBANA;CRUCE SIN SENALIZACION;IMPRUDENCIA DEL CONDUCTOR;CONDUCCION NO ATENTO CONDICIONES TRANSITO MOMENTO;AMERICO VESPUCIO;;- AMERICO VESPUCIO;399;;;BIDIRECCIONAL CON BANDEJON;ASFALTO;BUENO;SECO;DESPEJADO;0;0;0;0
-7878046,522;-3966689,336;17412;2024;1647103;-33,536167;-70,769696;1;2024/10/31 00:00:00+00;1899/12/30 00:00:00+00;REGION METROPOLITANA;MAIPU;COLISION POR ALCANCE;COLISION;URBANA;TRAMO DE VIA RECTA;IMPRUDENCIA DEL CONDUCTOR;CONDUCCION SIN MANTENER DISTANCIA RAZONABLE NI PRUDENTE;CAMINO A MELIPILLA;3 PONIENTE;3 PONIENTE - CAMINO A MELIPILLA;0;;;BIDIRECCIONAL CON BANDEJON;ASFALTO;BUENO;SECO;DESPEJADO;0;0;0;1
-7876477,891;-3963260,638;17413;2024;1647104;-33,51049;-70,755605;1;2024/11/01 00:00:00+00;1899/12/30 00:00:00+00;REGION METROPOLITANA;MAIPU;COLISION POR ALCANCE;COLISION;URBANA;CRUCE CON SEMAFORO FUNCIONANDO;IMPRUDENCIA DEL CONDUCTOR;CONDUCCION SIN MANTENER DISTANCIA RAZONABLE NI PRUDENTE;ALBERTO LLONA;5 DE ABRIL;5 DE ABRIL - ALBERTO LLONA;0;;;UNIDIRECCIONAL;ASFALTO;BUENO;SECO;DESPEJADO;0;0;0;0
-7874692,355;-3962890,577;17414;2024;1647107;-33,507718;-70,739565;1;2024/11/01 00:00:00+00;1899/12/30 00:00:00+00;REGION METROPOLITANA;MAIPU;COLISION FRONTAL;COLISION;URBANA;CRUCE CON SENAL CEDA EL PASO;DESOBEDIENCIA A SENALIZACION;SENALIZACION DESOBEDECER SENAL CEDA EL PASO;LUMEN;1 SUR;1 SUR - LUMEN;0;;;BIDIRECCIONAL;ASFALTO;BUENO;SECO;DESPEJADO;0;0;0;0
-7867507,906;-3966383,375;17415;2024;1647108;-33,533876;-70,675026;1;2024/11/02 00:00:00+00;1899/12/30 00:00:00+00;REGION METROPOLITANA;LA CISTERNA;CHOQUE POSTERIOR;CHOQUE;URBANA;TRAMO DE VIA RECTA;IMPRUDENCIA DEL CONDUCTOR;CONDUCIR VEHICULO EN RETROCESO;AMERICO VESPUCIO;INDUSTRIA;AMERICO VESPUCIO - INDUSTRIA;0;;;BIDIRECCIONAL CON BANDEJON;ASFALTO;BUENO;SECO;DESPEJADO;0;0;0;0
-7867301,965;-3961861,419;17416;2024;1647109;-33,500009;-70,673176;1;2024/11/02 00:00:00+00;1899/12/30 00:00:00+00;REGION METROPOLITANA;PEDRO AGUIRRE CERDA;CHOQUE POSTERIOR/POSTERIOR;CHOQUE;URBANA;CRUCE CON SEMAFORO FUNCIONANDO;IMPRUDENCIA DEL CONDUCTOR;CONDUCCION NO ATENTO CONDICIONES TRANSITO MOMENTO;VECINAL;CLUB HIPICO;CLUB HIPICO - VECINAL;0;;;BIDIRECCIONAL CON BANDEJON;ASFALTO;BUENO;SECO;DESPEJADO;0;0;0;0
-7865982,05;-3950105,694;17417;2024;1647113;-33,411903;-70,661319;1;2024/10/23 00:00:00+00;1899/12/30 00:00:00+00;REGION METROPOLITANA;INDEPENDENCIA;COLISION FRONTAL;COLISION;URBANA;TRAMO DE VIA RECTA;IMPRUDENCIA DEL CONDUCTOR;CONDUCCION CONTRA SENTIDO DEL TRANSITO;MARURI;;- MARURI;1635;;;UNIDIRECCIONAL;CONCRETO;BUENO;SECO;DESPEJADO;0;0;0;0
-7865893,774;-3970518,736;17418;2024;1647123;-33,564836;-70,660526;1;2024/10/30 00:00:00+00;1899/12/30 00:00:00+00;REGION METROPOLITANA;EL BOSQUE;CHOQUE FRONTAL;CHOQUE;URBANA;TRAMO DE VIA RECTA;ALCOHOL EN CONDUCTOR;CONDUCCION EN ESTADO DE EBRIEDAD;LOS PEUMOS;LOS SAUCES;LOS PEUMOS - LOS SAUCES;0;;;BIDIRECCIONAL;CONCRETO;BUENO;SECO;DESPEJADO;0;0;0;1
-7870562,958;-3953880,378;17419;2024;1647124;-33,440203;-70,70247;1;2024/10/30 00:00:00+00;1899/12/30 00:00:00+00;REGION METROPOLITANA;QUINTA NORMAL;COLISION LATERAL;COLISION;URBANA;CRUCE CON SEMAFORO FUNCIONANDO;DESOBEDIENCIA A SENALIZACION;SENALIZACION DESOBEDECER LUZ ROJA DE SEMAFORO;SAN PABLO;RADAL;RADAL - SAN PABLO;0;;;BIDIRECCIONAL;ASFALTO;REGULAR;SECO;DESPEJADO;0;0;0;1
-7886063,975;-3941841,164;17420;2024;1647126;-33,349909;-70,841718;1;2024/10/25 00:00:00+00;1899/12/30 00:00:00+00;REGION METROPOLITANA;LAMPA;COLISION LATERAL;COLISION;RURAL;TRAMO DE VIA RECTA;IMPRUDENCIA DEL CONDUCTOR;CONDUCCION NO ATENTO CONDICIONES TRANSITO MOMENTO;CAMINO EL NOVICIADO;LAS PARCELAS;CAMINO EL NOVICIADO - LAS PARCELAS;0;;;BIDIRECCIONAL;ASFALTO;BUENO;SECO;DESPEJADO;0;0;1;0
-7848294,719;-3943762,594;17421;2024;1647129;-33,364326;-70,502431;1;2024/10/27 00:00:00+00;1899/12/30 00:00:00+00;REGION METROPOLITANA;LO BARNECHEA;COLISION LATERAL;COLISION;URBANA;TRAMO DE VIA RECTA;IMPRUDENCIA DEL CONDUCTOR;CONDUCCION CONTRA SENTIDO DEL TRANSITO;COST MONS ESCRIVA DE BALAGUER;;- COST MONS ESCRIVA DE BALAGUER;600;;;UNIDIRECCIONAL;CONCRETO;BUENO;SECO;DESPEJADO;0;0;0;1
-7869687,319;-3953672,138;17422;2024;1647135;-33,438642;-70,694604;1;2024/10/31 00:00:00+00;1899/12/30 00:00:00+00;REGION METROPOLITANA;QUINTA NORMAL;COLISION LATERAL;COLISION;URBANA;TRAMO DE VIA RECTA;IMPRUDENCIA DEL CONDUCTOR;CONDUCCION NO ATENTO CONDICIONES TRANSITO MOMENTO;SAN PABLO;BISMARCK;BISMARCK - SAN PABLO;0;;;BIDIRECCIONAL;ASFALTO;REGULAR;SECO;DESPEJADO;0;0;0;0
-7861163,92;-3961816,431;17423;2024;1647139;-33,499672;-70,618037;1;2024/10/29 00:00:00+00;1899/12/30 00:00:00+00;REGION METROPOLITANA;SAN JOAQUIN;COLISION LATERAL;COLISION;URBANA;TRAMO DE VIA RECTA;IMPRUDENCIA DEL CONDUCTOR;CONDUCCION NO ATENTO CONDICIONES TRANSITO MOMENTO;MANUEL PEREZ;;- MANUEL PEREZ;43;;;BIDIRECCIONAL;CONCRETO;BUENO;SECO;DESPEJADO;0;0;0;0
-7861470,271;-3963830,236;17424;2024;1647142;-33,514756;-70,620789;1;2024/10/29 00:00:00+00;1899/12/30 00:00:00+00;REGION METROPOLITANA;SAN JOAQUIN;COLISION LATERAL;COLISION;URBANA;TRAMO DE VIA RECTA;IMPRUDENCIA DEL CONDUCTOR;CONDUCCION NO ATENTO CONDICIONES TRANSITO MOMENTO;LO OVALLE;VECINAL;LO OVALLE - VECINAL;0;;;BIDIRECCIONAL CON BANDEJON;CONCRETO;BUENO;SECO;DESPEJADO;0;0;0;0
-7862133,067;-3960104,626;17425;2024;1647143;-33,486848;-70,626743;1;2024/10/29 00:00:00+00;1899/12/30 00:00:00+00;REGION METROPOLITANA;SAN JOAQUIN;COLISION FRONTAL;COLISION;URBANA;TRAMO DE VIA RECTA;IMPRUDENCIA DEL CONDUCTOR;CONDUCCION NO ATENTO CONDICIONES TRANSITO MOMENTO;SALOMON SUMAR;;- SALOMON SUMAR;3600;;;BIDIRECCIONAL;CONCRETO;BUENO;SECO;DESPEJADO;0;0;0;0
-7860645,616;-3963019,545;17426;2024;1647146;-33,508684;-70,613381;1;2024/10/29 00:00:00+00;1899/12/30 00:00:00+00;REGION METROPOLITANA;SAN JOAQUIN;COLISION LATERAL;COLISION;URBANA;TRAMO DE VIA RECTA;IMPRUDENCIA DEL CONDUCTOR;CONDUCCION NO ATENTO CONDICIONES TRANSITO MOMENTO;VICUNA MACKENNA;DEPARTAMENTAL;DEPARTAMENTAL - VICUNA MACKENNA;0;;;BIDIRECCIONAL CON BANDEJON;CONCRETO;BUENO;SECO;DESPEJADO;0;0;0;0
-7861969,427;-3963424,75;17427;2024;1647149;-33,511719;-70,625273;1;2024/10/30 00:00:00+00;1899/12/30 00:00:00+00;REGION METROPOLITANA;SAN JOAQUIN;COLISION LATERAL;COLISION;URBANA;CRUCE CON SEMAFORO FUNCIONANDO;IMPRUDENCIA DEL CONDUCTOR;CONDUCCION NO ATENTO CONDICIONES TRANSITO MOMENTO;VARAS MENA;LAS INDUSTRIAS;LAS INDUSTRIAS - VARAS MENA;0;;;BIDIRECCIONAL;CONCRETO;BUENO;SECO;DESPEJADO;0;0;0;1
-7874509,457;-3942636,646;17428;2024;1647170;-33,355878;-70,737922;1;2024/10/28 00:00:00+00;1899/12/30 00:00:00+00;REGION METROPOLITANA;QUILICURA;COLISION LATERAL;COLISION;URBANA;CRUCE CON SENAL PARE;VELOCIDAD IMPRUDENTE;VELOCIDAD MAYOR QUE MAXIMA PERMITIDA;STA LUISA;RIGOBERTO JARA;RIGOBERTO JARA - STA LUISA;0;;;UNIDIRECCIONAL;CONCRETO;BUENO;SECO;DESPEJADO;0;0;0;0
-7889616,848;-3976213,428;17429;2024;1647174;-33,607452;-70,873634;1;2024/10/31 00:00:00+00;1899/12/30 00:00:00+00;REGION METROPOLITANA;PENAFLOR;COLISION POR ALCANCE;COLISION;URBANA;TRAMO DE VIA RECTA;IMPRUDENCIA DEL CONDUCTOR;CONDUCCION NO ATENTO CONDICIONES TRANSITO MOMENTO;MANUEL CASTILLO;LA PAZ;LA PAZ - MANUEL CASTILLO;0;;;BIDIRECCIONAL;ASFALTO;BUENO;SECO;DESPEJADO;0;0;0;0
-7873083,454;-3954680,289;17430;2024;1647179;-33,446199;-70,725112;1;2024/10/30 00:00:00+00;1899/12/30 00:00:00+00;REGION METROPOLITANA;LO PRADO;CHOQUE LADO/LADO;CHOQUE;URBANA;TRAMO DE VIA RECTA;IMPRUDENCIA DEL CONDUCTOR;ADELANTAMIENTO SIN EL ESPACIO O TIEMPO SUFICIENTE;HECTOR GAJARDO;;- HECTOR GAJARDO;601;;;UNIDIRECCIONAL;ASFALTO;BUENO;SECO;DESPEJADO;0;0;0;0
-7853125,873;-3940635,984;17431;2024;1647180;-33,340865;-70,54583;1;2024/10/28 00:00:00+00;1899/12/30 00:00:00+00;REGION METROPOLITANA;LO BARNECHEA;COLISION LATERAL;COLISION;URBANA;ROTONDA;IMPRUDENCIA DEL CONDUCTOR;CONDUCCION NO ATENTO CONDICIONES TRANSITO MOMENTO;CAMINO LOS TRAPENSES;CAMINO REAL;CAMINO LOS TRAPENSES - CAMINO REAL;0;;;BIDIRECCIONAL CON BANDEJON;CONCRETO;BUENO;SECO;DESPEJADO;0;0;0;0
-7865401,073;-3954178,937;17432;2024;1647181;-33,442441;-70,6561;1;2024/10/24 00:00:00+00;1899/12/30 00:00:00+00;REGION METROPOLITANA;SANTIAGO;ATROPELLO;ATROPELLO;URBANA;TRAMO DE VIA RECTA;IMPRUDENCIA DEL PEATON;PEATON CRUZA CALZADA FUERA PASO PEATONES;AMUNATEGUI;MONEDA;AMUNATEGUI - MONEDA;0;;;UNIDIRECCIONAL;ASFALTO;REGULAR;SECO;DESPEJADO;0;0;0;1
-7873588,622;-3954647,603;17433;2024;1647187;-33,445954;-70,72965;1;2024/10/30 00:00:00+00;1899/12/30 00:00:00+00;REGION METROPOLITANA;LO PRADO;COLISION PERPENDICULAR;COLISION;URBANA;CRUCE CON SENAL CEDA EL PASO;DESOBEDIENCIA A SENALIZACION;SENALIZACION DESOBEDECER SENAL CEDA EL PASO;WALDO TAFF;GRAL LIZARDO MONTERO;GRAL LIZARDO MONTERO - WALDO TAFF;0;;;BIDIRECCIONAL;ASFALTO;BUENO;SECO;DESPEJADO;0;0;0;1
-7865656,886;-3953447,494;17434;2024;1647189;-33,436958;-70,658398;1;2024/10/25 00:00:00+00;1899/12/30 00:00:00+00;REGION METROPOLITANA;SANTIAGO;OTRO TIPO;OTRO TIPO;URBANA;TRAMO DE VIA RECTA;OTRAS CAUSAS;OTRAS CAUSAS;SAN MARTIN;STO DOMINGO;SAN MARTIN - STO DOMINGO;0;;;UNIDIRECCIONAL;CONCRETO;BUENO;SECO;DESPEJADO;0;0;0;0
-7878261,369;-3966866,292;17435;2024;1647195;-33,537492;-70,771626;1;2024/10/30 00:00:00+00;1899/12/30 00:00:00+00;REGION METROPOLITANA;MAIPU;VOLCADURA;VOLCADURA;URBANA;ENLACE A NIVEL;VELOCIDAD IMPRUDENTE;VELOCIDAD NO RAZONABLE NI PRUDENTE;CAMINO A MELIPILLA;ALBERTO LLONA;ALBERTO LLONA - CAMINO A MELIPILLA;0;;;BIDIRECCIONAL CON BANDEJON;ASFALTO;BUENO;SECO;DESPEJADO;1;0;0;0
-7854969,324;-3957445,45;17436;2024;1647200;-33,466923;-70,56239;1;2024/10/30 00:00:00+00;1899/12/30 00:00:00+00;REGION METROPOLITANA;PENALOLEN;COLISION FRONTAL;COLISION;URBANA;CRUCE SIN SENALIZACION;IMPRUDENCIA DEL CONDUCTOR;CONDUCCION NO ATENTO CONDICIONES TRANSITO MOMENTO;ICTINOS;TAMARIZ;ICTINOS - TAMARIZ;0;;;BIDIRECCIONAL;CONCRETO;BUENO;SECO;DESPEJADO;0;0;1;0
-7869896,6;-3956322,04;17437;2024;1647204;-33,458504;-70,696484;1;2024/10/31 00:00:00+00;1899/12/30 00:00:00+00;REGION METROPOLITANA;ESTACION CENTRAL;COLISION PERPENDICULAR;COLISION;URBANA;CRUCE CON SEMAFORO FUNCIONANDO;IMPRUDENCIA DEL CONDUCTOR;CONDUCCION NO ATENTO CONDICIONES TRANSITO MOMENTO;GRAL AMENGUAL;LIBER BERNARDO O'HIGGINS;GRAL AMENGUAL - LIBER BERNARDO O'HIGGINS;0;;;UNIDIRECCIONAL;ASFALTO;BUENO;SECO;DESPEJADO;0;0;0;0
-7865074,796;-3951257,843;17438;2024;1647208;-33,420542;-70,653169;1;2024/10/29 00:00:00+00;1899/12/30 00:00:00+00;REGION METROPOLITANA;INDEPENDENCIA;COLISION LATERAL;COLISION;URBANA;CRUCE CON SEMAFORO FUNCIONANDO;IMPRUDENCIA DEL CONDUCTOR;ADELANTAMIENTO SIN EL ESPACIO O TIEMPO SUFICIENTE;INDEPENDENCIA;GAMERO;GAMERO - INDEPENDENCIA;0;;;BIDIRECCIONAL;CONCRETO;BUENO;SECO;DESPEJADO;0;0;1;0
-7866689,708;-3948442,823;17439;2024;1647217;-33,399433;-70,667676;1;2024/10/30 00:00:00+00;1899/12/30 00:00:00+00;REGION METROPOLITANA;INDEPENDENCIA;COLISION PERPENDICULAR;COLISION;URBANA;CRUCE CON SENAL PARE;IMPRUDENCIA DEL CONDUCTOR;VIRAJES INDEBIDOS;INDEPENDENCIA;CANETE;CANETE - INDEPENDENCIA;0;;;BIDIRECCIONAL;CONCRETO;BUENO;SECO;DESPEJADO;0;0;1;0
-7867009,757;-3944089,171;17440;2024;1647227;-33,366776;-70,670551;1;2024/10/16 00:00:00+00;1899/12/30 00:00:00+00;REGION METROPOLITANA;HUECHURABA;COLISION;COLISION;URBANA;TRAMO DE VIA RECTA;IMPRUDENCIA DEL CONDUCTOR;CONDUCCION NO ATENTO CONDICIONES TRANSITO MOMENTO;PEDRO FONTOVA;PUNTA NOGALES;PEDRO FONTOVA - PUNTA NOGALES;0;;;BIDIRECCIONAL CON BANDEJON;ASFALTO;BUENO;SECO;DESPEJADO;0;0;0;0
-7866326,027;-3943334,62;17441;2024;1647229;-33,361115;-70,664409;1;2024/10/19 00:00:00+00;1899/12/30 00:00:00+00;REGION METROPOLITANA;HUECHURABA;COLISION;COLISION;URBANA;TRAMO DE VIA RECTA;IMPRUDENCIA DEL CONDUCTOR;CONDUCCION NO ATENTO CONDICIONES TRANSITO MOMENTO;STA ROSA DE HUECHURABA;;- STA ROSA DE HUECHURABA;6790;;;BIDIRECCIONAL;ASFALTO;BUENO;SECO;DESPEJADO;0;0;0;2
-7859460,954;-3951557,268;17442;2024;1647233;-33,422787;-70,602739;1;2024/10/19 00:00:00+00;1899/12/30 00:00:00+00;REGION METROPOLITANA;PROVIDENCIA;CHOQUE POSTERIOR/POSTERIOR;CHOQUE;URBANA;CRUCE CON SEMAFORO FUNCIONANDO;IMPRUDENCIA DEL CONDUCTOR;CONDUCCION NO ATENTO CONDICIONES TRANSITO MOMENTO;LOTA;HOLANDA;HOLANDA - LOTA;0;;;UNIDIRECCIONAL;ASFALTO;BUENO;SECO;DESPEJADO;0;0;0;0
-7872148,259;-3975968,965;17443;2024;1647236;-33,605623;-70,716711;1;2024/08/16 00:00:00+00;1899/12/30 00:00:00+00;REGION METROPOLITANA;SAN BERNARDO;COLISION;COLISION;URBANA;TRAMO DE VIA RECTA;IMPRUDENCIA DEL CONDUCTOR;CONDUCCION NO ATENTO CONDICIONES TRANSITO MOMENTO;AUTOPISTA CENTRAL;PUENTE CATEMITO;AUTOPISTA CENTRAL - PUENTE CATEMITO;0;;;BIDIRECCIONAL CON BANDEJON;ASFALTO;BUENO;SECO;DESPEJADO;0;0;0;0
-7865918,511;-3953146,141;17444;2024;1647248;-33,434699;-70,660748;1;2024/10/30 00:00:00+00;1899/12/30 00:00:00+00;REGION METROPOLITANA;SANTIAGO;VOLCADURA;VOLCADURA;URBANA;TRAMO DE VIA RECTA;VELOCIDAD IMPRUDENTE;VELOCIDAD NO RAZONABLE NI PRUDENTE;MANUEL RODRIGUEZ;SAN PABLO;MANUEL RODRIGUEZ - SAN PABLO;0;;;UNIDIRECCIONAL;CONCRETO;BUENO;SECO;DESPEJADO;1;1;0;0
-7866055,187;-3945080,738;17445;2024;1647250;-33,374215;-70,661976;1;2024/10/23 00:00:00+00;1899/12/30 00:00:00+00;REGION METROPOLITANA;HUECHURABA;COLISION;COLISION;URBANA;TRAMO DE VIA RECTA;IMPRUDENCIA DEL CONDUCTOR;CONDUCCION NO ATENTO CONDICIONES TRANSITO MOMENTO;AMERICO VESPUCIO;GUANACO NORTE;AMERICO VESPUCIO - GUANACO NORTE;0;;;UNIDIRECCIONAL;ASFALTO;BUENO;SECO;DESPEJADO;0;0;0;0
-7870992,095;-3956182,339;17446;2024;1647257;-33,457457;-70,706325;1;2024/10/30 00:00:00+00;1899/12/30 00:00:00+00;REGION METROPOLITANA;ESTACION CENTRAL;COLISION LATERAL;COLISION;URBANA;TRAMO DE VIA RECTA;IMPRUDENCIA DEL CONDUCTOR;ADELANTAMIENTO EN CRUCE, CURVA, CUESTA, PUENTE;LAS REJAS NORTE;BERNARDO O'HIGGINS;BERNARDO O'HIGGINS - LAS REJAS NORTE;0;;;BIDIRECCIONAL CON BANDEJON;CONCRETO;MALO;SECO;DESPEJADO;0;0;0;0
-7865074,796;-3952628,194;17447;2024;1647263;-33,430816;-70,653169;1;2024/10/30 00:00:00+00;1899/12/30 00:00:00+00;REGION METROPOLITANA;INDEPENDENCIA;COLISION PERPENDICULAR;COLISION;URBANA;CRUCE CON SEMAFORO FUNCIONANDO;DESOBEDIENCIA A SENALIZACION;SENALIZACION DESOBEDECER LUZ ROJA DE SEMAFORO;GRAL BORGONO;INDEPENDENCIA;GRAL BORGONO - INDEPENDENCIA;0;;;UNIDIRECCIONAL;CONCRETO;BUENO;SECO;DESPEJADO;0;1;0;0
-7863691,763;-3946297,845;17448;2024;1647266;-33,383345;-70,640745;1;2024/10/24 00:00:00+00;1899/12/30 00:00:00+00;REGION METROPOLITANA;HUECHURABA;COLISION;COLISION;URBANA;TRAMO DE VIA RECTA;IMPRUDENCIA DEL CONDUCTOR;CONDUCCION NO ATENTO CONDICIONES TRANSITO MOMENTO;AMERICO VESPUCIO;RECOLETA;AMERICO VESPUCIO - RECOLETA;0;;;BIDIRECCIONAL;ASFALTO;BUENO;SECO;DESPEJADO;0;0;0;0
-7856224,674;-3972858,089;17449;2024;1647275;-33,582345;-70,573667;1;2024/10/27 00:00:00+00;1899/12/30 00:00:00+00;REGION METROPOLITANA;PUENTE ALTO;CHOQUE FRENTE/POSTERIOR;CHOQUE;URBANA;TRAMO DE VIA RECTA;IMPRUDENCIA DEL CONDUCTOR;CONDUCCION NO ATENTO CONDICIONES TRANSITO MOMENTO;MAESTRO PALOMO;;- MAESTRO PALOMO;486;;;BIDIRECCIONAL;CONCRETO;BUENO;SECO;DESPEJADO;0;0;0;0
-7872827,753;-3953701,486;17450;2024;1647279;-33,438862;-70,722815;1;2024/11/01 00:00:00+00;1899/12/30 00:00:00+00;REGION METROPOLITANA;LO PRADO;COLISION PERPENDICULAR;COLISION;URBANA;CRUCE CON SEMAFORO FUNCIONANDO;DESOBEDIENCIA A SENALIZACION;SENALIZACION DESOBEDECER LUZ ROJA DE SEMAFORO;NEPTUNO;SAN FRANCISCO;NEPTUNO - SAN FRANCISCO;0;;;BIDIRECCIONAL;ASFALTO;BUENO;SECO;DESPEJADO;0;0;0;0
-7866053,613;-3951741,378;17451;2024;1647286;-33,424167;-70,661962;1;2024/10/30 00:00:00+00;1899/12/30 00:00:00+00;REGION METROPOLITANA;INDEPENDENCIA;VOLCADURA;VOLCADURA;URBANA;TRAMO DE VIA RECTA;VELOCIDAD IMPRUDENTE;VELOCIDAD NO RAZONABLE NI PRUDENTE;FERMIN VIVACETA;RETIRO;FERMIN VIVACETA - RETIRO;0;;;BIDIRECCIONAL;ASFALTO;BUENO;SECO;DESPEJADO;0;0;1;0
-7867113,39;-3923626,764;17452;2024;1647295;-33,213123;-70,671482;1;2024/10/18 00:00:00+00;1899/12/30 00:00:00+00;REGION METROPOLITANA;COLINA;CHOQUE FRENTE/POSTERIOR;CHOQUE;URBANA;TRAMO DE VIA RECTA;IMPRUDENCIA DEL CONDUCTOR;CONDUCCION NO ATENTO CONDICIONES TRANSITO MOMENTO;CALETERA GRAL SAN MARTIN;FERMIN VERGARA;CALETERA GRAL SAN MARTIN - FERMIN VERGARA;0;;;BIDIRECCIONAL;ASFALTO;BUENO;SECO;DESPEJADO;0;0;0;0
-7864896,907;-3919660,52;17453;2024;1647301;-33,183309;-70,651571;1;2024/10/20 00:00:00+00;1899/12/30 00:00:00+00;REGION METROPOLITANA;COLINA;COLISION PERPENDICULAR;COLISION;URBANA;TRAMO DE VIA RECTA;IMPRUDENCIA DEL CONDUCTOR;CONDUCCION NO ATENTO CONDICIONES TRANSITO MOMENTO;CALETERA GRAL SAN MARTIN;;- CALETERA GRAL SAN MARTIN;15400;;;BIDIRECCIONAL;ASFALTO;BUENO;SECO;DESPEJADO;0;0;0;0
-7863904,16;-3948112,411;17454;2024;1647308;-33,396955;-70,642653;1;2024/10/28 00:00:00+00;1899/12/30 00:00:00+00;REGION METROPOLITANA;RECOLETA;COLISION LATERAL;COLISION;URBANA;CRUCE CON SEMAFORO FUNCIONANDO;IMPRUDENCIA DEL CONDUCTOR;VIRAJES INDEBIDOS;RECOLETA;DORSAL;DORSAL - RECOLETA;0;;;BIDIRECCIONAL CON BANDEJON;ASFALTO;BUENO;SECO;DESPEJADO;0;0;0;0
-7863867,647;-3946990,039;17455;2024;1647309;-33,388537;-70,642325;1;2024/10/29 00:00:00+00;1899/12/30 00:00:00+00;REGION METROPOLITANA;RECOLETA;COLISION FRONTAL;COLISION;URBANA;CRUCE CON SEMAFORO FUNCIONANDO;IMPRUDENCIA DEL CONDUCTOR;CONDUCCION CONTRA SENTIDO DEL TRANSITO;ALFREDO ROSENDE;RECOLETA;ALFREDO ROSENDE - RECOLETA;0;;;BIDIRECCIONAL;ASFALTO;BUENO;SECO;DESPEJADO;0;0;0;0
-7868879,919;-3933278,761;17456;2024;1647310;-33,285634;-70,687351;1;2024/10/24 00:00:00+00;1899/12/30 00:00:00+00;REGION METROPOLITANA;COLINA;CHOQUE LADO/LADO;CHOQUE;URBANA;TRAMO DE VIA RECTA;IMPRUDENCIA DEL CONDUCTOR;CONDUCCION NO ATENTO CONDICIONES TRANSITO MOMENTO;CHICUREO;;- CHICUREO;860;;;BIDIRECCIONAL;ASFALTO;BUENO;SECO;DESPEJADO;0;0;0;0
-7867954,52;-3931168,937;17457;2024;1647315;-33,269789;-70,679038;1;2024/10/24 00:00:00+00;1899/12/30 00:00:00+00;REGION METROPOLITANA;COLINA;CHOQUE LADO/LADO;CHOQUE;URBANA;ROTONDA;IMPRUDENCIA DEL CONDUCTOR;ADELANTAMIENTO SIN EL ESPACIO O TIEMPO SUFICIENTE;CHICUREO;DEL VALLE;CHICUREO - DEL VALLE;0;;;BIDIRECCIONAL;ASFALTO;BUENO;SECO;DESPEJADO;0;0;0;0
-7863429,16;-3950352,412;17458;2024;1647316;-33,413753;-70,638386;1;2024/10/30 00:00:00+00;1899/12/30 00:00:00+00;REGION METROPOLITANA;RECOLETA;CHOQUE FRENTE/POSTERIOR;CHOQUE;URBANA;CRUCE CON SEMAFORO FUNCIONANDO;FALLAS MECANICAS;FALLAS MECANICAS FRENOS;PERU;;- PERU;1581;;;BIDIRECCIONAL;ASFALTO;BUENO;SECO;DESPEJADO;0;0;0;0
-7874336,669;-3954009,55;17459;2024;1647319;-33,441171;-70,73637;1;2024/11/02 00:00:00+00;1899/12/30 00:00:00+00;REGION METROPOLITANA;LO PRADO;COLISION PERPENDICULAR;COLISION;URBANA;CRUCE CON SENAL PARE;DESOBEDIENCIA A SENALIZACION;SENALIZACION DESOBEDECER SENAL PARE;GABRIELA MISTRAL;RICARDO VIAL;GABRIELA MISTRAL - RICARDO VIAL;0;;;BIDIRECCIONAL;ASFALTO;BUENO;SECO;DESPEJADO;0;0;0;1
-7891308,347;-3932643,443;17460;2024;1647320;-33,280863;-70,888829;1;2024/10/26 00:00:00+00;1899/12/30 00:00:00+00;REGION METROPOLITANA;LAMPA;COLISION LATERAL;COLISION;URBANA;TRAMO DE VIA RECTA;IMPRUDENCIA DEL CONDUCTOR;CONDUCCION NO ATENTO CONDICIONES TRANSITO MOMENTO;ISABEL RIQUELME;RITOQUE;ISABEL RIQUELME - RITOQUE;0;;;BIDIRECCIONAL;ASFALTO;BUENO;SECO;DESPEJADO;0;0;0;0