ï»¿X;Y;FID;AÃ±o;IdAccident;Latitud;longitud;ClaseAccid;Fecha;Hora;RegiÃ³n;Comuna;Tipo_Accid;Tipo__CONA;Zona;UbicaciÃ³n;Causa__CON;Causa_Acci;Calle_Uno;Calle_Dos;Intersecci;NÃºmero;Ruta;Ubicaci_1;Calzada;Tipo_Calza;Estado_Cal;CondiciÃ³n;Estado_Atm;Fallecidos;Graves;Menos_Grav;Leves
-7874556,47;-3962214,096;17612;2024;1647912;-33,502651;-70,738344;1;2024/10/29 00:00:00+00;1899/12/30 00:00:00+00;REGION METROPOLITANA;MAIPU;COLISION POR ALCANCE;COLISION;URBANA;TRAMO DE VIA RECTA;IMPRUDENCIA DEL CONDUCTOR;CONDUCCION NO ATENTO CONDICIONES TRANSITO MOMENTO;AMERICO VESPUCIO;LUMEN;AMERICO VESPUCIO - LUMEN;0;;;BIDIRECCIONAL CON BANDEJON;ASFALTO;BUENO;SECO;DESPEJADO;0;0;0;0
-7859889,311;-3963583,364;17613;2024;1647913;-33,512907;-70,606587;1;2024/10/21 00:00:00+00;1899/12/30 00:00:00+00;REGION METROPOLITANA;LA FLORIDA;COLISION LATERAL;COLISION;URBANA;CRUCE CON SEMAFORO FUNCIONANDO;IMPRUDENCIA DEL CONDUCTOR;CONDUCCION CAMBIAR SORPRESIVAMENTE PISTA CIRCULACION;VICUNA MACKENNA ORIENTE;MIRADOR AZUL;MIRADOR AZUL - VICUNA MACKENNA ORIENTE;0;;;BIDIRECCIONAL CON BANDEJON;ASFALTO;BUENO;SECO;DESPEJADO;0;0;0;1
-7875626,175;-3957693,167;17614;2024;1647914;-33,468779;-70,747954;1;2024/11/06 00:00:00+00;1899/12/30 00:00:00+00;REGION METROPOLITANA;MAIPU;VOLCADURA;VOLCADURA;URBANA;TRAMO DE VIA RECTA;DROGAS Y/O FATIGA EN CONDUCTOR;CONDICIONES FISICAS DEFICIENTES (CANSANCIO, SUENO);LONGITUDINAL;MAR DE DRAKE;LONGITUDINAL - MAR DE DRAKE;0;;;BIDIRECCIONAL;ASFALTO;BUENO;SECO;DESPEJADO;0;0;0;0
-7855249,292;-3972839,916;17615;2024;1647917;-33,582209;-70,564905;1;2024/10/29 00:00:00+00;1899/12/30 00:00:00+00;REGION METROPOLITANA;PUENTE ALTO;COLISION LATERAL;COLISION;URBANA;TRAMO DE VIA RECTA;IMPRUDENCIA DEL CONDUCTOR;CONDUCCION NO ATENTO CONDICIONES TRANSITO MOMENTO;MAESTRO PALOMO;SAN ANTONIO;MAESTRO PALOMO - SAN ANTONIO;0;;;BIDIRECCIONAL;CONCRETO;BUENO;SECO;DESPEJADO;0;0;0;0
-7862190,731;-3953898,921;17616;2024;1647918;-33,440342;-70,627261;1;2024/11/05 00:00:00+00;1899/12/30 00:00:00+00;REGION METROPOLITANA;PROVIDENCIA;COLISION LATERAL;COLISION;URBANA;TRAMO DE VIA RECTA;IMPRUDENCIA DEL CONDUCTOR;ADELANTAMIENTO SIN EL ESPACIO O TIEMPO SUFICIENTE;DIAG RANCAGUA;CONDELL;CONDELL - DIAG RANCAGUA;0;;;UNIDIRECCIONAL;ASFALTO;REGULAR;SECO;DESPEJADO;0;0;0;0
-7860659,754;-3953659,065;17617;2024;1647919;-33,438544;-70,613508;1;2024/11/04 00:00:00+00;1899/12/30 00:00:00+00;REGION METROPOLITANA;PROVIDENCIA;CHOQUE POSTERIOR/POSTERIOR;CHOQUE;URBANA;CRUCE CON SEMAFORO FUNCIONANDO;IMPRUDENCIA DEL CONDUCTOR;CONDUCCION NO ATENTO CONDICIONES TRANSITO MOMENTO;ANTONIO VARAS;;- ANTONIO VARAS;1270;;;UNIDIRECCIONAL;ASFALTO;REGULAR;SECO;DESPEJADO;0;0;0;0
-7866397,272;-3972978,75;17618;2024;1647922;-33,583248;-70,665049;1;2024/11/04 00:00:00+00;1899/12/30 00:00:00+00;REGION METROPOLITANA;EL BOSQUE;CHOQUE FRENTE/POSTERIOR;CHOQUE;URBANA;CRUCE CON SENAL CEDA EL PASO;IMPRUDENCIA DEL CONDUCTOR;CONDUCCION NO ATENTO CONDICIONES TRANSITO MOMENTO;LAS PARCELAS;GRAL SILVA;GRAL SILVA - LAS PARCELAS;0;;;BIDIRECCIONAL;CONCRETO;BUENO;SECO;DESPEJADO;0;0;0;0
-7862872,34;-3954288,331;17619;2024;1647923;-33,443261;-70,633384;1;2024/11/04 00:00:00+00;1899/12/30 00:00:00+00;REGION METROPOLITANA;PENAFLOR;COLISION;COLISION;URBANA;CRUCE CON SEMAFORO FUNCIONANDO;IMPRUDENCIA DEL CONDUCTOR;CONDUCCION NO ATENTO CONDICIONES TRANSITO MOMENTO;FRANCISCO BILBAO;VICUNA MACKENNA;FRANCISCO BILBAO - VICUNA MACKENNA;0;;;BIDIRECCIONAL;CONCRETO;BUENO;SECO;DESPEJADO;0;0;2;0
-7869495,07;-3955353,773;17620;2024;1647925;-33,451247;-70,692877;1;2024/11/02 00:00:00+00;1899/12/30 00:00:00+00;REGION METROPOLITANA;ESTACION CENTRAL;CHOQUE LATERAL;CHOQUE;URBANA;TRAMO DE VIA RECTA;IMPRUDENCIA DEL CONDUCTOR;CONDUCCION NO ATENTO CONDICIONES TRANSITO MOMENTO;APOSTOL SANTIAGO;;- APOSTOL SANTIAGO;32;;;UNIDIRECCIONAL;ASFALTO;BUENO;SECO;DESPEJADO;0;0;0;0
-7864447,288;-3954115,97;17621;2024;1647926;-33,441969;-70,647532;1;2024/10/17 00:00:00+00;1899/12/30 00:00:00+00;REGION METROPOLITANA;SANTIAGO;ATROPELLO;ATROPELLO;URBANA;TRAMO DE VIA RECTA;IMPRUDENCIA DEL PEATON;PEATON CRUZA CALZADA FUERA PASO PEATONES;SAN ANTONIO;;- SAN ANTONIO;65;;;UNIDIRECCIONAL;ASFALTO;BUENO;SECO;DESPEJADO;0;0;0;2
-7858536,668;-3964241,344;17622;2024;1647929;-33,517835;-70,594436;1;2024/10/22 00:00:00+00;1899/12/30 00:00:00+00;REGION METROPOLITANA;LA FLORIDA;COLISION LATERAL;COLISION;URBANA;CRUCE CON SEMAFORO FUNCIONANDO;IMPRUDENCIA DEL CONDUCTOR;NO RESPETAR DERECHO PREFERENTE DE PASO A VEHICULO;FROILAN ROA;AMERICO VESPUCIO;AMERICO VESPUCIO - FROILAN ROA;0;;;BIDIRECCIONAL;ASFALTO;BUENO;SECO;DESPEJADO;0;0;0;0
-7870562,958;-3953880,378;17623;2024;1647933;-33,440203;-70,70247;1;2024/11/02 00:00:00+00;1899/12/30 00:00:00+00;REGION METROPOLITANA;QUINTA NORMAL;COLISION FRONTAL;COLISION;URBANA;TRAMO DE VIA RECTA;IMPRUDENCIA DEL CONDUCTOR;CONDUCCION NO ATENTO CONDICIONES TRANSITO MOMENTO;RADAL;SAN PABLO;RADAL - SAN PABLO;0;;;BIDIRECCIONAL;ASFALTO;BUENO;SECO;DESPEJADO;0;0;0;0
-7856697,559;-3970219,22;17624;2024;1647938;-33,562594;-70,577915;1;2024/10/23 00:00:00+00;1899/12/30 00:00:00+00;REGION METROPOLITANA;LA FLORIDA;ATROPELLO;ATROPELLO;URBANA;TRAMO DE VIA RECTA;IMPRUDENCIA DEL CONDUCTOR;CONDUCCION NO ATENTO CONDICIONES TRANSITO MOMENTO;DIEGO PORTALES;8 DE SEPTIEMBRE;8 DE SEPTIEMBRE - DIEGO PORTALES;0;;;BIDIRECCIONAL;CONCRETO;BUENO;SECO;DESPEJADO;0;0;0;0
-7891711,435;-3976023,497;17625;2024;1647942;-33,606031;-70,89245;1;2024/11/05 00:00:00+00;1899/12/30 00:00:00+00;REGION METROPOLITANA;PENAFLOR;COLISION;COLISION;URBANA;TRAMO DE VIA RECTA;IMPRUDENCIA DEL CONDUCTOR;CONDUCCION NO ATENTO CONDICIONES TRANSITO MOMENTO;21 DE MAYO;LO MARQUEZ;21 DE MAYO - LO MARQUEZ;0;;;BIDIRECCIONAL;CONCRETO;BUENO;SECO;DESPEJADO;0;0;0;0
-7855991,905;-3975500,101;17626;2024;1647946;-33,602115;-70,571576;1;2024/10/29 00:00:00+00;1899/12/30 00:00:00+00;REGION METROPOLITANA;PUENTE ALTO;CHOQUE FRENTE/LADO;CHOQUE;URBANA;TRAMO DE VIA RECTA;IMPRUDENCIA DEL CONDUCTOR;CONDUCCION NO ATENTO CONDICIONES TRANSITO MOMENTO;NEMESIO VICUNA;DOMINGO TOCORNAL;DOMINGO TOCORNAL - NEMESIO VICUNA;0;;;BIDIRECCIONAL;CONCRETO;BUENO;SECO;DESPEJADO;0;0;0;0
-7902074,946;-3985644,401;17627;2024;1647948;-33,677982;-70,985547;1;2024/11/04 00:00:00+00;1899/12/30 00:00:00+00;REGION BIO BIO;CONCEPCION;COLISION;COLISION;URBANA;CRUCE CON SEMAFORO FUNCIONANDO;IMPRUDENCIA DEL CONDUCTOR;CONDUCCION NO ATENTO CONDICIONES TRANSITO MOMENTO;LOS CARRERA;ANIBAL PINTO;ANIBAL PINTO - LOS CARRERA;0;;;BIDIRECCIONAL CON BANDEJON;CONCRETO;BUENO;SECO;NUBLADO;0;0;0;0
-7866866,595;-3955039,306;17628;2024;1647950;-33,44889;-70,669265;1;2024/10/18 00:00:00+00;1899/12/30 00:00:00+00;REGION METROPOLITANA;SANTIAGO;CHOQUE POSTERIOR/FRENTE;CHOQUE;URBANA;TRAMO DE VIA RECTA;IMPRUDENCIA DEL CONDUCTOR;CONDUCCION NO ATENTO CONDICIONES TRANSITO MOMENTO;LIBER BERNARDO O'HIGGINS;AHUMADA;AHUMADA - LIBER BERNARDO O'HIGGINS;0;;;BIDIRECCIONAL CON BANDEJON;ASFALTO;BUENO;SECO;DESPEJADO;0;0;0;0
-7862258,19;-3973169,032;17629;2024;1647958;-33,584672;-70,627867;1;2024/11/03 00:00:00+00;1899/12/30 00:00:00+00;REGION METROPOLITANA;LA PINTANA;COLISION;COLISION;URBANA;TRAMO DE VIA RECTA;IMPRUDENCIA DEL CONDUCTOR;CONDUCCION NO ATENTO CONDICIONES TRANSITO MOMENTO;STA ROSA;;- STA ROSA;12910;;;BIDIRECCIONAL CON BANDEJON;ASFALTO;BUENO;SECO;DESPEJADO;0;0;0;0
-7863468,122;-3954284,996;17630;2024;1647965;-33,443236;-70,638736;1;2024/10/19 00:00:00+00;1899/12/30 00:00:00+00;REGION METROPOLITANA;SANTIAGO;VOLCADURA;VOLCADURA;URBANA;TRAMO DE VIA RECTA;IMPRUDENCIA DEL CONDUCTOR;CONDUCCION NO ATENTO CONDICIONES TRANSITO MOMENTO;LIBER BERNARDO O'HIGGINS;DIAG PARAGUAY;DIAG PARAGUAY - LIBER BERNARDO O'HIGGINS;0;;;BIDIRECCIONAL CON BANDEJON;ASFALTO;BUENO;HUMEDO;DESPEJADO;0;0;0;1
-7866866,595;-3955039,306;17631;2024;1647970;-33,44889;-70,669265;1;2024/10/19 00:00:00+00;1899/12/30 00:00:00+00;REGION METROPOLITANA;SANTIAGO;CHOQUE FRENTE/POSTERIOR;CHOQUE;URBANA;TRAMO DE VIA RECTA;IMPRUDENCIA DEL CONDUCTOR;CONDUCCION NO ATENTO CONDICIONES TRANSITO MOMENTO;LIBER BERNARDO O'HIGGINS;;- LIBER BERNARDO O'HIGGINS;1191;;;BIDIRECCIONAL CON BANDEJON;ASFALTO;BUENO;SECO;DESPEJADO;0;0;0;0
-7866866,595;-3955039,306;17632;2024;1647974;-33,44889;-70,669265;1;2024/10/19 00:00:00+00;1899/12/30 00:00:00+00;REGION METROPOLITANA;SANTIAGO;CAIDA;CAIDA;URBANA;TRAMO DE VIA RECTA;IMPRUDENCIA DEL PASAJERO;IMPRUDENCIA DEL PASAJERO;LIBER BERNARDO O'HIGGINS;;- LIBER BERNARDO O'HIGGINS;85;;;BIDIRECCIONAL CON BANDEJON;ASFALTO;BUENO;SECO;DESPEJADO;0;0;0;2
-7866368,217;-3954841,986;17633;2024;1647977;-33,447411;-70,664788;1;2024/10/21 00:00:00+00;1899/12/30 00:00:00+00;REGION METROPOLITANA;SANTIAGO;VOLCADURA;VOLCADURA;URBANA;TRAMO DE VIA RECTA;IMPRUDENCIA DEL CONDUCTOR;CONDUCCION NO ATENTO CONDICIONES TRANSITO MOMENTO;LIBER BERNARDO O'HIGGINS;BRASIL;BRASIL - LIBER BERNARDO O'HIGGINS;0;;;BIDIRECCIONAL CON BANDEJON;ASFALTO;BUENO;SECO;DESPEJADO;0;1;0;0
-7867651,954;-3964686,516;17634;2024;1647979;-33,521169;-70,67632;1;2024/11/04 00:00:00+00;1899/12/30 00:00:00+00;REGION METROPOLITANA;LA CISTERNA;COLISION PERPENDICULAR;COLISION;URBANA;CRUCE CON SEMAFORO FUNCIONANDO;DESOBEDIENCIA A SENALIZACION;SENALIZACION DESOBEDECER LUZ ROJA DE SEMAFORO;JOSE JOAQUIN PRIETO VIAL;EL PARRON;EL PARRON - JOSE JOAQUIN PRIETO VIAL;0;;;BIDIRECCIONAL;CONCRETO;BUENO;SECO;DESPEJADO;0;0;0;3
-7866062,2;-3967634,647;17635;2024;1647981;-33,543245;-70,662039;1;2024/11/04 00:00:00+00;1899/12/30 00:00:00+00;REGION METROPOLITANA;LA CISTERNA;COLISION LATERAL;COLISION;URBANA;CRUCE CON SENAL CEDA EL PASO;IMPRUDENCIA DEL CONDUCTOR;CONDUCCION NO ATENTO CONDICIONES TRANSITO MOMENTO;VICUNA MACKENNA;SAN MIGUEL;SAN MIGUEL - VICUNA MACKENNA;0;;;UNIDIRECCIONAL;CONCRETO;BUENO;SECO;DESPEJADO;0;0;0;0
-7867561,785;-3967327,325;17636;2024;1647985;-33,540944;-70,67551;1;2024/11/04 00:00:00+00;1899/12/30 00:00:00+00;REGION METROPOLITANA;LA CISTERNA;COLISION PERPENDICULAR;COLISION;URBANA;CRUCE CON SENAL PARE;IMPRUDENCIA DEL CONDUCTOR;CONDUCCION NO ATENTO CONDICIONES TRANSITO MOMENTO;LOS NOGALES;TRINIDAD RAMIREZ;LOS NOGALES - TRINIDAD RAMIREZ;0;;;UNIDIRECCIONAL;CONCRETO;BUENO;SECO;DESPEJADO;0;0;0;0
-7864594,23;-3955385,66;17637;2024;1647986;-33,451486;-70,648852;1;2024/10/21 00:00:00+00;1899/12/30 00:00:00+00;REGION METROPOLITANA;SANTIAGO;CHOQUE LADO/LADO;CHOQUE;URBANA;TRAMO DE VIA RECTA;IMPRUDENCIA DEL CONDUCTOR;CONDUCCION NO ATENTO CONDICIONES TRANSITO MOMENTO;STA ISABEL;ARTURO PRAT;ARTURO PRAT - STA ISABEL;0;;;UNIDIRECCIONAL;ASFALTO;BUENO;SECO;DESPEJADO;0;0;0;0
-7867477,071;-3967537,147;17638;2024;1647988;-33,542515;-70,674749;1;2024/11/05 00:00:00+00;1899/12/30 00:00:00+00;REGION METROPOLITANA;LA CISTERNA;COLISION POR ALCANCE;COLISION;URBANA;TRAMO DE VIA RECTA;IMPRUDENCIA DEL CONDUCTOR;CONDUCCION SIN MANTENER DISTANCIA RAZONABLE NI PRUDENTE;LO ESPEJO;;- LO ESPEJO;375;;;UNIDIRECCIONAL;CONCRETO;BUENO;SECO;DESPEJADO;0;0;0;1
-7857328,518;-3970941,172;17639;2024;1647990;-33,567998;-70,583583;1;2024/10/29 00:00:00+00;1899/12/30 00:00:00+00;REGION METROPOLITANA;PUENTE ALTO;ATROPELLO;ATROPELLO;URBANA;TRAMO DE VIA RECTA;IMPRUDENCIA DEL PEATON;PEATON CRUZA CALZADA FUERA PASO PEATONES;CONCHA Y TORO;;- CONCHA Y TORO;4151;;;BIDIRECCIONAL;CONCRETO;BUENO;SECO;DESPEJADO;1;1;0;0
-7866866,595;-3955039,306;17640;2024;1647991;-33,44889;-70,669265;1;2024/10/23 00:00:00+00;1899/12/30 00:00:00+00;REGION METROPOLITANA;SANTIAGO;CHOQUE FRENTE/POSTERIOR;CHOQUE;URBANA;TRAMO DE VIA RECTA;IMPRUDENCIA DEL CONDUCTOR;CONDUCCION NO ATENTO CONDICIONES TRANSITO MOMENTO;LIBER BERNARDO O'HIGGINS;NVA YORK;LIBER BERNARDO O'HIGGINS - NVA YORK;0;;;BIDIRECCIONAL CON BANDEJON;ASFALTO;BUENO;HUMEDO;LLOVIZNA;0;0;0;0
-7869420,709;-3955729,756;17641;2024;1648004;-33,454065;-70,692209;1;2024/11/03 00:00:00+00;1899/12/30 00:00:00+00;REGION METROPOLITANA;ESTACION CENTRAL;CHOQUE POSTERIOR;CHOQUE;URBANA;TRAMO DE VIA RECTA;IMPRUDENCIA DEL CONDUCTOR;CONDUCCION NO ATENTO CONDICIONES TRANSITO MOMENTO;TORO MAZOTTE;LIBER BERNARDO O'HIGGINS;LIBER BERNARDO O'HIGGINS - TORO MAZOTTE;0;;;UNIDIRECCIONAL;ASFALTO;BUENO;SECO;DESPEJADO;0;0;0;0
-7855610,302;-3973281,011;17642;2024;1648010;-33,58551;-70,568148;1;2024/09/28 00:00:00+00;1899/12/30 00:00:00+00;REGION METROPOLITANA;PUENTE ALTO;COLISION LATERAL;COLISION;URBANA;TRAMO DE VIA RECTA;IMPRUDENCIA DEL CONDUCTOR;CONDUCCION NO ATENTO CONDICIONES TRANSITO MOMENTO;NONATO COO;LUIS MATTE LARRAIN;LUIS MATTE LARRAIN - NONATO COO;0;;;BIDIRECCIONAL;CONCRETO;BUENO;SECO;DESPEJADO;0;0;0;0
-7859969,907;-3972947,75;17643;2024;1648017;-33,583016;-70,607311;1;2024/10/28 00:00:00+00;1899/12/30 00:00:00+00;REGION METROPOLITANA;PUENTE ALTO;CHOQUE FRONTAL;CHOQUE;URBANA;TRAMO DE VIA RECTA;IMPRUDENCIA DEL CONDUCTOR;CONDUCCION NO ATENTO CONDICIONES TRANSITO MOMENTO;GABRIELA PONIENTE;;- GABRIELA PONIENTE;3881;;;BIDIRECCIONAL;CONCRETO;BUENO;SECO;DESPEJADO;0;0;0;0
-7856609,394;-3975600,475;17644;2024;1648024;-33,602866;-70,577123;1;2024/10/29 00:00:00+00;1899/12/30 00:00:00+00;REGION METROPOLITANA;PUENTE ALTO;COLISION LATERAL;COLISION;URBANA;TRAMO DE VIA RECTA;IMPRUDENCIA DEL CONDUCTOR;CONDUCCION NO ATENTO CONDICIONES TRANSITO MOMENTO;LOS CIPRESES;CABO DE VIRGENES;CABO DE VIRGENES - LOS CIPRESES;0;;;BIDIRECCIONAL;CONCRETO;BUENO;SECO;DESPEJADO;0;0;0;0
-7870900,479;-3956171,665;17645;2024;1648029;-33,457377;-70,705502;1;2024/10/28 00:00:00+00;1899/12/30 00:00:00+00;REGION METROPOLITANA;ESTACION CENTRAL;ATROPELLO;ATROPELLO;URBANA;CRUCE CON SEMAFORO FUNCIONANDO;IMPRUDENCIA DEL PEATON;IMPRUDENCIA DEL PEATON;LAS REJAS NORTE;LIBER BERNARDO O'HIGGINS;LAS REJAS NORTE - LIBER BERNARDO O'HIGGINS;0;;;BIDIRECCIONAL;ASFALTO;BUENO;SECO;DESPEJADO;0;1;0;0
-7859958,552;-3967207,524;17646;2024;1648035;-33,540047;-70,607209;1;2024/10/23 00:00:00+00;1899/12/30 00:00:00+00;REGION METROPOLITANA;LA FLORIDA;COLISION PERPENDICULAR;COLISION;URBANA;TRAMO DE VIA RECTA;IMPRUDENCIA DEL CONDUCTOR;NO RESPETAR DERECHO PREFERENTE DE PASO A VEHICULO;LOS CLARINES;;- LOS CLARINES;9387;;;UNIDIRECCIONAL;ASFALTO;BUENO;SECO;DESPEJADO;0;0;0;0
-7863486,156;-3972826,955;17647;2024;1648037;-33,582112;-70,638898;1;2024/10/17 00:00:00+00;1899/12/30 00:00:00+00;REGION METROPOLITANA;LA PINTANA;CAIDA;CAIDA;URBANA;TRAMO DE VIA RECTA;IMPRUDENCIA DEL CONDUCTOR;CONDUCCION NO ATENTO CONDICIONES TRANSITO MOMENTO;PORTO ALEGRE;PABLO LABRIN;PABLO LABRIN - PORTO ALEGRE;0;;;BIDIRECCIONAL;CONCRETO;BUENO;SECO;DESPEJADO;0;0;0;1
-7874438,658;-3957810,959;17648;2024;1648047;-33,469662;-70,737286;1;2024/10/28 00:00:00+00;1899/12/30 00:00:00+00;REGION METROPOLITANA;MAIPU;COLISION POR ALCANCE;COLISION;URBANA;CRUCE CON SEMAFORO FUNCIONANDO;IMPRUDENCIA DEL CONDUCTOR;CONDUCCION NO ATENTO CONDICIONES TRANSITO MOMENTO;TENIENTE CRUZ;BUTACHAUQUENES;BUTACHAUQUENES - TENIENTE CRUZ;0;;;BIDIRECCIONAL CON BANDEJON;CONCRETO;BUENO;SECO;DESPEJADO;0;0;0;0
-7871033,06;-3974191,581;17649;2024;1648051;-33,592324;-70,706693;1;2024/10/29 00:00:00+00;1899/12/30 00:00:00+00;REGION METROPOLITANA;SAN BERNARDO;CHOQUE FRENTE/POSTERIOR;CHOQUE;URBANA;CRUCE CON SEMAFORO FUNCIONANDO;IMPRUDENCIA DEL CONDUCTOR;CONDUCCION NO ATENTO CONDICIONES TRANSITO MOMENTO;ARTURO PRAT;URMENETA;ARTURO PRAT - URMENETA;0;;;UNIDIRECCIONAL;CONCRETO;BUENO;SECO;DESPEJADO;0;0;0;0
-7859358,985;-3969063,31;17650;2024;1648056;-33,553941;-70,601823;1;2024/10/23 00:00:00+00;1899/12/30 00:00:00+00;REGION METROPOLITANA;LA FLORIDA;COLISION LATERAL;COLISION;URBANA;CRUCE CON SEMAFORO FUNCIONANDO;IMPRUDENCIA DEL CONDUCTOR;CONDUCCION CAMBIAR SORPRESIVAMENTE PISTA CIRCULACION;STA RAQUEL;SAN JOSE DE LA ESTRELLA;SAN JOSE DE LA ESTRELLA - STA RAQUEL;0;;;BIDIRECCIONAL;ASFALTO;BUENO;SECO;DESPEJADO;0;0;0;0
-7853583,73;-3968913,169;17651;2024;1648062;-33,552817;-70,549943;1;2024/10/30 00:00:00+00;1899/12/30 00:00:00+00;REGION METROPOLITANA;PUENTE ALTO;CHOQUE FRONTAL;CHOQUE;URBANA;TRAMO DE VIA RECTA;IMPRUDENCIA DEL CONDUCTOR;CONDUCCION NO ATENTO CONDICIONES TRANSITO MOMENTO;LAS PERDICES;;- LAS PERDICES;6441;;;BIDIRECCIONAL;CONCRETO;BUENO;SECO;DESPEJADO;0;1;0;0
-7859816,509;-3969767,022;17652;2024;1648074;-33,559209;-70,605933;1;2024/10/23 00:00:00+00;1899/12/30 00:00:00+00;REGION METROPOLITANA;LA FLORIDA;CAIDA;CAIDA;URBANA;CRUCE CON SEMAFORO FUNCIONANDO;DEFICIENCIAS VIALES;ANIMALES SUELTOS VIA PUBLICA;JULIO CESAR;GRAL ARRIAGADA;GRAL ARRIAGADA - JULIO CESAR;0;;;BIDIRECCIONAL;ASFALTO;BUENO;SECO;DESPEJADO;0;0;1;0
-7857568,857;-3977036,007;17653;2024;1648078;-33,613606;-70,585742;1;2024/10/30 00:00:00+00;1899/12/30 00:00:00+00;REGION METROPOLITANA;PUENTE ALTO;COLISION LATERAL;COLISION;URBANA;TRAMO DE VIA RECTA;IMPRUDENCIA DEL CONDUCTOR;CONDUCCION NO ATENTO CONDICIONES TRANSITO MOMENTO;EYZAGUIRRE;PARAGUAY;EYZAGUIRRE - PARAGUAY;0;;;BIDIRECCIONAL;CONCRETO;BUENO;SECO;DESPEJADO;0;1;0;0
-7882638,229;-3972763,485;17654;2024;1648082;-33,581637;-70,810944;1;2024/10/24 00:00:00+00;1899/12/30 00:00:00+00;REGION METROPOLITANA;PADRE HURTADO;CHOQUE;CHOQUE;RURAL;TRAMO DE VIA RECTA;IMPRUDENCIA DEL CONDUCTOR;CONDUCCION NO ATENTO CONDICIONES TRANSITO MOMENTO;ERNESTO VALDES;;- ERNESTO VALDES;1;;;BIDIRECCIONAL;CONCRETO;BUENO;SECO;DESPEJADO;0;0;0;0
-7875255,075;-3954547,945;17655;2024;1648084;-33,445207;-70,74462;1;2024/11/01 00:00:00+00;1899/12/30 00:00:00+00;REGION METROPOLITANA;PUDAHUEL;ATROPELLO;ATROPELLO;URBANA;TRAMO DE VIA RECTA;DROGAS Y/O FATIGA EN CONDUCTOR;CONDICIONES FISICAS DEFICIENTES (CANSANCIO, SUENO);LOS EDILES;;- LOS EDILES;775;;;BIDIRECCIONAL;ASFALTO;REGULAR;SECO;DESPEJADO;1;1;0;0
-7854375,323;-3973293,839;17656;2024;1648091;-33,585606;-70,557054;1;2024/10/31 00:00:00+00;1899/12/30 00:00:00+00;REGION METROPOLITANA;PUENTE ALTO;CHOQUE FRENTE/LADO;CHOQUE;URBANA;TRAMO DE VIA RECTA;IMPRUDENCIA DEL CONDUCTOR;CONDUCCION NO ATENTO CONDICIONES TRANSITO MOMENTO;LAS NIEVES ORIENTE;;- LAS NIEVES ORIENTE;2667;;;BIDIRECCIONAL;CONCRETO;BUENO;SECO;DESPEJADO;0;0;0;0
-7867609,652;-3969231,487;17657;2024;1648095;-33,5552;-70,67594;1;2024/10/31 00:00:00+00;1899/12/30 00:00:00+00;REGION METROPOLITANA;EL BOSQUE;COLISION POR ALCANCE;COLISION;URBANA;TRAMO DE VIA RECTA;IMPRUDENCIA DEL CONDUCTOR;VIRAJES INDEBIDOS;GRAN AVDA JOSE MIGUEL CARRERA;ROBERTO LORCA OLGUIN;GRAN AVDA JOSE MIGUEL CARRERA - ROBERTO LORCA OLGUIN;0;;;BIDIRECCIONAL CON BANDEJON;CONCRETO;BUENO;SECO;DESPEJADO;0;0;0;1
-7859533,646;-3966215,107;17658;2024;1648097;-33,532616;-70,603392;1;2024/10/25 00:00:00+00;1899/12/30 00:00:00+00;REGION METROPOLITANA;LA FLORIDA;COLISION LATERAL;COLISION;URBANA;CRUCE CON SEMAFORO FUNCIONANDO;IMPRUDENCIA DEL CONDUCTOR;ADELANTAMIENTO SIN EL ESPACIO O TIEMPO SUFICIENTE;STA JULIA;STA RAQUEL;STA JULIA - STA RAQUEL;0;;;BIDIRECCIONAL;ASFALTO;BUENO;SECO;DESPEJADO;0;0;0;0
-7861957,739;-3962899,789;17659;2024;1648099;-33,507787;-70,625168;1;2024/11/03 00:00:00+00;1899/12/30 00:00:00+00;REGION METROPOLITANA;SAN JOAQUIN;CHOQUE FRONTAL;CHOQUE;URBANA;TRAMO DE VIA RECTA;ALCOHOL EN CONDUCTOR;CONDUCCION EN ESTADO DE EBRIEDAD;DEPARTAMENTAL;;- DEPARTAMENTAL;282;;;BIDIRECCIONAL CON BANDEJON;CONCRETO;BUENO;SECO;DESPEJADO;0;0;0;1
-7862334,333;-3961345,206;17660;2024;1648102;-33,496142;-70,628551;1;2024/11/04 00:00:00+00;1899/12/30 00:00:00+00;REGION METROPOLITANA;SAN JOAQUIN;ATROPELLO;ATROPELLO;URBANA;CRUCE CON SEMAFORO FUNCIONANDO;IMPRUDENCIA DEL CONDUCTOR;CONDUCCION NO ATENTO CONDICIONES TRANSITO MOMENTO;LAS INDUSTRIAS;PDTE SALVADOR ALLENDE;LAS INDUSTRIAS - PDTE SALVADOR ALLENDE;0;;;BIDIRECCIONAL CON BANDEJON;CONCRETO;BUENO;SECO;DESPEJADO;0;0;0;1
-7868809,454;-3971058,74;17661;2024;1648104;-33,568878;-70,686718;1;2024/11/04 00:00:00+00;1899/12/30 00:00:00+00;REGION METROPOLITANA;EL BOSQUE;CHOQUE FRENTE/POSTERIOR;CHOQUE;URBANA;CRUCE CON SEMAFORO FUNCIONANDO;IMPRUDENCIA DEL CONDUCTOR;CONDUCCION NO ATENTO CONDICIONES TRANSITO MOMENTO;GRAN AVDA JOSE MIGUEL CARRERA;;- GRAN AVDA JOSE MIGUEL CARRERA;11089;;;BIDIRECCIONAL CON BANDEJON;CONCRETO;BUENO;SECO;DESPEJADO;0;0;0;1