ï»¿X;Y;FID;AÃ±o;IdAccident;Latitud;longitud;ClaseAccid;Fecha;Hora;RegiÃ³n;Comuna;Tipo_Accid;Tipo__CONA;Zona;UbicaciÃ³n;Causa__CON;Causa_Acci;Calle_Uno;Calle_Dos;Intersecci;NÃºmero;Ruta;Ubicaci_1;Calzada;Tipo_Calza;Estado_Cal;CondiciÃ³n;Estado_Atm;Fallecidos;Graves;Menos_Grav;Leves
-7880456,144;-3964412,387;17864;2024;1648892;-33,519116;-70,791342;1;2024/10/19 00:00:00+00;1899/12/30 00:00:00+00;REGION METROPOLITANA;MAIPU;CHOQUE FRONTAL;CHOQUE;URBANA;CRUCE CON SEMAFORO FUNCIONANDO;ALCOHOL EN CONDUCTOR;CONDUCCION EN ESTADO DE EBRIEDAD;4 PONIENTE;PORTALES;4 PONIENTE - PORTALES;0;;;BIDIRECCIONAL CON BANDEJON;ASFALTO;BUENO;HUMEDO;DESPEJADO;0;0;1;0
-7874027,889;-3992469,261;17865;2024;1648897;-33,728986;-70,733596;1;2024/11/04 00:00:00+00;1899/12/30 00:00:00+00;REGION METROPOLITANA;BUIN;ATROPELLO;ATROPELLO;URBANA;TRAMO DE VIA RECTA;IMPRUDENCIA DEL PEATON;IMPRUDENCIA DEL PEATON;MANUEL RODRIGUEZ;;- MANUEL RODRIGUEZ;270;;;BIDIRECCIONAL CON BANDEJON;ASFALTO;BUENO;SECO;DESPEJADO;0;0;0;1
-7873427,197;-3963494,402;17866;2024;1648901;-33,512241;-70,7282;1;2024/10/19 00:00:00+00;1899/12/30 00:00:00+00;REGION METROPOLITANA;MAIPU;COLISION POR ALCANCE;COLISION;URBANA;TRAMO DE VIA RECTA;DROGAS Y/O FATIGA EN CONDUCTOR;CONDICIONES FISICAS DEFICIENTES (CANSANCIO, SUENO);CAMINO A MELIPILLA;ESQUINA BLANCA;CAMINO A MELIPILLA - ESQUINA BLANCA;0;;;BIDIRECCIONAL CON BANDEJON;CONCRETO;BUENO;SECO;DESPEJADO;0;0;0;0
-7857098,532;-3960557,648;17867;2024;1648905;-33,490242;-70,581517;1;2024/10/17 00:00:00+00;1899/12/30 00:00:00+00;REGION METROPOLITANA;MACUL;COLISION LATERAL;COLISION;URBANA;TRAMO DE VIA RECTA;IMPRUDENCIA DEL CONDUCTOR;CONDUCCION NO ATENTO CONDICIONES TRANSITO MOMENTO;AMERICO VESPUCIO;;- AMERICO VESPUCIO;3701;;;UNIDIRECCIONAL;ASFALTO;BUENO;SECO;DESPEJADO;0;0;0;0
-7854105,151;-3971786,356;17868;2024;1648906;-33,574324;-70,554627;1;2024/11/01 00:00:00+00;1899/12/30 00:00:00+00;REGION METROPOLITANA;PUENTE ALTO;CHOQUE FRENTE/LADO;CHOQUE;URBANA;TRAMO DE VIA RECTA;IMPRUDENCIA DEL CONDUCTOR;CONDUCCION NO ATENTO CONDICIONES TRANSITO MOMENTO;CAMILO HENRIQUEZ;GABRIELA ORIENTE;CAMILO HENRIQUEZ - GABRIELA ORIENTE;0;;;BIDIRECCIONAL;CONCRETO;BUENO;SECO;DESPEJADO;0;0;0;0
-7874577,139;-4003383,492;17869;2024;1648910;-33,810488;-70,73853;1;2024/10/18 00:00:00+00;1899/12/30 00:00:00+00;REGION METROPOLITANA;PAINE;COLISION FRONTAL;COLISION;URBANA;CRUCE CON SENAL CEDA EL PASO;DESOBEDIENCIA A SENALIZACION;SENALIZACION DESOBEDECER SENAL CEDA EL PASO;4 ORIENTE;;- 4 ORIENTE;450;;;BIDIRECCIONAL;ASFALTO;BUENO;SECO;DESPEJADO;0;0;1;1
-7875770,818;-3994536,894;17870;2024;1648913;-33,744432;-70,749253;1;2024/11/05 00:00:00+00;1899/12/30 00:00:00+00;REGION METROPOLITANA;BUIN;ATROPELLO;ATROPELLO;URBANA;CRUCE CON SENAL PARE;IMPRUDENCIA DEL CONDUCTOR;NO RESPETAR DERECHO PREFERENTE DE PASO A PEATON;VILLASECA;SIMON REYES;SIMON REYES - VILLASECA;0;;;BIDIRECCIONAL;ASFALTO;BUENO;SECO;DESPEJADO;0;0;0;1
-7872429,675;-3993514,811;17871;2024;1648919;-33,736797;-70,719239;1;2024/11/05 00:00:00+00;1899/12/30 00:00:00+00;REGION METROPOLITANA;BUIN;COLISION LATERAL;COLISION;URBANA;ENLACE A NIVEL;DESOBEDIENCIA A SENALIZACION;SENALIZACION DESOBEDECER SENAL PARE;CAMINO EL ARPA;ACCESO SUR;ACCESO SUR - CAMINO EL ARPA;0;;;BIDIRECCIONAL;ASFALTO;BUENO;SECO;DESPEJADO;0;0;0;2
-7863068,374;-3965939,473;17872;2024;1648920;-33,530552;-70,635145;1;2024/11/06 00:00:00+00;1899/12/30 00:00:00+00;REGION METROPOLITANA;SAN RAMON;COLISION POR ALCANCE;COLISION;URBANA;CRUCE CON SEMAFORO FUNCIONANDO;IMPRUDENCIA DEL CONDUCTOR;CONDUCCION SIN MANTENER DISTANCIA RAZONABLE NI PRUDENTE;STA ROSA;EL PARRON;EL PARRON - STA ROSA;0;;;BIDIRECCIONAL;ASFALTO;BUENO;SECO;DESPEJADO;0;0;0;0
-7880078,548;-3969551,549;17873;2024;1648928;-33,557596;-70,78795;1;2024/10/20 00:00:00+00;1899/12/30 00:00:00+00;REGION METROPOLITANA;MAIPU;COLISION FRONTAL;COLISION;URBANA;TRAMO DE VIA RECTA;IMPRUDENCIA DEL CONDUCTOR;CONDUCCION NO ATENTO CONDICIONES TRANSITO MOMENTO;EL JACARANDA;EL JACARANDA 5;EL JACARANDA - EL JACARANDA 5;0;;;UNIDIRECCIONAL;CONCRETO;BUENO;SECO;DESPEJADO;0;0;0;1
-7868394,121;-3991791,196;17874;2024;1648929;-33,72392;-70,682987;1;2024/11/06 00:00:00+00;1899/12/30 00:00:00+00;REGION METROPOLITANA;BUIN;COLISION LATERAL;COLISION;URBANA;TRAMO DE VIA RECTA;IMPRUDENCIA DEL CONDUCTOR;CONDUCCION NO ATENTO CONDICIONES TRANSITO MOMENTO;CAMINO PADRE HURTADO;;- CAMINO PADRE HURTADO;695;;;BIDIRECCIONAL;ASFALTO;BUENO;SECO;DESPEJADO;0;0;0;0
-7864311,478;-4004888,425;17875;2024;1648932;-33,82172;-70,646312;1;2024/10/19 00:00:00+00;1899/12/30 00:00:00+00;REGION METROPOLITANA;PAINE;CHOQUE FRONTAL;CHOQUE;RURAL;TRAMO DE VIA RECTA;ALCOHOL EN CONDUCTOR;CONDUCCION BAJO LA INFLUENCIA DEL ALCOHOL;CAMINO PADRE HURTADO;;- CAMINO PADRE HURTADO;2;;;BIDIRECCIONAL;ASFALTO;BUENO;SECO;DESPEJADO;0;0;0;0
-7875114,367;-3957947,744;17876;2024;1648935;-33,470687;-70,743356;1;2024/10/31 00:00:00+00;1899/12/30 00:00:00+00;REGION METROPOLITANA;MAIPU;CHOQUE POSTERIOR/FRENTE;CHOQUE;URBANA;CRUCE SIN SENALIZACION;IMPRUDENCIA DEL CONDUCTOR;CONDUCCION NO ATENTO CONDICIONES TRANSITO MOMENTO;PEDRO SARMIENTO;ALFONSO X;ALFONSO X - PEDRO SARMIENTO;0;;;BIDIRECCIONAL;ASFALTO;BUENO;SECO;DESPEJADO;0;0;0;0
-7874336,466;-4003066,774;17877;2024;1648942;-33,808124;-70,736368;1;2024/10/28 00:00:00+00;1899/12/30 00:00:00+00;REGION METROPOLITANA;PAINE;COLISION POR ALCANCE;COLISION;RURAL;TRAMO DE VIA RECTA;IMPRUDENCIA DEL CONDUCTOR;CONDUCCION NO ATENTO CONDICIONES TRANSITO MOMENTO;G-54;;- G-54;2;;;BIDIRECCIONAL;ASFALTO;BUENO;SECO;DESPEJADO;0;0;0;0
-7879692,158;-3963105,124;17878;2024;1648943;-33,509325;-70,784479;1;2024/10/23 00:00:00+00;1899/12/30 00:00:00+00;REGION METROPOLITANA;MAIPU;COLISION LATERAL;COLISION;URBANA;CRUCE CON SENAL PARE;DESOBEDIENCIA A SENALIZACION;SENALIZACION DESOBEDECER SENAL PARE;LAS NACIONES;JOSE MANUEL BORGONO;JOSE MANUEL BORGONO - LAS NACIONES;0;;;BIDIRECCIONAL;ASFALTO;BUENO;SECO;DESPEJADO;0;0;0;0
-7868070,292;-3946486,488;17879;2024;1648952;-33,38476;-70,680078;1;2024/11/08 00:00:00+00;1899/12/30 00:00:00+00;REGION METROPOLITANA;CONCHALI;VOLCADURA;VOLCADURA;URBANA;CRUCE CON SENAL PARE;VELOCIDAD IMPRUDENTE;VELOCIDAD NO RAZONABLE NI PRUDENTE;INDEPENDENCIA;DIEGO SILVA HENRIQUEZ;DIEGO SILVA HENRIQUEZ - INDEPENDENCIA;0;;;BIDIRECCIONAL;CONCRETO;BUENO;SECO;DESPEJADO;0;0;0;1
-7876234,352;-3969178,455;17880;2024;1648956;-33,554803;-70,753417;1;2024/10/23 00:00:00+00;1899/12/30 00:00:00+00;REGION METROPOLITANA;MAIPU;CHOQUE POSTERIOR/FRENTE;CHOQUE;URBANA;OTROS NO CONSIDERADOS;IMPRUDENCIA DEL CONDUCTOR;CONDUCIR VEHICULO EN RETROCESO;CAMINO A LONQUEN;;- CAMINO A LONQUEN;952;;;UNIDIRECCIONAL;CONCRETO;BUENO;SECO;DESPEJADO;0;0;0;0
-7879828,636;-3968642,68;17881;2024;1648962;-33,550792;-70,785705;1;2024/10/23 00:00:00+00;1899/12/30 00:00:00+00;REGION METROPOLITANA;MAIPU;CHOQUE LADO/LADO;CHOQUE;URBANA;TRAMO DE VIA RECTA;IMPRUDENCIA DEL CONDUCTOR;CONDUCCION NO ATENTO CONDICIONES TRANSITO MOMENTO;HUSARES DE LA MUERTE;;- HUSARES DE LA MUERTE;24;;;BIDIRECCIONAL;RIPIO;REGULAR;;DESPEJADO;0;0;0;0
-7879112,629;-3963018,477;17882;2024;1648963;-33,508676;-70,779273;1;2024/10/24 00:00:00+00;1899/12/30 00:00:00+00;REGION METROPOLITANA;MAIPU;COLISION LATERAL;COLISION;URBANA;CRUCE CON SEMAFORO FUNCIONANDO;DESOBEDIENCIA A SENALIZACION;SENALIZACION DESOBEDECER LUZ ROJA DE SEMAFORO;CAMINO A RINCONADA;3 PONIENTE;3 PONIENTE - CAMINO A RINCONADA;0;;;BIDIRECCIONAL CON BANDEJON;ASFALTO;BUENO;SECO;DESPEJADO;0;0;0;2
-7877525,064;-3963183,44;17883;2024;1648966;-33,509912;-70,765012;1;2024/10/26 00:00:00+00;1899/12/30 00:00:00+00;REGION METROPOLITANA;MAIPU;CHOQUE POSTERIOR/FRENTE;CHOQUE;URBANA;CRUCE CON SEMAFORO FUNCIONANDO;IMPRUDENCIA DEL CONDUCTOR;CONDUCCION NO ATENTO CONDICIONES TRANSITO MOMENTO;CAMINO A RINCONADA;SAN MARTIN;CAMINO A RINCONADA - SAN MARTIN;0;;;BIDIRECCIONAL CON BANDEJON;ASFALTO;BUENO;SECO;DESPEJADO;0;0;0;0
-7877455,75;-3962091,166;17884;2024;1648969;-33,50173;-70,764389;1;2024/10/27 00:00:00+00;1899/12/30 00:00:00+00;REGION METROPOLITANA;MAIPU;COLISION LATERAL;COLISION;URBANA;CRUCE CON SENAL PARE;DESOBEDIENCIA A SENALIZACION;SENALIZACION DESOBEDECER SENAL PARE;LA GALAXIA;LIBER BERNARDO O'HIGGINS;LA GALAXIA - LIBER BERNARDO O'HIGGINS;0;;;BIDIRECCIONAL;ASFALTO;BUENO;SECO;DESPEJADO;0;0;0;0
-7877951,789;-3964241,344;17885;2024;1648970;-33,517835;-70,768845;1;2024/10/27 00:00:00+00;1899/12/30 00:00:00+00;REGION METROPOLITANA;MAIPU;COLISION LATERAL;COLISION;URBANA;CRUCE CON SEMAFORO FUNCIONANDO;DESOBEDIENCIA A SENALIZACION;SENALIZACION DESOBEDECER LUZ ROJA DE SEMAFORO;PADRE HURTADO;PORTALES;PADRE HURTADO - PORTALES;0;;;BIDIRECCIONAL;ASFALTO;BUENO;SECO;DESPEJADO;0;0;0;0
-7877603,471;-3963137,567;17886;2024;1648972;-33,509568;-70,765716;1;2024/10/30 00:00:00+00;1899/12/30 00:00:00+00;REGION METROPOLITANA;MAIPU;COLISION LATERAL;COLISION;URBANA;CRUCE CON SENAL CEDA EL PASO;DESOBEDIENCIA A SENALIZACION;SENALIZACION DESOBEDECER SENAL CEDA EL PASO;CAMINO A RINCONADA;GRAL LAS HERAS;CAMINO A RINCONADA - GRAL LAS HERAS;0;;;BIDIRECCIONAL CON BANDEJON;ASFALTO;BUENO;SECO;DESPEJADO;0;0;0;0
-7874824,465;-3964370,729;17887;2024;1648977;-33,518804;-70,740752;1;2024/11/01 00:00:00+00;1899/12/30 00:00:00+00;REGION METROPOLITANA;MAIPU;COLISION POR ALCANCE;COLISION;URBANA;CRUCE CON SEMAFORO FUNCIONANDO;IMPRUDENCIA DEL CONDUCTOR;CONDUCCION NO ATENTO CONDICIONES TRANSITO MOMENTO;CAMINO A MELIPILLA;LO ESPEJO;CAMINO A MELIPILLA - LO ESPEJO;0;;;BIDIRECCIONAL CON BANDEJON;CONCRETO;REGULAR;SECO;DESPEJADO;0;0;0;2
-7880509,689;-3965183,383;17888;2024;1648979;-33,52489;-70,791823;1;2024/11/02 00:00:00+00;1899/12/30 00:00:00+00;REGION METROPOLITANA;MAIPU;COLISION LATERAL;COLISION;URBANA;CRUCE CON SEMAFORO FUNCIONANDO;DESOBEDIENCIA A SENALIZACION;SENALIZACION DESOBEDECER LUZ ROJA DE SEMAFORO;NVA SAN MARTIN;4 PONIENTE;4 PONIENTE - NVA SAN MARTIN;0;;;BIDIRECCIONAL CON BANDEJON;CONCRETO;BUENO;SECO;DESPEJADO;0;0;0;0
-7877924,677;-3964700,751;17889;2024;1648980;-33,521276;-70,768601;1;2024/11/04 00:00:00+00;1899/12/30 00:00:00+00;REGION METROPOLITANA;MAIPU;COLISION LATERAL;COLISION;URBANA;CRUCE CON SEMAFORO FUNCIONANDO;IMPRUDENCIA DEL CONDUCTOR;CONDUCCION NO ATENTO CONDICIONES TRANSITO MOMENTO;SUR;PADRE HURTADO;PADRE HURTADO - SUR;0;;;BIDIRECCIONAL;ASFALTO;BUENO;SECO;DESPEJADO;0;0;0;0
-7879692,158;-3963105,124;17890;2024;1648981;-33,509325;-70,784479;1;2024/11/04 00:00:00+00;1899/12/30 00:00:00+00;REGION METROPOLITANA;MAIPU;ATROPELLO;ATROPELLO;URBANA;TRAMO DE VIA RECTA;IMPRUDENCIA DEL PEATON;PEATON CRUZA CALZADA FUERA PASO PEATONES;LAS NACIONES;JOSE MANUEL BORGONO;JOSE MANUEL BORGONO - LAS NACIONES;0;;;BIDIRECCIONAL CON BANDEJON;ASFALTO;REGULAR;SECO;DESPEJADO;0;0;1;1
-7880466,831;-3966800,05;17891;2024;1648983;-33,536996;-70,791438;1;2024/11/05 00:00:00+00;1899/12/30 00:00:00+00;REGION METROPOLITANA;MAIPU;CHOQUE LADO/LADO;CHOQUE;URBANA;TRAMO DE VIA RECTA;IMPRUDENCIA DEL CONDUCTOR;CONDUCCION NO ATENTO CONDICIONES TRANSITO MOMENTO;OSMAN PEREZ FREIRE;;- OSMAN PEREZ FREIRE;801;;;BIDIRECCIONAL;ASFALTO;BUENO;SECO;DESPEJADO;0;0;0;0
-7873589,624;-3962439,066;17892;2024;1648984;-33,504336;-70,729659;1;2024/11/06 00:00:00+00;1899/12/30 00:00:00+00;REGION METROPOLITANA;CERRILLOS;COLISION POR ALCANCE;COLISION;URBANA;CRUCE CON SENAL CEDA EL PASO;IMPRUDENCIA DEL CONDUCTOR;CONDUCCION NO ATENTO CONDICIONES TRANSITO MOMENTO;CALETERA AMERICO VESPUCIO;;- CALETERA AMERICO VESPUCIO;1501;;;UNIDIRECCIONAL;CONCRETO;BUENO;SECO;DESPEJADO;0;0;0;0
-7869952,927;-3974081,999;17893;2024;1648989;-33,591504;-70,69699;1;2024/10/18 00:00:00+00;1899/12/30 00:00:00+00;REGION METROPOLITANA;SAN BERNARDO;COLISION LATERAL;COLISION;URBANA;CRUCE CON SEMAFORO FUNCIONANDO;IMPRUDENCIA DEL CONDUCTOR;CONDUCCION NO ATENTO CONDICIONES TRANSITO MOMENTO;COLON NORTE;PADRE HURTADO;COLON NORTE - PADRE HURTADO;0;;;BIDIRECCIONAL CON BANDEJON;ASFALTO;REGULAR;SECO;DESPEJADO;0;0;0;0
-7870185,474;-3973327,246;17894;2024;1648991;-33,585856;-70,699079;1;2024/10/18 00:00:00+00;1899/12/30 00:00:00+00;REGION METROPOLITANA;SAN BERNARDO;ATROPELLO;ATROPELLO;URBANA;CRUCE CON SENAL PARE;OTRAS CAUSAS;HECHO DELICTUAL;POLPAICO;AMERICA;AMERICA - POLPAICO;0;;;BIDIRECCIONAL;ASFALTO;REGULAR;SECO;DESPEJADO;0;0;0;1
-7854282,26;-3972485,557;17895;2024;1648992;-33,579557;-70,556218;1;2024/11/02 00:00:00+00;1899/12/30 00:00:00+00;REGION METROPOLITANA;PUENTE ALTO;COLISION LATERAL;COLISION;URBANA;TRAMO DE VIA RECTA;IMPRUDENCIA DEL CONDUCTOR;CONDUCCION NO ATENTO CONDICIONES TRANSITO MOMENTO;EL PENON;RAMON VENEGAS;EL PENON - RAMON VENEGAS;0;;;BIDIRECCIONAL;CONCRETO;BUENO;SECO;DESPEJADO;0;0;0;0
-7870271,858;-3974850,033;17896;2024;1649000;-33,597251;-70,699855;1;2024/10/18 00:00:00+00;1899/12/30 00:00:00+00;REGION METROPOLITANA;SAN BERNARDO;COLISION;COLISION;URBANA;TRAMO DE VIA RECTA;IMPRUDENCIA DEL CONDUCTOR;CONDUCCION NO ATENTO CONDICIONES TRANSITO MOMENTO;SAN JOSE;BARROS ARANA;BARROS ARANA - SAN JOSE;0;;;UNIDIRECCIONAL;ASFALTO;REGULAR;SECO;DESPEJADO;0;0;0;2
-7872393,83;-3963927,704;17897;2024;1649004;-33,515486;-70,718917;1;2024/11/07 00:00:00+00;1899/12/30 00:00:00+00;REGION METROPOLITANA;CERRILLOS;COLISION PERPENDICULAR;COLISION;URBANA;VIA PRIVADA DE USO PUBLICO;DESOBEDIENCIA A SENALIZACION;SENALIZACION DESOBEDECER SENAL CEDA EL PASO;AMERICO VESPUCIO;;- AMERICO VESPUCIO;1501;;;BIDIRECCIONAL;ASFALTO;BUENO;SECO;DESPEJADO;0;0;0;0
-7871977,161;-3965495,321;17898;2024;1649010;-33,527226;-70,715174;1;2024/11/08 00:00:00+00;1899/12/30 00:00:00+00;REGION METROPOLITANA;CERRILLOS;COLISION PERPENDICULAR;COLISION;URBANA;CRUCE CON SENAL PARE;IMPRUDENCIA DEL CONDUCTOR;ADELANTAMIENTO SIN EL ESPACIO O TIEMPO SUFICIENTE;VISTA HERMOSA;;- VISTA HERMOSA;9950;;;BIDIRECCIONAL;ASFALTO;BUENO;SECO;DESPEJADO;0;0;0;0
-7860340,155;-3973265,777;17899;2024;1649011;-33,585396;-70,610637;1;2024/11/02 00:00:00+00;1899/12/30 00:00:00+00;REGION METROPOLITANA;PUENTE ALTO;ATROPELLO;ATROPELLO;URBANA;TRAMO DE VIA RECTA;IMPRUDENCIA DEL CONDUCTOR;CONDUCCION NO ATENTO CONDICIONES TRANSITO MOMENTO;MIGUEL ANGEL;LA SERENA;LA SERENA - MIGUEL ANGEL;0;;;BIDIRECCIONAL;CONCRETO;BUENO;SECO;DESPEJADO;0;0;0;1
-7902074,946;-3985644,401;17900;2024;1649012;-33,677982;-70,985547;1;2024/10/24 00:00:00+00;1899/12/30 00:00:00+00;REGION VALPARAISO;QUILPUE;COLISION LATERAL;COLISION;URBANA;CRUCE CON SEMAFORO FUNCIONANDO;IMPRUDENCIA DEL CONDUCTOR;CONDUCCION SIN MANTENER DISTANCIA RAZONABLE NI PRUDENTE;LOS CARRERA;ANIBAL PINTO;ANIBAL PINTO - LOS CARRERA;0;;;BIDIRECCIONAL;ASFALTO;BUENO;SECO;DESPEJADO;0;0;0;0
-7873203,011;-3961820,035;17901;2024;1649016;-33,499699;-70,726186;1;2024/11/08 00:00:00+00;1899/12/30 00:00:00+00;REGION METROPOLITANA;CERRILLOS;COLISION POR ALCANCE;COLISION;URBANA;TRAMO DE VIA RECTA;VELOCIDAD IMPRUDENTE;VELOCIDAD NO REDUCIR CRUCE DE CALLES, CUMBRE, CURVA, ETC.;14 DE OCTUBRE;;- 14 DE OCTUBRE;1204;;;BIDIRECCIONAL;ASFALTO;BUENO;SECO;DESPEJADO;0;0;0;0
-7870739,4;-3971216,792;17902;2024;1649019;-33,570061;-70,704055;1;2024/10/18 00:00:00+00;1899/12/30 00:00:00+00;REGION METROPOLITANA;SAN BERNARDO;COLISION LATERAL;COLISION;URBANA;CRUCE CON SENAL PARE;IMPRUDENCIA DEL CONDUCTOR;CONDUCCION CAMBIAR SORPRESIVAMENTE PISTA CIRCULACION;CAMINO LOS PINOS;DIAGONAL LA VARA;CAMINO LOS PINOS - DIAGONAL LA VARA;0;;;UNIDIRECCIONAL;CONCRETO;BUENO;SECO;DESPEJADO;0;0;0;1
-7870900,479;-3956171,665;17903;2024;1649021;-33,457377;-70,705502;1;2024/11/07 00:00:00+00;1899/12/30 00:00:00+00;REGION METROPOLITANA;ESTACION CENTRAL;CHOQUE FRENTE/POSTERIOR;CHOQUE;URBANA;CRUCE CON SEMAFORO FUNCIONANDO;IMPRUDENCIA DEL CONDUCTOR;CONDUCCION NO ATENTO CONDICIONES TRANSITO MOMENTO;LAS REJAS NORTE;LIBER BERNARDO O'HIGGINS;LAS REJAS NORTE - LIBER BERNARDO O'HIGGINS;0;;;BIDIRECCIONAL;ASFALTO;BUENO;SECO;DESPEJADO;0;0;0;0
-7872054,417;-3954297,003;17904;2024;1649023;-33,443326;-70,715868;1;2024/11/08 00:00:00+00;1899/12/30 00:00:00+00;REGION METROPOLITANA;LO PRADO;COLISION LATERAL;COLISION;URBANA;CRUCE CON SEMAFORO FUNCIONANDO;IMPRUDENCIA DEL CONDUCTOR;ADELANTAMIENTO SOBREPASANDO LINEA CONTINUA;SAN PABLO;STA MARTA;SAN PABLO - STA MARTA;0;;;BIDIRECCIONAL;ASFALTO;BUENO;SECO;DESPEJADO;0;0;0;0
-7864031,955;-3958258,819;17905;2024;1649031;-33,473018;-70,643801;1;2024/10/11 00:00:00+00;1899/12/30 00:00:00+00;REGION METROPOLITANA;SANTIAGO;COLISION LATERAL;COLISION;URBANA;CRUCE CON SEMAFORO FUNCIONANDO;IMPRUDENCIA DEL CONDUCTOR;CONDUCCION NO ATENTO CONDICIONES TRANSITO MOMENTO;SAN FRANCISCO;FRANKLIN;FRANKLIN - SAN FRANCISCO;0;;;UNIDIRECCIONAL;ASFALTO;BUENO;SECO;DESPEJADO;0;0;0;0
-7872316,574;-3963683,634;17906;2024;1649035;-33,513658;-70,718223;1;2024/11/08 00:00:00+00;1899/12/30 00:00:00+00;REGION METROPOLITANA;CERRILLOS;CHOQUE FRENTE/POSTERIOR;CHOQUE;URBANA;CRUCE CON SENAL CEDA EL PASO;DESOBEDIENCIA A SENALIZACION;SENALIZACION DESOBEDECER SENAL CEDA EL PASO;CAMINO A LONQUEN;AMERICO VESPUCIO;AMERICO VESPUCIO - CAMINO A LONQUEN;0;;;BIDIRECCIONAL;ASFALTO;BUENO;SECO;DESPEJADO;0;0;0;0
-7869956,638;-3959874,05;17907;2024;1649040;-33,48512;-70,697023;1;2024/11/09 00:00:00+00;1899/12/30 00:00:00+00;REGION METROPOLITANA;CERRILLOS;COLISION PERPENDICULAR;COLISION;URBANA;CRUCE CON SEMAFORO FUNCIONANDO;DESOBEDIENCIA A SENALIZACION;SENALIZACION DESOBEDECER LUZ ROJA DE SEMAFORO;PEDRO AGUIRRE CERDA;ANTONIO ESCOBAR WILLIAMS;ANTONIO ESCOBAR WILLIAMS - PEDRO AGUIRRE CERDA;0;;;BIDIRECCIONAL CON BANDEJON;ASFALTO;BUENO;SECO;DESPEJADO;0;0;0;0
-7862349,138;-3973288,093;17908;2024;1649047;-33,585563;-70,628684;1;2024/11/09 00:00:00+00;1899/12/30 00:00:00+00;REGION METROPOLITANA;LA PINTANA;COLISION PERPENDICULAR;COLISION;URBANA;CRUCE CON SENAL CEDA EL PASO;DESOBEDIENCIA A SENALIZACION;SENALIZACION DESOBEDECER SENAL CEDA EL PASO;JUANITA;MIGUEL ANGEL;JUANITA - MIGUEL ANGEL;0;;;BIDIRECCIONAL CON BANDEJON;ASFALTO;BUENO;SECO;DESPEJADO;0;0;0;0
-7856405,457;-3970572,709;17909;2024;1649049;-33,56524;-70,575291;1;2024/11/02 00:00:00+00;1899/12/30 00:00:00+00;REGION METROPOLITANA;PUENTE ALTO;CHOQUE LADO/LADO;CHOQUE;URBANA;TRAMO DE VIA RECTA;ALCOHOL EN CONDUCTOR;CONDUCCION EN ESTADO DE EBRIEDAD;COCHOA;;- COCHOA;812;;;BIDIRECCIONAL;CONCRETO;BUENO;SECO;DESPEJADO;0;0;0;0
-7860992,376;-3969403,94;17910;2024;1649052;-33,556491;-70,616496;1;2024/11/09 00:00:00+00;1899/12/30 00:00:00+00;REGION METROPOLITANA;LA PINTANA;CHOQUE FRENTE/POSTERIOR;CHOQUE;URBANA;CRUCE CON SEMAFORO FUNCIONANDO;IMPRUDENCIA DEL CONDUCTOR;CONDUCCION NO ATENTO CONDICIONES TRANSITO MOMENTO;LA SERENA;STO TOMAS;LA SERENA - STO TOMAS;0;;;BIDIRECCIONAL CON BANDEJON;ASFALTO;BUENO;SECO;DESPEJADO;0;0;0;0
-7861319,099;-3973124,936;17911;2024;1649058;-33,584342;-70,619431;1;2024/11/07 00:00:00+00;1899/12/30 00:00:00+00;REGION METROPOLITANA;LA PINTANA;COLISION PERPENDICULAR;COLISION;URBANA;CRUCE CON SEMAFORO FUNCIONANDO;DESOBEDIENCIA A SENALIZACION;SENALIZACION DESOBEDECER LUZ ROJA DE SEMAFORO;GABRIELA;JUANITA;GABRIELA - JUANITA;0;;;BIDIRECCIONAL CON BANDEJON;ASFALTO;BUENO;SECO;DESPEJADO;0;0;0;0
-7861151,786;-3974493,205;17912;2024;1649066;-33,594581;-70,617928;1;2024/11/08 00:00:00+00;1899/12/30 00:00:00+00;REGION METROPOLITANA;LA PINTANA;COLISION PERPENDICULAR;COLISION;URBANA;CRUCE SIN SENALIZACION;IMPRUDENCIA DEL CONDUCTOR;CONDUCCION NO ATENTO CONDICIONES TRANSITO MOMENTO;JUANITA;EL OMBU;EL OMBU - JUANITA;0;;;BIDIRECCIONAL;ASFALTO;BUENO;SECO;DESPEJADO;0;0;0;2
-7863872,323;-3973225,957;17913;2024;1649070;-33,585098;-70,642367;1;2024/11/08 00:00:00+00;1899/12/30 00:00:00+00;REGION METROPOLITANA;LA PINTANA;COLISION LATERAL;COLISION;URBANA;CRUCE SIN SENALIZACION;IMPRUDENCIA DEL CONDUCTOR;CONDUCCION NO ATENTO CONDICIONES TRANSITO MOMENTO;GABRIELA;EL RAULI;EL RAULI - GABRIELA;0;;;BIDIRECCIONAL CON BANDEJON;ASFALTO;BUENO;SECO;DESPEJADO;0;0;0;0
-7857379,614;-3971052,06;17914;2024;1649073;-33,568828;-70,584042;1;2024/11/02 00:00:00+00;1899/12/30 00:00:00+00;REGION METROPOLITANA;PUENTE ALTO;COLISION LATERAL;COLISION;URBANA;TRAMO DE VIA RECTA;IMPRUDENCIA DEL CONDUCTOR;CONDUCCION NO ATENTO CONDICIONES TRANSITO MOMENTO;CONCHA Y TORO;ELISA CORREA SANFUENTE;CONCHA Y TORO - ELISA CORREA SANFUENTE;0;;;BIDIRECCIONAL;CONCRETO;BUENO;SECO;DESPEJADO;0;0;0;0