ï»¿X;Y;FID;AÃ±o;IdAccident;Latitud;longitud;ClaseAccid;Fecha;Hora;RegiÃ³n;Comuna;Tipo_Accid;Tipo__CONA;Zona;UbicaciÃ³n;Causa__CON;Causa_Acci;Calle_Uno;Calle_Dos;Intersecci;NÃºmero;Ruta;Ubicaci_1;Calzada;Tipo_Calza;Estado_Cal;CondiciÃ³n;Estado_Atm;Fallecidos;Graves;Menos_Grav;Leves
-7876611,837;-3932735,323;18267;2024;1654969;-33,281553;-70,756808;1;2024/12/02 00:00:00+00;1899/12/30 00:00:00+00;REGION METROPOLITANA;LAMPA;COLISION LATERAL;COLISION;RURAL;TRAMO DE VIA RECTA;IMPRUDENCIA DEL CONDUCTOR;CONDUCCION NO ATENTO CONDICIONES TRANSITO MOMENTO;CACIQUE COLIN;SELVA OSCURA;CACIQUE COLIN - SELVA OSCURA;0;;;BIDIRECCIONAL;ASFALTO;BUENO;SECO;DESPEJADO;0;0;0;0
-7890283,095;-3933665,482;18268;2024;1654970;-33,288538;-70,879619;1;2024/12/02 00:00:00+00;1899/12/30 00:00:00+00;REGION METROPOLITANA;LAMPA;COLISION FRONTAL;COLISION;URBANA;TRAMO DE VIA RECTA;IMPRUDENCIA DEL CONDUCTOR;CONDUCCION NO ATENTO CONDICIONES TRANSITO MOMENTO;JOAQUIN UNDURRAGA;PARCELA 1;JOAQUIN UNDURRAGA - PARCELA 1;0;;;BIDIRECCIONAL;ASFALTO;BUENO;SECO;DESPEJADO;0;1;0;0
-7863527,789;-3945884,041;18269;2024;1654994;-33,380241;-70,639272;1;2024/12/06 00:00:00+00;1899/12/30 00:00:00+00;REGION METROPOLITANA;HUECHURABA;COLISION;COLISION;URBANA;CRUCE CON SEMAFORO FUNCIONANDO;IMPRUDENCIA DEL CONDUCTOR;CONDUCCION NO ATENTO CONDICIONES TRANSITO MOMENTO;RECOLETA;STA CLARA;RECOLETA - STA CLARA;0;;;BIDIRECCIONAL CON BANDEJON;CONCRETO;BUENO;SECO;DESPEJADO;0;0;0;0
-7874641,259;-3955768,849;18270;2024;1655007;-33,454358;-70,739106;1;2024/11/15 00:00:00+00;1899/12/30 00:00:00+00;REGION METROPOLITANA;PUDAHUEL;COLISION LATERAL;COLISION;URBANA;TRAMO DE VIA RECTA;IMPRUDENCIA DEL CONDUCTOR;CONDUCCION SIN MANTENER DISTANCIA RAZONABLE NI PRUDENTE;DIAG TTE CRUZ;CLAUDIO ARRAU;CLAUDIO ARRAU - DIAG TTE CRUZ;0;;;BIDIRECCIONAL CON BANDEJON;MIXTO;BUENO;SECO;DESPEJADO;0;0;0;0
-7866783,884;-3933372,777;18271;2024;1655017;-33,28634;-70,668522;1;2024/12/02 00:00:00+00;1899/12/30 00:00:00+00;REGION METROPOLITANA;COLINA;COLISION POR ALCANCE;COLISION;URBANA;TRAMO DE VIA RECTA;IMPRUDENCIA DEL CONDUCTOR;CONDUCCION NO ATENTO CONDICIONES TRANSITO MOMENTO;CHICUREO;;- CHICUREO;3000;;;BIDIRECCIONAL;ASFALTO;BUENO;SECO;DESPEJADO;0;1;0;1
-7872865,379;-3954411,867;18272;2024;1655025;-33,444187;-70,723153;1;2024/11/02 00:00:00+00;1899/12/30 00:00:00+00;REGION METROPOLITANA;LO PRADO;COLISION LATERAL;COLISION;URBANA;CRUCE CON SEMAFORO FUNCIONANDO;IMPRUDENCIA DEL CONDUCTOR;CONDUCCION CAMBIAR SORPRESIVAMENTE PISTA CIRCULACION;SAN PABLO;NEPTUNO;NEPTUNO - SAN PABLO;0;;;BIDIRECCIONAL;ASFALTO;REGULAR;SECO;DESPEJADO;0;0;0;0
-7868743,886;-3924154,741;18273;2024;1655027;-33,217091;-70,686129;1;2024/12/02 00:00:00+00;1899/12/30 00:00:00+00;REGION METROPOLITANA;COLINA;COLISION PERPENDICULAR;COLISION;URBANA;CRUCE CON SENAL PARE;DESOBEDIENCIA A SENALIZACION;SENALIZACION DESOBEDECER SENAL PARE;GRAL SAN MARTIN;ACONCAGUA;ACONCAGUA - GRAL SAN MARTIN;0;;;BIDIRECCIONAL;ASFALTO;BUENO;SECO;DESPEJADO;0;0;0;0
-7852650,984;-3958079,46;18274;2024;1655038;-33,471674;-70,541564;1;2024/12/01 00:00:00+00;1899/12/30 00:00:00+00;REGION METROPOLITANA;PENALOLEN;ATROPELLO;ATROPELLO;URBANA;CRUCE CON SEMAFORO FUNCIONANDO;IMPRUDENCIA DEL CONDUCTOR;NO RESPETAR DERECHO PREFERENTE DE PASO A PEATON;CONSISTORIAL;LAS PARCELAS;CONSISTORIAL - LAS PARCELAS;0;;;BIDIRECCIONAL CON BANDEJON;CONCRETO;BUENO;SECO;DESPEJADO;0;0;1;0
-7864726,366;-3955739,362;18275;2024;1655040;-33,454137;-70,650039;1;2024/12/01 00:00:00+00;1899/12/30 00:00:00+00;REGION METROPOLITANA;SANTIAGO;COLISION LATERAL;COLISION;URBANA;CRUCE CON SEMAFORO FUNCIONANDO;DESOBEDIENCIA A SENALIZACION;SENALIZACION DESOBEDECER LUZ ROJA DE SEMAFORO;SAN DIEGO;10 DE JULIO HUAMACHUCO;10 DE JULIO HUAMACHUCO - SAN DIEGO;0;;;UNIDIRECCIONAL;ASFALTO;BUENO;SECO;DESPEJADO;0;0;0;0
-7868290,927;-3923387,134;18276;2024;1655041;-33,211322;-70,68206;1;2024/12/03 00:00:00+00;1899/12/30 00:00:00+00;REGION METROPOLITANA;COLINA;COLISION POR ALCANCE;COLISION;URBANA;TRAMO DE VIA RECTA;IMPRUDENCIA DEL CONDUCTOR;CONDUCCION SIN MANTENER DISTANCIA RAZONABLE NI PRUDENTE;GRAL SAN MARTIN;;- GRAL SAN MARTIN;820;;;BIDIRECCIONAL;ASFALTO;BUENO;SECO;DESPEJADO;0;0;0;0
-7862917,647;-3957047,26;18277;2024;1655044;-33,463939;-70,633791;1;2024/11/25 00:00:00+00;1899/12/30 00:00:00+00;REGION METROPOLITANA;SANTIAGO;COLISION LATERAL;COLISION;URBANA;CRUCE CON SENAL CEDA EL PASO;DESOBEDIENCIA A SENALIZACION;SENALIZACION DESOBEDECER SENAL CEDA EL PASO;MADRID;PEDRO LAGOS;MADRID - PEDRO LAGOS;0;;;UNIDIRECCIONAL;ASFALTO;BUENO;SECO;DESPEJADO;0;0;0;0
-7876772,582;-3958369,987;18278;2024;1655047;-33,473851;-70,758252;1;2024/11/16 00:00:00+00;1899/12/30 00:00:00+00;REGION METROPOLITANA;MAIPU;COLISION POR ALCANCE;COLISION;URBANA;TRAMO DE VIA RECTA;IMPRUDENCIA DEL CONDUCTOR;CONDUCIR VEHICULO EN RETROCESO;AMERICO VESPUCIO;;- AMERICO VESPUCIO;1677;;;UNIDIRECCIONAL;MIXTO;BUENO;SECO;DESPEJADO;0;0;0;0
-7867872,589;-3922909,085;18279;2024;1655050;-33,207729;-70,678302;1;2024/12/04 00:00:00+00;1899/12/30 00:00:00+00;REGION METROPOLITANA;COLINA;COLISION PERPENDICULAR;COLISION;URBANA;TRAMO DE VIA RECTA;IMPRUDENCIA DEL CONDUCTOR;VIRAJES INDEBIDOS;GRAL SAN MARTIN;;- GRAL SAN MARTIN;77;;;BIDIRECCIONAL;ASFALTO;BUENO;SECO;DESPEJADO;0;0;0;0
-7862641,352;-3955948,707;18280;2024;1655051;-33,455706;-70,631309;1;2024/12/01 00:00:00+00;1899/12/30 00:00:00+00;REGION METROPOLITANA;SANTIAGO;COLISION LATERAL;COLISION;URBANA;CRUCE CON SEMAFORO FUNCIONANDO;DESOBEDIENCIA A SENALIZACION;SENALIZACION DESOBEDECER LUZ ROJA DE SEMAFORO;STA ELENA;MANUEL ANTONIO MATTA;MANUEL ANTONIO MATTA - STA ELENA;0;;;UNIDIRECCIONAL;ASFALTO;BUENO;SECO;DESPEJADO;0;0;0;0
-7885375,352;-3937328,78;18281;2024;1655053;-33,316042;-70,835532;1;2024/12/05 00:00:00+00;1899/12/30 00:00:00+00;REGION METROPOLITANA;LAMPA;COLISION POR ALCANCE;COLISION;RURAL;TRAMO DE VIA RECTA;IMPRUDENCIA DEL CONDUCTOR;CONDUCCION NO ATENTO CONDICIONES TRANSITO MOMENTO;CAMINO LO ECHEVERS;CAMINO EL NOVICIADO;CAMINO EL NOVICIADO - CAMINO LO ECHEVERS;0;;;BIDIRECCIONAL;ASFALTO;BUENO;SECO;DESPEJADO;0;0;0;0
-7891079,363;-3933710,227;18282;2024;1655055;-33,288874;-70,886772;1;2024/12/07 00:00:00+00;1899/12/30 00:00:00+00;REGION METROPOLITANA;LAMPA;COLISION LATERAL;COLISION;URBANA;TRAMO DE VIA RECTA;IMPRUDENCIA DEL CONDUCTOR;CONDUCCION NO ATENTO CONDICIONES TRANSITO MOMENTO;ARTURO PRAT;ISABEL RIQUELME;ARTURO PRAT - ISABEL RIQUELME;0;;;BIDIRECCIONAL;ASFALTO;BUENO;SECO;DESPEJADO;0;0;0;0
-7870774,243;-3951766,537;18283;2024;1655057;-33,424356;-70,704368;1;2024/11/29 00:00:00+00;1899/12/30 00:00:00+00;REGION METROPOLITANA;QUINTA NORMAL;COLISION LATERAL;COLISION;URBANA;TRAMO DE VIA RECTA;IMPRUDENCIA DEL CONDUCTOR;CONDUCCION NO ATENTO CONDICIONES TRANSITO MOMENTO;SALVADOR GUTIERREZ;SALTA;SALTA - SALVADOR GUTIERREZ;0;;;BIDIRECCIONAL CON BANDEJON;ASFALTO;REGULAR;SECO;DESPEJADO;0;0;0;0
-7873000,187;-3936986,962;18284;2024;1655058;-33,313476;-70,724364;1;2024/12/08 00:00:00+00;1899/12/30 00:00:00+00;REGION METROPOLITANA;LAMPA;COLISION LATERAL;COLISION;URBANA;CRUCE CON SEMAFORO APAGADO;IMPRUDENCIA DEL CONDUCTOR;CONDUCCION NO ATENTO CONDICIONES TRANSITO MOMENTO;PDTE EDUARDO FREI MONTALVA;LA MONTANA;LA MONTANA - PDTE EDUARDO FREI MONTALVA;0;;;UNIDIRECCIONAL;ASFALTO;BUENO;SECO;DESPEJADO;0;0;0;0
-7880846,875;-3970191,433;18285;2024;1655063;-33,562386;-70,794852;1;2024/11/16 00:00:00+00;1899/12/30 00:00:00+00;REGION METROPOLITANA;PADRE HURTADO;CHOQUE FRONTAL;CHOQUE;URBANA;TRAMO DE VIA RECTA;IMPRUDENCIA DEL CONDUCTOR;CONDUCCION NO ATENTO CONDICIONES TRANSITO MOMENTO;SEGUNDA AVENIDA;;- SEGUNDA AVENIDA;785;;;BIDIRECCIONAL;CONCRETO;BUENO;SECO;DESPEJADO;0;0;0;0
-7866055,187;-3945080,738;18286;2024;1655068;-33,374215;-70,661976;1;2024/12/03 00:00:00+00;1899/12/30 00:00:00+00;REGION METROPOLITANA;HUECHURABA;COLISION LATERAL;COLISION;URBANA;CRUCE CON SENAL PARE;DESOBEDIENCIA A SENALIZACION;SENALIZACION DESOBEDECER SENAL PARE;AMERICO VESPUCIO;GUANACO NORTE;AMERICO VESPUCIO - GUANACO NORTE;0;;;UNIDIRECCIONAL;CONCRETO;REGULAR;SECO;DESPEJADO;0;0;0;0
-7876435,507;-3956001,944;18287;2024;1655074;-33,456105;-70,755224;1;2024/11/18 00:00:00+00;1899/12/30 00:00:00+00;REGION METROPOLITANA;PUDAHUEL;COLISION POR ALCANCE;COLISION;URBANA;TRAMO DE VIA RECTA;IMPRUDENCIA DEL CONDUCTOR;CONDUCCION NO ATENTO CONDICIONES TRANSITO MOMENTO;OCEANIA;EL BOLDO;EL BOLDO - OCEANIA;0;;;BIDIRECCIONAL;MIXTO;BUENO;SECO;DESPEJADO;0;0;0;0
-7862288,58;-3974097,768;18288;2024;1655077;-33,591622;-70,62814;1;2024/12/06 00:00:00+00;1899/12/30 00:00:00+00;REGION METROPOLITANA;LA PINTANA;COLISION;COLISION;URBANA;CRUCE CON SEMAFORO FUNCIONANDO;DESOBEDIENCIA A SENALIZACION;SENALIZACION DESOBEDECER LUZ ROJA DE SEMAFORO;STA ROSA;ANTONIO MACHADO;ANTONIO MACHADO - STA ROSA;0;;;BIDIRECCIONAL CON BANDEJON;ASFALTO;BUENO;SECO;DESPEJADO;0;1;0;0
-7853780,098;-3957806,422;18289;2024;1655078;-33,469628;-70,551707;1;2024/12/04 00:00:00+00;1899/12/30 00:00:00+00;REGION METROPOLITANA;PENALOLEN;CHOQUE FRENTE/POSTERIOR;CHOQUE;URBANA;CRUCE CON SEMAFORO FUNCIONANDO;IMPRUDENCIA DEL CONDUCTOR;CONDUCCION NO ATENTO CONDICIONES TRANSITO MOMENTO;MARIANO SANCHEZ FONTECILLA;LAS PARCELAS;LAS PARCELAS - MARIANO SANCHEZ FONTECILLA;0;;;UNIDIRECCIONAL;CONCRETO;BUENO;SECO;DESPEJADO;0;0;0;0
-7864716,865;-3973649,349;18290;2024;1655079;-33,588266;-70,649954;1;2024/12/07 00:00:00+00;1899/12/30 00:00:00+00;REGION METROPOLITANA;LA PINTANA;COLISION PERPENDICULAR;COLISION;URBANA;CRUCE CON SENAL CEDA EL PASO;DESOBEDIENCIA A SENALIZACION;SENALIZACION DESOBEDECER SENAL CEDA EL PASO;TUCAPEL;PELANTARO;PELANTARO - TUCAPEL;0;;;BIDIRECCIONAL;ASFALTO;BUENO;SECO;DESPEJADO;0;0;0;0
-7862113,698;-3976741,936;18291;2024;1655080;-33,611406;-70,626569;1;2024/12/08 00:00:00+00;1899/12/30 00:00:00+00;REGION METROPOLITANA;LA PINTANA;CHOQUE FRENTE/POSTERIOR;CHOQUE;URBANA;CRUCE CON SEMAFORO FUNCIONANDO;IMPRUDENCIA DEL CONDUCTOR;CONDUCCION NO ATENTO CONDICIONES TRANSITO MOMENTO;STA ROSA;CAMINO EL MARISCAL;CAMINO EL MARISCAL - STA ROSA;0;;;BIDIRECCIONAL CON BANDEJON;ASFALTO;BUENO;SECO;DESPEJADO;0;0;0;0
-7855892,496;-3970918,192;18292;2024;1655097;-33,567826;-70,570683;1;2024/12/05 00:00:00+00;1899/12/30 00:00:00+00;REGION METROPOLITANA;PUENTE ALTO;CHOQUE FRENTE/LADO;CHOQUE;URBANA;TRAMO DE VIA RECTA;IMPRUDENCIA DEL CONDUCTOR;CONDUCCION NO ATENTO CONDICIONES TRANSITO MOMENTO;LOS TOROS;;- LOS TOROS;1158;;;BIDIRECCIONAL;CONCRETO;BUENO;SECO;DESPEJADO;0;0;0;0
-7870621,846;-3952808,936;18293;2024;1655103;-33,432171;-70,702999;1;2024/12/03 00:00:00+00;1899/12/30 00:00:00+00;REGION METROPOLITANA;QUINTA NORMAL;CHOQUE POSTERIOR/POSTERIOR;CHOQUE;URBANA;TRAMO DE VIA RECTA;IMPRUDENCIA DEL CONDUCTOR;CONDUCCION NO ATENTO CONDICIONES TRANSITO MOMENTO;JOSE JOAQUIN PEREZ;PADRE DAMIAN DEVEUSTER;JOSE JOAQUIN PEREZ - PADRE DAMIAN DEVEUSTER;0;;;BIDIRECCIONAL;CONCRETO;REGULAR;SECO;DESPEJADO;0;0;0;0
-7866866,595;-3955039,306;18294;2024;1655106;-33,44889;-70,669265;1;2024/11/25 00:00:00+00;1899/12/30 00:00:00+00;REGION VALPARAISO;VALPARAISO;VOLCADURA;VOLCADURA;URBANA;TRAMO DE VIA RECTA;VELOCIDAD IMPRUDENTE;VELOCIDAD NO RAZONABLE NI PRUDENTE;ESPANA;AMUNATEGUI;AMUNATEGUI - ESPANA;0;;;UNIDIRECCIONAL;ASFALTO;BUENO;SECO;DESPEJADO;0;1;0;0
-7874547,194;-3956278,542;18295;2024;1655108;-33,458178;-70,738261;1;2024/11/18 00:00:00+00;1899/12/30 00:00:00+00;REGION METROPOLITANA;PUDAHUEL;COLISION PERPENDICULAR;COLISION;URBANA;TRAMO DE VIA RECTA;DESOBEDIENCIA A SENALIZACION;SENALIZACION DESOBEDECER LUZ ROJA DE SEMAFORO;LA TRAVESIA;TTE CRUZ;LA TRAVESIA - TTE CRUZ;0;;;BIDIRECCIONAL CON BANDEJON;MIXTO;BUENO;SECO;DESPEJADO;0;0;0;1
-7859098,832;-3973056,119;18296;2024;1655113;-33,583827;-70,599486;1;2024/12/07 00:00:00+00;1899/12/30 00:00:00+00;REGION METROPOLITANA;PUENTE ALTO;CHOQUE FRENTE/POSTERIOR;CHOQUE;URBANA;TRAMO DE VIA RECTA;IMPRUDENCIA DEL CONDUCTOR;CONDUCCION NO ATENTO CONDICIONES TRANSITO MOMENTO;DE LOS METALES;GABRIELA PONIENTE;DE LOS METALES - GABRIELA PONIENTE;0;;;BIDIRECCIONAL;CONCRETO;BUENO;SECO;DESPEJADO;0;0;0;0
-7869446,201;-3952752,913;18297;2024;1655114;-33,431751;-70,692438;1;2024/12/04 00:00:00+00;1899/12/30 00:00:00+00;REGION METROPOLITANA;QUINTA NORMAL;COLISION LATERAL;COLISION;URBANA;CRUCE CON SEMAFORO FUNCIONANDO;IMPRUDENCIA DEL CONDUCTOR;CONDUCCION NO ATENTO CONDICIONES TRANSITO MOMENTO;CRNEL ROBLES;MAPOCHO;CRNEL ROBLES - MAPOCHO;0;;;BIDIRECCIONAL;ASFALTO;REGULAR;SECO;DESPEJADO;0;0;0;0
-7869555,517;-3954481,373;18298;2024;1655119;-33,444708;-70,69342;1;2024/11/27 00:00:00+00;1899/12/30 00:00:00+00;REGION METROPOLITANA;QUINTA NORMAL;COLISION LATERAL;COLISION;URBANA;CRUCE CON SENAL PARE;DESOBEDIENCIA A SENALIZACION;SENALIZACION DESOBEDECER SENAL PARE;NVA IMPERIAL;FRANCISCO JAVIER;FRANCISCO JAVIER - NVA IMPERIAL;0;;;UNIDIRECCIONAL;ASFALTO;REGULAR;SECO;DESPEJADO;0;0;0;0
-7878718,781;-3992737,499;18299;2024;1655134;-33,73099;-70,775735;1;2024/11/26 00:00:00+00;1899/12/30 00:00:00+00;REGION METROPOLITANA;BUIN;COLISION POR ALCANCE;COLISION;URBANA;CRUCE CON SENAL CEDA EL PASO;IMPRUDENCIA DEL CONDUCTOR;CONDUCCION NO ATENTO CONDICIONES TRANSITO MOMENTO;GARCIA;CAMINO BUIN MAIPO;CAMINO BUIN MAIPO - GARCIA;0;;;BIDIRECCIONAL;ASFALTO;BUENO;SECO;DESPEJADO;0;0;0;0
-7874418,62;-3993247,893;18300;2024;1655135;-33,734803;-70,737106;1;2024/11/26 00:00:00+00;1899/12/30 00:00:00+00;REGION METROPOLITANA;BUIN;COLISION LATERAL;COLISION;URBANA;TRAMO DE VIA RECTA;IMPRUDENCIA DEL CONDUCTOR;ADELANTAMIENTO SIN EL ESPACIO O TIEMPO SUFICIENTE;ARTURO PRAT;;- ARTURO PRAT;50;;;UNIDIRECCIONAL;ASFALTO;BUENO;SECO;DESPEJADO;0;0;0;0
-7874870,8;-3996816,863;18301;2024;1655140;-33,761461;-70,741168;1;2024/10/19 00:00:00+00;1899/12/30 00:00:00+00;REGION METROPOLITANA;BUIN;CHOQUE FRENTE/POSTERIOR;CHOQUE;URBANA;ENLACE A NIVEL;IMPRUDENCIA DEL CONDUCTOR;CONDUCCION NO ATENTO CONDICIONES TRANSITO MOMENTO;CAMINO LA CERVERA;ENLACE LINDEROS;CAMINO LA CERVERA - ENLACE LINDEROS;0;;;UNIDIRECCIONAL;ASFALTO;BUENO;SECO;DESPEJADO;0;0;0;0
-7880459,706;-3976387,322;18302;2024;1655141;-33,608753;-70,791374;1;2024/11/17 00:00:00+00;1899/12/30 00:00:00+00;REGION METROPOLITANA;CALERA DE TANGO;COLISION;COLISION;URBANA;TRAMO DE VIA RECTA;IMPRUDENCIA DEL CONDUCTOR;CONDUCCION NO ATENTO CONDICIONES TRANSITO MOMENTO;CAMINO A LONQUEN;;- CAMINO A LONQUEN;0;;;BIDIRECCIONAL;CONCRETO;BUENO;SECO;DESPEJADO;0;0;0;0
-7874957,629;-3991030,329;18303;2024;1655142;-33,718235;-70,741948;1;2024/11/20 00:00:00+00;1899/12/30 00:00:00+00;REGION METROPOLITANA;BUIN;COLISION LATERAL;COLISION;URBANA;CRUCE CON SEMAFORO FUNCIONANDO;DESOBEDIENCIA A SENALIZACION;SENALIZACION DESOBEDECER LUZ ROJA DE SEMAFORO;MANUEL RODRIGUEZ;BAJOS DE MATTE;BAJOS DE MATTE - MANUEL RODRIGUEZ;0;;;BIDIRECCIONAL;ASFALTO;BUENO;SECO;DESPEJADO;0;0;0;1
-7875925,218;-3959358,527;18304;2024;1655143;-33,481258;-70,75064;1;2024/11/23 00:00:00+00;1899/12/30 00:00:00+00;REGION METROPOLITANA;MAIPU;CHOQUE POSTERIOR/POSTERIOR;CHOQUE;URBANA;TRAMO DE VIA RECTA;IMPRUDENCIA DEL CONDUCTOR;CONDUCIR VEHICULO EN RETROCESO;AMERICO VESPUCIO;;- AMERICO VESPUCIO;399;;;UNIDIRECCIONAL;MIXTO;BUENO;SECO;DESPEJADO;0;0;0;0
-7888002,381;-4002621,588;18305;2024;1655144;-33,804801;-70,859131;1;2024/11/23 00:00:00+00;1899/12/30 00:00:00+00;REGION METROPOLITANA;BUIN;COLISION LATERAL;COLISION;URBANA;CRUCE SIN SENALIZACION;IMPRUDENCIA DEL CONDUCTOR;CONDUCCION NO ATENTO CONDICIONES TRANSITO MOMENTO;LAUTARO;GUACOLDA;GUACOLDA - LAUTARO;0;;;BIDIRECCIONAL;ASFALTO;BUENO;SECO;DESPEJADO;0;0;0;0
-7875191,066;-3990357,569;18306;2024;1655145;-33,713208;-70,744045;1;2024/11/28 00:00:00+00;1899/12/30 00:00:00+00;REGION METROPOLITANA;BUIN;COLISION LATERAL;COLISION;URBANA;CRUCE CON SENAL PARE;IMPRUDENCIA DEL CONDUCTOR;CONDUCCION NO ATENTO CONDICIONES TRANSITO MOMENTO;LA COORDINADORA;BAJOS DE MATTE;BAJOS DE MATTE - LA COORDINADORA;0;;;BIDIRECCIONAL CON BANDEJON;ASFALTO;BUENO;SECO;DESPEJADO;0;0;0;0
-7873725,211;-3956660,159;18307;2024;1655146;-33,461038;-70,730877;1;2024/11/24 00:00:00+00;1899/12/30 00:00:00+00;REGION METROPOLITANA;PUDAHUEL;COLISION FRONTAL;COLISION;URBANA;CRUCE CON SENAL PARE;DESOBEDIENCIA A SENALIZACION;SENALIZACION DESOBEDECER SENAL PARE;LAS TORRES;LAGUNA SUR;LAGUNA SUR - LAS TORRES;0;;;BIDIRECCIONAL;ASFALTO;BUENO;SECO;DESPEJADO;0;0;2;0
-7874364,853;-3992545,689;18308;2024;1655147;-33,729557;-70,736623;1;2024/11/28 00:00:00+00;1899/12/30 00:00:00+00;REGION METROPOLITANA;BUIN;CHOQUE POSTERIOR/LADO;CHOQUE;URBANA;TRAMO DE VIA RECTA;IMPRUDENCIA DEL CONDUCTOR;CONDUCCION NO ATENTO CONDICIONES TRANSITO MOMENTO;LONGITUDINAL SUR;;- LONGITUDINAL SUR;170;;;BIDIRECCIONAL;ASFALTO;BUENO;SECO;DESPEJADO;0;0;0;0
-7870877,77;-3987412,181;18309;2024;1655149;-33,691196;-70,705298;1;2024/11/29 00:00:00+00;1899/12/30 00:00:00+00;REGION METROPOLITANA;BUIN;COLISION LATERAL;COLISION;RURAL;TRAMO DE VIA RECTA;DESOBEDIENCIA A SENALIZACION;SENALIZACION DESOBEDECER SENAL CEDA EL PASO;CAMINO EL RECURSO;;- CAMINO EL RECURSO;0;;;BIDIRECCIONAL;ASFALTO;BUENO;SECO;DESPEJADO;0;0;0;0
-7874939,707;-3989946,732;18310;2024;1655151;-33,710138;-70,741787;1;2024/11/29 00:00:00+00;1899/12/30 00:00:00+00;REGION METROPOLITANA;BUIN;CHOQUE POSTERIOR/FRENTE;CHOQUE;URBANA;TRAMO DE VIA RECTA;IMPRUDENCIA DEL CONDUCTOR;CONDUCCION NO ATENTO CONDICIONES TRANSITO MOMENTO;EDITH PASTENE RIVERO;;- EDITH PASTENE RIVERO;1718;;;BIDIRECCIONAL;ASFALTO;BUENO;SECO;DESPEJADO;0;0;0;0
-7874364,853;-3992545,689;18311;2024;1655152;-33,729557;-70,736623;1;2024/11/30 00:00:00+00;1899/12/30 00:00:00+00;REGION METROPOLITANA;BUIN;COLISION FRONTAL;COLISION;URBANA;CRUCE CON SENAL PARE;IMPRUDENCIA DEL CONDUCTOR;NO RESPETAR DERECHO PREFERENTE DE PASO A VEHICULO;CAMINO LOS GUINDOS;CAMINO PADRE HURTADO;CAMINO LOS GUINDOS - CAMINO PADRE HURTADO;0;;;BIDIRECCIONAL;ASFALTO;BUENO;SECO;DESPEJADO;0;0;1;2
-7875519,904;-3994498,74;18312;2024;1655153;-33,744147;-70,746999;1;2024/11/30 00:00:00+00;1899/12/30 00:00:00+00;REGION METROPOLITANA;BUIN;COLISION LATERAL;COLISION;URBANA;CRUCE CON SENAL PARE;IMPRUDENCIA DEL CONDUCTOR;CONDUCCION NO ATENTO CONDICIONES TRANSITO MOMENTO;VILLASECA;FLORA LOBOS;FLORA LOBOS - VILLASECA;0;;;BIDIRECCIONAL;ASFALTO;BUENO;SECO;DESPEJADO;0;0;0;1
-7872393,83;-3963927,704;18313;2024;1655154;-33,515486;-70,718917;1;2024/12/06 00:00:00+00;1899/12/30 00:00:00+00;REGION METROPOLITANA;CERRILLOS;CHOQUE FRENTE/POSTERIOR;CHOQUE;URBANA;VIA PRIVADA DE USO PUBLICO;IMPRUDENCIA DEL CONDUCTOR;CONDUCCION NO ATENTO CONDICIONES TRANSITO MOMENTO;AMERICO VESPUCIO;;- AMERICO VESPUCIO;1501;;;BIDIRECCIONAL;ASFALTO;BUENO;SECO;DESPEJADO;0;0;0;0
-7886938,389;-3975428,063;18314;2024;1655155;-33,601576;-70,849573;1;2024/11/16 00:00:00+00;1899/12/30 00:00:00+00;REGION METROPOLITANA;PENAFLOR;COLISION;COLISION;URBANA;TRAMO DE VIA RECTA;IMPRUDENCIA DEL CONDUCTOR;CONDUCCION NO ATENTO CONDICIONES TRANSITO MOMENTO;BALMACEDA;ESPERANZA;BALMACEDA - ESPERANZA;0;;;BIDIRECCIONAL;CONCRETO;BUENO;SECO;DESPEJADO;0;0;0;0
-7874238,95;-3994400,879;18315;2024;1655156;-33,743416;-70,735492;1;2024/12/02 00:00:00+00;1899/12/30 00:00:00+00;REGION METROPOLITANA;BUIN;CHOQUE FRENTE/POSTERIOR;CHOQUE;URBANA;ENLACE A NIVEL;IMPRUDENCIA DEL CONDUCTOR;CONDUCCION NO ATENTO CONDICIONES TRANSITO MOMENTO;FRANCISCO JAVIER KRUGGER;LATERAL ORIENTE;FRANCISCO JAVIER KRUGGER - LATERAL ORIENTE;0;;;UNIDIRECCIONAL;ASFALTO;BUENO;SECO;DESPEJADO;0;0;0;3
-7873503,017;-3960448,996;18316;2024;1655157;-33,489428;-70,728881;1;2024/12/06 00:00:00+00;1899/12/30 00:00:00+00;REGION METROPOLITANA;CERRILLOS;COLISION PERPENDICULAR;COLISION;URBANA;CRUCE CON SENAL CEDA EL PASO;DESOBEDIENCIA A SENALIZACION;SENALIZACION DESOBEDECER SENAL CEDA EL PASO;GROENLANDIA;LOS PRESIDENTES;GROENLANDIA - LOS PRESIDENTES;0;;;BIDIRECCIONAL;ASFALTO;BUENO;SECO;DESPEJADO;0;0;0;0
-7872316,574;-3963683,634;18317;2024;1655159;-33,513658;-70,718223;1;2024/12/06 00:00:00+00;1899/12/30 00:00:00+00;REGION METROPOLITANA;CERRILLOS;COLISION LATERAL;COLISION;URBANA;CRUCE CON SENAL CEDA EL PASO;IMPRUDENCIA DEL CONDUCTOR;CONDUCCION CAMBIAR SORPRESIVAMENTE PISTA CIRCULACION;AMERICO VESPUCIO;CAMINO A LONQUEN;AMERICO VESPUCIO - CAMINO A LONQUEN;0;;;BIDIRECCIONAL;ASFALTO;BUENO;SECO;DESPEJADO;0;0;0;0