ï»¿X;Y;FID;AÃ±o;IdAccident;Latitud;longitud;ClaseAccid;Fecha;Hora;RegiÃ³n;Comuna;Tipo_Accid;Tipo__CONA;Zona;UbicaciÃ³n;Causa__CON;Causa_Acci;Calle_Uno;Calle_Dos;Intersecci;NÃºmero;Ruta;Ubicaci_1;Calzada;Tipo_Calza;Estado_Cal;CondiciÃ³n;Estado_Atm;Fallecidos;Graves;Menos_Grav;Leves
-7850864,306;-3948922,857;18369;2024;1655337;-33,403033;-70,525514;1;2024/12/05 00:00:00+00;1899/12/30 00:00:00+00;REGION METROPOLITANA;LAS CONDES;COLISION LATERAL;COLISION;URBANA;CRUCE CON SEMAFORO FUNCIONANDO;IMPRUDENCIA DEL CONDUCTOR;CONDUCCION NO ATENTO CONDICIONES TRANSITO MOMENTO;GRAL BLANCHE;CARD NEWMAN;CARD NEWMAN - GRAL BLANCHE;0;;;BIDIRECCIONAL;ASFALTO;BUENO;SECO;DESPEJADO;0;0;0;0
-7856211,761;-3974101,644;18370;2024;1655343;-33,591651;-70,573551;1;2024/12/08 00:00:00+00;1899/12/30 00:00:00+00;REGION METROPOLITANA;PUENTE ALTO;COLISION POR ALCANCE;COLISION;URBANA;TRAMO DE VIA RECTA;IMPRUDENCIA DEL CONDUCTOR;CONDUCCION NO ATENTO CONDICIONES TRANSITO MOMENTO;NEMESIO VICUNA;SAN HUGO;NEMESIO VICUNA - SAN HUGO;0;;;BIDIRECCIONAL;CONCRETO;BUENO;SECO;DESPEJADO;0;0;0;0
-7854818,486;-3962148,837;18371;2024;1655344;-33,502162;-70,561035;1;2024/12/05 00:00:00+00;1899/12/30 00:00:00+00;REGION METROPOLITANA;PENALOLEN;COLISION FRONTAL;COLISION;URBANA;CRUCE CON SENAL PARE;DESOBEDIENCIA A SENALIZACION;SENALIZACION DESOBEDECER SENAL PARE;TOBALABA;EL CHUNCHO;EL CHUNCHO - TOBALABA;0;;;BIDIRECCIONAL;CONCRETO;BUENO;SECO;DESPEJADO;0;0;0;0
-7865180,55;-3966308,99;18372;2024;1655345;-33,533319;-70,654119;1;2024/12/05 00:00:00+00;1899/12/30 00:00:00+00;REGION METROPOLITANA;LA CISTERNA;COLISION PERPENDICULAR;COLISION;URBANA;CRUCE CON SEMAFORO FUNCIONANDO;DESOBEDIENCIA A SENALIZACION;SENALIZACION DESOBEDECER LUZ ROJA DE SEMAFORO;URUGUAY;BLAS VIAL;BLAS VIAL - URUGUAY;0;;;BIDIRECCIONAL;CONCRETO;BUENO;SECO;DESPEJADO;0;0;0;0
-7849159,56;-3942040,662;18373;2024;1655346;-33,351406;-70,5102;1;2024/12/04 00:00:00+00;1899/12/30 00:00:00+00;REGION METROPOLITANA;LO BARNECHEA;COLISION LATERAL;COLISION;URBANA;CRUCE CON SEMAFORO FUNCIONANDO;IMPRUDENCIA DEL CONDUCTOR;VIRAJES INDEBIDOS;CAMINO DEL HUINGANAL;EL RODEO;CAMINO DEL HUINGANAL - EL RODEO;0;;;BIDIRECCIONAL CON BANDEJON;CONCRETO;BUENO;SECO;DESPEJADO;0;0;0;1
-7865939,637;-3965246,544;18374;2024;1655368;-33,525363;-70,660938;1;2024/12/06 00:00:00+00;1899/12/30 00:00:00+00;REGION METROPOLITANA;LA CISTERNA;CHOQUE FRONTAL;CHOQUE;URBANA;TRAMO DE VIA RECTA;IMPRUDENCIA DEL CONDUCTOR;CONDUCCION NO ATENTO CONDICIONES TRANSITO MOMENTO;GRAN AVDA JOSE MIGUEL CARRERA;;- GRAN AVDA JOSE MIGUEL CARRERA;7718;;;BIDIRECCIONAL CON BANDEJON;CONCRETO;BUENO;SECO;DESPEJADO;0;0;0;0
-7854112,387;-3971292,278;18375;2024;1655374;-33,570626;-70,554692;1;2024/12/07 00:00:00+00;1899/12/30 00:00:00+00;REGION METROPOLITANA;PUENTE ALTO;CHOQUE POSTERIOR/FRENTE;CHOQUE;URBANA;TRAMO DE VIA RECTA;IMPRUDENCIA DEL CONDUCTOR;CONDUCCION NO ATENTO CONDICIONES TRANSITO MOMENTO;EL PERAL;CAMILO HENRIQUEZ;CAMILO HENRIQUEZ - EL PERAL;0;;;BIDIRECCIONAL;CONCRETO;BUENO;SECO;DESPEJADO;0;0;0;0
-7865798,929;-3964612,809;18376;2024;1655375;-33,520617;-70,659674;1;2024/12/06 00:00:00+00;1899/12/30 00:00:00+00;REGION METROPOLITANA;LA CISTERNA;COLISION PERPENDICULAR;COLISION;URBANA;CRUCE CON SEMAFORO FUNCIONANDO;DESOBEDIENCIA A SENALIZACION;SENALIZACION DESOBEDECER LUZ ROJA DE SEMAFORO;GRAN AVDA JOSE MIGUEL CARRERA;GRAL FREIRE;GRAL FREIRE - GRAN AVDA JOSE MIGUEL CARRERA;0;;;BIDIRECCIONAL;CONCRETO;BUENO;SECO;DESPEJADO;0;0;0;0
-7860669,995;-3972933,586;18377;2024;1655376;-33,58291;-70,6136;1;2024/12/09 00:00:00+00;1899/12/30 00:00:00+00;REGION METROPOLITANA;LA PINTANA;CHOQUE FRENTE/POSTERIOR;CHOQUE;URBANA;CRUCE CON SEMAFORO FUNCIONANDO;IMPRUDENCIA DEL CONDUCTOR;CONDUCCION NO ATENTO CONDICIONES TRANSITO MOMENTO;GABRIELA;;- GABRIELA;3470;;;BIDIRECCIONAL CON BANDEJON;ASFALTO;BUENO;SECO;DESPEJADO;0;0;0;0
-7864558,051;-3965917,305;18378;2024;1655384;-33,530386;-70,648527;1;2024/12/06 00:00:00+00;1899/12/30 00:00:00+00;REGION METROPOLITANA;LA CISTERNA;COLISION PERPENDICULAR;COLISION;URBANA;CRUCE CON SENAL PARE;DESOBEDIENCIA A SENALIZACION;SENALIZACION DESOBEDECER SENAL PARE;LA GRANJA;ARGENTINA;ARGENTINA - LA GRANJA;0;;;BIDIRECCIONAL;CONCRETO;BUENO;SECO;DESPEJADO;0;0;0;0
-7859975,027;-3953644,658;18379;2024;1655387;-33,438436;-70,607357;1;2024/11/18 00:00:00+00;1899/12/30 00:00:00+00;REGION METROPOLITANA;PROVIDENCIA;COLISION FRONTAL;COLISION;URBANA;CRUCE CON SEMAFORO FUNCIONANDO;DESOBEDIENCIA A SENALIZACION;SENALIZACION DESOBEDECER LUZ ROJA DE SEMAFORO;FRANCISCO BILBAO;PEDRO DE VALDIVIA;FRANCISCO BILBAO - PEDRO DE VALDIVIA;0;;;BIDIRECCIONAL;ASFALTO;BUENO;SECO;DESPEJADO;0;0;0;0
-7860056,847;-3953352,915;18380;2024;1655390;-33,436249;-70,608092;1;2024/12/04 00:00:00+00;1899/12/30 00:00:00+00;REGION METROPOLITANA;PROVIDENCIA;ATROPELLO;ATROPELLO;URBANA;CRUCE CON SEMAFORO FUNCIONANDO;IMPRUDENCIA DEL CONDUCTOR;CONDUCCION NO ATENTO CONDICIONES TRANSITO MOMENTO;POCURO;RICARDO LYON;POCURO - RICARDO LYON;0;;;BIDIRECCIONAL;ASFALTO;BUENO;SECO;DESPEJADO;0;0;0;1
-7857661,141;-3961748,883;18381;2024;1655391;-33,499166;-70,586571;1;2024/12/05 00:00:00+00;1899/12/30 00:00:00+00;REGION METROPOLITANA;PENALOLEN;CHOQUE FRENTE/POSTERIOR;CHOQUE;URBANA;OTROS NO CONSIDERADOS;IMPRUDENCIA DEL CONDUCTOR;CONDUCCION SIN MANTENER DISTANCIA RAZONABLE NI PRUDENTE;LAS TORRES;EL BOSQUE;EL BOSQUE - LAS TORRES;0;;;BIDIRECCIONAL CON BANDEJON;CONCRETO;BUENO;SECO;DESPEJADO;0;0;0;0
-7859631,941;-3951409,755;18382;2024;1655392;-33,421681;-70,604275;1;2024/12/05 00:00:00+00;1899/12/30 00:00:00+00;REGION METROPOLITANA;PROVIDENCIA;COLISION FRONTAL;COLISION;URBANA;CRUCE CON SEMAFORO FUNCIONANDO;IMPRUDENCIA DEL CONDUCTOR;CONDUCCION NO ATENTO CONDICIONES TRANSITO MOMENTO;SAN PIO X;;- SAN PIO X;2445;;;BIDIRECCIONAL;ASFALTO;BUENO;SECO;DESPEJADO;0;0;0;1
-7864558,051;-3965917,305;18383;2024;1655393;-33,530386;-70,648527;1;2024/12/07 00:00:00+00;1899/12/30 00:00:00+00;REGION METROPOLITANA;LA CISTERNA;COLISION PERPENDICULAR;COLISION;URBANA;CRUCE CON SENAL PARE;DESOBEDIENCIA A SENALIZACION;SENALIZACION DESOBEDECER SENAL PARE;LA GRANJA;ARGENTINA;ARGENTINA - LA GRANJA;0;;;BIDIRECCIONAL;CONCRETO;BUENO;SECO;DESPEJADO;0;0;0;0
-7862529,921;-3954801,428;18384;2024;1655395;-33,447107;-70,630308;1;2024/12/02 00:00:00+00;1899/12/30 00:00:00+00;REGION METROPOLITANA;PROVIDENCIA;COLISION FRONTAL;COLISION;URBANA;CRUCE CON SEMAFORO FUNCIONANDO;DESOBEDIENCIA A SENALIZACION;SENALIZACION DESOBEDECER LUZ ROJA DE SEMAFORO;STA ISABEL;GRAL BUSTAMANTE;GRAL BUSTAMANTE - STA ISABEL;0;;;BIDIRECCIONAL;ASFALTO;BUENO;SECO;DESPEJADO;0;0;0;1
-7861699,589;-3952753,98;18385;2024;1655396;-33,431759;-70,622849;1;2024/12/04 00:00:00+00;1899/12/30 00:00:00+00;REGION METROPOLITANA;PROVIDENCIA;CAIDA;CAIDA;URBANA;TRAMO DE VIA RECTA;IMPRUDENCIA DEL CONDUCTOR;CONDUCCION NO ATENTO CONDICIONES TRANSITO MOMENTO;PROVIDENCIA;HUELEN;HUELEN - PROVIDENCIA;0;;;UNIDIRECCIONAL;ASFALTO;BUENO;SECO;DESPEJADO;0;1;0;0
-7866079,343;-3965738,761;18386;2024;1655400;-33,529049;-70,662193;1;2024/12/08 00:00:00+00;1899/12/30 00:00:00+00;REGION METROPOLITANA;LA CISTERNA;COLISION PERPENDICULAR;COLISION;URBANA;CRUCE CON SENAL PARE;DESOBEDIENCIA A SENALIZACION;SENALIZACION DESOBEDECER SENAL PARE;LETRAS;PROGRESO;LETRAS - PROGRESO;0;;;BIDIRECCIONAL;CONCRETO;BUENO;SECO;DESPEJADO;0;0;0;0
-7866079,343;-3965738,761;18387;2024;1655403;-33,529049;-70,662193;1;2024/12/08 00:00:00+00;1899/12/30 00:00:00+00;REGION METROPOLITANA;LA CISTERNA;CHOQUE FRENTE/POSTERIOR;CHOQUE;URBANA;TRAMO DE VIA RECTA;IMPRUDENCIA DEL CONDUCTOR;CONDUCCION NO ATENTO CONDICIONES TRANSITO MOMENTO;ALC BARRERA;;- ALC BARRERA;9258;;;BIDIRECCIONAL;CONCRETO;BUENO;SECO;DESPEJADO;0;0;0;0
-7868026,878;-3954494,581;18388;2024;1655416;-33,444807;-70,679688;1;2024/11/13 00:00:00+00;1899/12/30 00:00:00+00;REGION METROPOLITANA;ESTACION CENTRAL;COLISION POR ALCANCE;COLISION;URBANA;TRAMO DE VIA RECTA;IMPRUDENCIA DEL CONDUCTOR;CONDUCCION NO ATENTO CONDICIONES TRANSITO MOMENTO;MATUCANA;;- MATUCANA;100;;;BIDIRECCIONAL;ASFALTO;BUENO;SECO;DESPEJADO;0;0;0;0
-7850191,603;-3939715,26;18389;2024;1655417;-33,333955;-70,519471;1;2024/12/05 00:00:00+00;1899/12/30 00:00:00+00;REGION METROPOLITANA;LO BARNECHEA;COLISION LATERAL;COLISION;URBANA;TRAMO DE VIA RECTA;IMPRUDENCIA DEL CONDUCTOR;CONDUCCION NO ATENTO CONDICIONES TRANSITO MOMENTO;PITRENO;;- PITRENO;12631;;;BIDIRECCIONAL CON BANDEJON;CONCRETO;BUENO;SECO;DESPEJADO;0;0;0;0
-7872393,83;-3963927,704;18390;2024;1655434;-33,515486;-70,718917;1;2024/12/07 00:00:00+00;1899/12/30 00:00:00+00;REGION METROPOLITANA;CERRILLOS;COLISION LATERAL;COLISION;URBANA;VIA PRIVADA DE USO PUBLICO;IMPRUDENCIA DEL CONDUCTOR;CONDUCCION CAMBIAR SORPRESIVAMENTE PISTA CIRCULACION;AMERICO VESPUCIO;;- AMERICO VESPUCIO;1501;;;BIDIRECCIONAL;ASFALTO;BUENO;SECO;DESPEJADO;0;0;1;0
-7855204,987;-3976755,035;18391;2024;1655435;-33,611504;-70,564507;1;2024/12/08 00:00:00+00;1899/12/30 00:00:00+00;REGION METROPOLITANA;PUENTE ALTO;ATROPELLO;ATROPELLO;URBANA;TRAMO DE VIA RECTA;IMPRUDENCIA DEL CONDUCTOR;CONDUCCION NO ATENTO CONDICIONES TRANSITO MOMENTO;EYZAGUIRRE;LOS CONDORES;EYZAGUIRRE - LOS CONDORES;0;;;BIDIRECCIONAL;CONCRETO;BUENO;SECO;DESPEJADO;0;0;0;0
-7871319,374;-3964329,87;18392;2024;1655440;-33,518498;-70,709265;1;2024/12/08 00:00:00+00;1899/12/30 00:00:00+00;REGION METROPOLITANA;CERRILLOS;COLISION LATERAL;COLISION;URBANA;TRAMO DE VIA RECTA;IMPRUDENCIA DEL CONDUCTOR;CONDUCCION CAMBIAR SORPRESIVAMENTE PISTA CIRCULACION;AMERICO VESPUCIO;;- AMERICO VESPUCIO;2701;;;BIDIRECCIONAL;ASFALTO;BUENO;SECO;DESPEJADO;0;0;0;0
-7872393,83;-3963927,704;18393;2024;1655443;-33,515486;-70,718917;1;2024/12/08 00:00:00+00;1899/12/30 00:00:00+00;REGION METROPOLITANA;CERRILLOS;CHOQUE POSTERIOR/FRENTE;CHOQUE;URBANA;VIA PRIVADA DE USO PUBLICO;IMPRUDENCIA DEL CONDUCTOR;CONDUCIR VEHICULO EN RETROCESO;AMERICO VESPUCIO;;- AMERICO VESPUCIO;1501;;;BIDIRECCIONAL;ASFALTO;BUENO;SECO;DESPEJADO;0;0;0;0
-7869064,153;-3956390,891;18394;2024;1655444;-33,45902;-70,689006;1;2024/11/14 00:00:00+00;1899/12/30 00:00:00+00;REGION METROPOLITANA;ESTACION CENTRAL;COLISION LATERAL;COLISION;URBANA;TRAMO DE VIA RECTA;IMPRUDENCIA DEL CONDUCTOR;CONDUCCION NO ATENTO CONDICIONES TRANSITO MOMENTO;GRAL VELASQUEZ;ARICA;ARICA - GRAL VELASQUEZ;0;;;BIDIRECCIONAL;ASFALTO;BUENO;SECO;DESPEJADO;0;0;0;0
-7873212,028;-3960342,48;18395;2024;1655446;-33,48863;-70,726267;1;2024/12/08 00:00:00+00;1899/12/30 00:00:00+00;REGION METROPOLITANA;CERRILLOS;CHOQUE POSTERIOR/FRENTE;CHOQUE;URBANA;TRAMO DE VIA RECTA;OTRAS CAUSAS;HECHO DELICTUAL;LOS PRESIDENTES;;- LOS PRESIDENTES;7163;;;BIDIRECCIONAL;ASFALTO;BUENO;SECO;DESPEJADO;0;0;0;0
-7867290,054;-3952955,267;18396;2024;1655450;-33,433268;-70,673069;1;2024/11/16 00:00:00+00;1899/12/30 00:00:00+00;REGION METROPOLITANA;SANTIAGO;CAIDA;CAIDA;URBANA;TRAMO DE VIA RECTA;IMPRUDENCIA DEL CONDUCTOR;CONDUCCION NO ATENTO CONDICIONES TRANSITO MOMENTO;ANDES;CUETO;ANDES - CUETO;0;;;UNIDIRECCIONAL;CONCRETO;BUENO;SECO;DESPEJADO;0;0;0;1
-7871838,234;-3956195,815;18397;2024;1655452;-33,457558;-70,713926;1;2024/11/15 00:00:00+00;1899/12/30 00:00:00+00;REGION METROPOLITANA;LO PRADO;COLISION;COLISION;URBANA;TRAMO DE VIA RECTA;IMPRUDENCIA DEL CONDUCTOR;CONDUCCION NO ATENTO CONDICIONES TRANSITO MOMENTO;GRAL OSCAR BONILLA;;- GRAL OSCAR BONILLA;10;;;BIDIRECCIONAL;ASFALTO;BUENO;SECO;DESPEJADO;0;0;0;0
-7863465,784;-3953179,234;18398;2024;1655454;-33,434947;-70,638715;1;2024/11/16 00:00:00+00;1899/12/30 00:00:00+00;REGION METROPOLITANA;RECOLETA;COLISION LATERAL;COLISION;URBANA;CRUCE CON SEMAFORO FUNCIONANDO;DESOBEDIENCIA A SENALIZACION;SENALIZACION DESOBEDECER LUZ ROJA DE SEMAFORO;STA MARIA;PURISIMA;PURISIMA - STA MARIA;0;;;UNIDIRECCIONAL;ASFALTO;BUENO;SECO;NUBLADO;0;0;0;0
-7874907,313;-3991694,429;18399;2024;1655456;-33,723197;-70,741496;1;2024/12/09 00:00:00+00;1899/12/30 00:00:00+00;REGION METROPOLITANA;BUIN;CHOQUE POSTERIOR/FRENTE;CHOQUE;URBANA;TRAMO DE VIA RECTA;IMPRUDENCIA DEL CONDUCTOR;CONDUCCION NO ATENTO CONDICIONES TRANSITO MOMENTO;MANUEL RODRIGUEZ;PRESIDENTE FEDERICO ERRAZURIZ;MANUEL RODRIGUEZ - PRESIDENTE FEDERICO ERRAZURIZ;0;;;BIDIRECCIONAL;CONCRETO;BUENO;SECO;DESPEJADO;0;0;0;0
-7859076,902;-3959627,731;18400;2024;1655457;-33,483275;-70,599289;1;2024/12/06 00:00:00+00;1899/12/30 00:00:00+00;REGION METROPOLITANA;MACUL;COLISION LATERAL;COLISION;URBANA;TRAMO DE VIA RECTA;IMPRUDENCIA DEL CONDUCTOR;CONDUCCION NO ATENTO CONDICIONES TRANSITO MOMENTO;MACUL;MADRESELVAS;MACUL - MADRESELVAS;0;;;BIDIRECCIONAL;CONCRETO;BUENO;SECO;DESPEJADO;0;0;0;1
-7848931,355;-3939890,206;18401;2024;1655458;-33,335268;-70,50815;1;2024/12/07 00:00:00+00;1899/12/30 00:00:00+00;REGION METROPOLITANA;LO BARNECHEA;COLISION LATERAL;COLISION;URBANA;CIRCUITO PRIVADO;IMPRUDENCIA DEL CONDUCTOR;CONDUCCION NO ATENTO CONDICIONES TRANSITO MOMENTO;CAMINO DEL HUINGANAL;;- CAMINO DEL HUINGANAL;3578;;;BIDIRECCIONAL;CONCRETO;BUENO;SECO;DESPEJADO;0;0;0;1
-7858022,261;-3961818,033;18402;2024;1655461;-33,499684;-70,589815;1;2024/12/06 00:00:00+00;1899/12/30 00:00:00+00;REGION METROPOLITANA;MACUL;COLISION POR ALCANCE;COLISION;URBANA;TRAMO DE VIA RECTA;IMPRUDENCIA DEL CONDUCTOR;CONDUCCION NO ATENTO CONDICIONES TRANSITO MOMENTO;DR AMADOR NEGHME RODRIGUEZ;CALLE 1;CALLE 1 - DR AMADOR NEGHME RODRIGUEZ;0;;;UNIDIRECCIONAL;CONCRETO;BUENO;SECO;DESPEJADO;0;0;0;0
-7864877,204;-3954702,302;18403;2024;1655464;-33,446364;-70,651394;1;2024/11/17 00:00:00+00;1899/12/30 00:00:00+00;REGION METROPOLITANA;SANTIAGO;CHOQUE FRENTE/FRENTE;CHOQUE;URBANA;TRAMO DE VIA RECTA;IMPRUDENCIA DEL CONDUCTOR;CONDUCCION NO ATENTO CONDICIONES TRANSITO MOMENTO;SAN DIEGO;;- SAN DIEGO;125;;;BIDIRECCIONAL;ASFALTO;BUENO;SECO;DESPEJADO;0;0;0;0
-7870948,346;-3964459,522;18404;2024;1656800;-33,519469;-70,705932;1;2024/12/14 00:00:00+00;1899/12/30 00:00:00+00;REGION METROPOLITANA;CERRILLOS;COLISION LATERAL;COLISION;URBANA;CRUCE CON SENAL CEDA EL PASO;IMPRUDENCIA DEL CONDUCTOR;CONDUCCION CAMBIAR SORPRESIVAMENTE PISTA CIRCULACION;GRAL VELASQUEZ;AMERICO VESPUCIO;AMERICO VESPUCIO - GRAL VELASQUEZ;0;;;BIDIRECCIONAL;ASFALTO;BUENO;SECO;DESPEJADO;0;0;0;0
-7870781,256;-3974108,058;18405;2024;1659958;-33,591699;-70,704431;1;2024/12/30 00:00:00+00;1899/12/30 00:00:00+00;REGION METROPOLITANA;SAN BERNARDO;ATROPELLO;ATROPELLO;URBANA;CRUCE CON SEMAFORO FUNCIONANDO;IMPRUDENCIA DEL CONDUCTOR;CONDUCCION NO ATENTO CONDICIONES TRANSITO MOMENTO;FREIRE;O'HIGGINS;FREIRE - O'HIGGINS;0;;;UNIDIRECCIONAL;ASFALTO;BUENO;SECO;DESPEJADO;0;0;0;1
-7864648,999;-3959706,878;18406;2024;1659960;-33,483868;-70,649344;1;2024/12/04 00:00:00+00;1899/12/30 00:00:00+00;REGION METROPOLITANA;SAN MIGUEL;COLISION POR ALCANCE;COLISION;URBANA;TRAMO DE VIA RECTA;IMPRUDENCIA DEL CONDUCTOR;CONDUCCION SIN MANTENER DISTANCIA RAZONABLE NI PRUDENTE;GRAN AVDA JOSE MIGUEL CARRERA;;- GRAN AVDA JOSE MIGUEL CARRERA;3204;;;BIDIRECCIONAL;CONCRETO;BUENO;SECO;NUBLADO;0;0;0;0
-7857599,581;-3973668,001;18407;2024;1659963;-33,588406;-70,586018;1;2024/12/23 00:00:00+00;1899/12/30 00:00:00+00;REGION METROPOLITANA;PUENTE ALTO;COLISION LATERAL;COLISION;URBANA;TRAMO DE VIA RECTA;IMPRUDENCIA DEL CONDUCTOR;CONDUCCION NO ATENTO CONDICIONES TRANSITO MOMENTO;COQUIMBO;LOS CASTANOS;COQUIMBO - LOS CASTANOS;0;;;BIDIRECCIONAL;CONCRETO;BUENO;SECO;DESPEJADO;0;0;0;0
-7866866,595;-3955039,306;18408;2024;1658598;-33,44889;-70,669265;1;2024/11/26 00:00:00+00;1899/12/30 00:00:00+00;REGION METROPOLITANA;SANTIAGO;COLISION POR ALCANCE;COLISION;URBANA;TRAMO DE VIA RECTA;IMPRUDENCIA DEL CONDUCTOR;CONDUCCION SIN MANTENER DISTANCIA RAZONABLE NI PRUDENTE;LIBERTAD;ROSAS;LIBERTAD - ROSAS;0;;;UNIDIRECCIONAL;CONCRETO;BUENO;SECO;DESPEJADO;0;0;0;0
-7865419,998;-3959469,171;18409;2024;1659964;-33,482087;-70,65627;1;2024/12/05 00:00:00+00;1899/12/30 00:00:00+00;REGION METROPOLITANA;SAN MIGUEL;COLISION POR ALCANCE;COLISION;URBANA;OTROS NO CONSIDERADOS;IMPRUDENCIA DEL CONDUCTOR;CONDUCCION SIN MANTENER DISTANCIA RAZONABLE NI PRUDENTE;RAMON BARROS LUCO;;- RAMON BARROS LUCO;3151;;;BIDIRECCIONAL;CONCRETO;BUENO;SECO;DESPEJADO;0;0;0;0
-7867994,261;-3954698,3;18410;2024;1658599;-33,446334;-70,679395;1;2024/12/04 00:00:00+00;1899/12/30 00:00:00+00;REGION METROPOLITANA;SANTIAGO;CAIDA;CAIDA;URBANA;CRUCE CON SENAL CEDA EL PASO;IMPRUDENCIA DEL PASAJERO;IMPRUDENCIA DEL PASAJERO;ERASMO ESCALA;MATUCANA;ERASMO ESCALA - MATUCANA;0;;;UNIDIRECCIONAL;CONCRETO;BUENO;SECO;DESPEJADO;0;0;0;0
-7870078,718;-3976625,78;18411;2024;1659971;-33,610537;-70,69812;1;2024/12/30 00:00:00+00;1899/12/30 00:00:00+00;REGION METROPOLITANA;SAN BERNARDO;COLISION LATERAL;COLISION;URBANA;CRUCE CON SEMAFORO FUNCIONANDO;IMPRUDENCIA DEL CONDUCTOR;CONDUCCION NO ATENTO CONDICIONES TRANSITO MOMENTO;CRESCENTE ERRAZURIZ;EUCALIPTUS;CRESCENTE ERRAZURIZ - EUCALIPTUS;0;;;UNIDIRECCIONAL;ASFALTO;BUENO;SECO;DESPEJADO;0;0;0;0
-7867388,238;-3952962,47;18412;2024;1658604;-33,433322;-70,673951;1;2024/12/04 00:00:00+00;1899/12/30 00:00:00+00;REGION METROPOLITANA;SANTIAGO;OTRO TIPO;OTRO TIPO;URBANA;TRAMO DE VIA RECTA;OTRAS CAUSAS;OTRAS CAUSAS;RAFAEL SOTOMAYOR;ANDES;ANDES - RAFAEL SOTOMAYOR;0;;;UNIDIRECCIONAL;CONCRETO;BUENO;SECO;DESPEJADO;0;0;0;0
-7857808,639;-3948429,489;18413;2024;1656801;-33,399333;-70,587896;1;2024/11/13 00:00:00+00;1899/12/30 00:00:00+00;REGION METROPOLITANA;VITACURA;COLISION LATERAL;COLISION;URBANA;CRUCE CON SEMAFORO FUNCIONANDO;IMPRUDENCIA DEL CONDUCTOR;NO RESPETAR DERECHO PREFERENTE DE PASO A PEATON;AMERICO VESPUCIO NORTE;VITACURA;AMERICO VESPUCIO NORTE - VITACURA;0;;;BIDIRECCIONAL;ASFALTO;BUENO;SECO;DESPEJADO;0;0;0;1
-7864953,792;-3961096,385;18414;2024;1659973;-33,494278;-70,652082;1;2024/12/05 00:00:00+00;1899/12/30 00:00:00+00;REGION METROPOLITANA;SAN MIGUEL;COLISION LATERAL;COLISION;URBANA;TRAMO DE VIA RECTA;IMPRUDENCIA DEL CONDUCTOR;CONDUCCION NO ATENTO CONDICIONES TRANSITO MOMENTO;GRAN AVDA JOSE MIGUEL CARRERA;;- GRAN AVDA JOSE MIGUEL CARRERA;4390;;;BIDIRECCIONAL;CONCRETO;BUENO;SECO;DESPEJADO;0;0;0;0
-7867093,686;-3952817,073;18415;2024;1658606;-33,432232;-70,671305;1;2024/12/05 00:00:00+00;1899/12/30 00:00:00+00;REGION METROPOLITANA;SANTIAGO;COLISION POR ALCANCE;COLISION;URBANA;TRAMO DE VIA RECTA;IMPRUDENCIA DEL CONDUCTOR;CONDUCCION SIN MANTENER DISTANCIA RAZONABLE NI PRUDENTE;GRAL BULNES;MAPOCHO;GRAL BULNES - MAPOCHO;0;;;UNIDIRECCIONAL;CONCRETO;BUENO;SECO;DESPEJADO;0;0;0;0
-7874177,168;-3962348,418;18416;2024;1656805;-33,503657;-70,734937;1;2024/12/15 00:00:00+00;1899/12/30 00:00:00+00;REGION METROPOLITANA;CERRILLOS;COLISION FRONTAL;COLISION;URBANA;CRUCE CON SEMAFORO FUNCIONANDO;DESOBEDIENCIA A SENALIZACION;SENALIZACION DESOBEDECER LUZ ROJA DE SEMAFORO;AMERICO VESPUCIO;LAS TORRES;AMERICO VESPUCIO - LAS TORRES;0;;;BIDIRECCIONAL;ASFALTO;BUENO;SECO;DESPEJADO;0;0;0;2
-7868170,146;-3955493,597;18417;2024;1656806;-33,452295;-70,680975;1;2024/11/26 00:00:00+00;1899/12/30 00:00:00+00;REGION METROPOLITANA;ESTACION CENTRAL;COLISION POR ALCANCE;COLISION;URBANA;TRAMO DE VIA RECTA;IMPRUDENCIA DEL CONDUCTOR;CONDUCCION CAMBIAR SORPRESIVAMENTE PISTA CIRCULACION;LIBER BERNARDO O'HIGGINS;;- LIBER BERNARDO O'HIGGINS;3410;;;BIDIRECCIONAL CON BANDEJON;ASFALTO;BUENO;SECO;DESPEJADO;0;0;0;0
-7858592,217;-3948791,246;18418;2024;1656807;-33,402046;-70,594935;1;2024/11/15 00:00:00+00;1899/12/30 00:00:00+00;REGION METROPOLITANA;VITACURA;COLISION POR ALCANCE;COLISION;URBANA;TRAMO DE VIA RECTA;IMPRUDENCIA DEL CONDUCTOR;CONDUCCION NO ATENTO CONDICIONES TRANSITO MOMENTO;ALONSO DE CORDOVA;;- ALONSO DE CORDOVA;2320;;;BIDIRECCIONAL;ASFALTO;BUENO;SECO;DESPEJADO;0;0;0;0
-7865037,393;-3952739,574;18419;2024;1656809;-33,431651;-70,652833;1;2024/12/11 00:00:00+00;1899/12/30 00:00:00+00;REGION METROPOLITANA;INDEPENDENCIA;CHOQUE POSTERIOR/FRENTE;CHOQUE;URBANA;TRAMO DE VIA RECTA;IMPRUDENCIA DEL CONDUCTOR;CONDUCCION SIN MANTENER DISTANCIA RAZONABLE NI PRUDENTE;STA MARIA;INDEPENDENCIA;INDEPENDENCIA - STA MARIA;0;;;UNIDIRECCIONAL;ASFALTO;BUENO;SECO;DESPEJADO;0;1;0;0