ï»¿X;Y;FID;AÃ±o;IdAccident;Latitud;longitud;ClaseAccid;Fecha;Hora;RegiÃ³n;Comuna;Tipo_Accid;Tipo__CONA;Zona;UbicaciÃ³n;Causa__CON;Causa_Acci;Calle_Uno;Calle_Dos;Intersecci;NÃºmero;Ruta;Ubicaci_1;Calzada;Tipo_Calza;Estado_Cal;CondiciÃ³n;Estado_Atm;Fallecidos;Graves;Menos_Grav;Leves
-7870793,501;-3976151,41;18975;2024;1660651;-33,606988;-70,704541;1;2024/12/30 00:00:00+00;1899/12/30 00:00:00+00;REGION METROPOLITANA;SAN BERNARDO;COLISION PERPENDICULAR;COLISION;URBANA;CRUCE CON SENAL PARE;IMPRUDENCIA DEL CONDUCTOR;CONDUCCION NO ATENTO CONDICIONES TRANSITO MOMENTO;LIBORIO CARVALLO;JOSE JOAQUIN PEREZ;JOSE JOAQUIN PEREZ - LIBORIO CARVALLO;0;;;UNIDIRECCIONAL;CONCRETO;BUENO;SECO;DESPEJADO;0;0;0;0
-7861974,66;-3948833,65;18976;2024;1660653;-33,402364;-70,62532;1;2024/12/30 00:00:00+00;1899/12/30 00:00:00+00;REGION METROPOLITANA;RECOLETA;CHOQUE FRENTE/POSTERIOR;CHOQUE;URBANA;CRUCE CON SENAL PARE;IMPRUDENCIA DEL CONDUCTOR;CONDUCCION NO ATENTO CONDICIONES TRANSITO MOMENTO;COLOMBIA;;- COLOMBIA;551;;;UNIDIRECCIONAL;ASFALTO;BUENO;SECO;DESPEJADO;0;0;0;0
-7869424,716;-3954461,762;18977;2024;1660663;-33,444561;-70,692245;1;2024/12/07 00:00:00+00;1899/12/30 00:00:00+00;REGION METROPOLITANA;SANTIAGO;COLISION;COLISION;URBANA;TRAMO DE VIA RECTA;IMPRUDENCIA DEL CONDUCTOR;CONDUCCION NO ATENTO CONDICIONES TRANSITO MOMENTO;PORTALES;APOSTOL SANTIAGO;APOSTOL SANTIAGO - PORTALES;0;;;BIDIRECCIONAL;ASFALTO;BUENO;SECO;DESPEJADO;0;0;0;0
-7859551,679;-3967880,002;18978;2024;1660680;-33,545082;-70,603554;1;2024/12/23 00:00:00+00;1899/12/30 00:00:00+00;REGION METROPOLITANA;LA FLORIDA;COLISION LATERAL;COLISION;URBANA;CRUCE CON SENAL PARE;DESOBEDIENCIA A SENALIZACION;SENALIZACION DESOBEDECER SENAL PARE;STA RAQUEL;AMERICO VESPUCIO;AMERICO VESPUCIO - STA RAQUEL;0;;;UNIDIRECCIONAL;ASFALTO;BUENO;SECO;DESPEJADO;0;0;0;0
-7873398,043;-3949378,375;18979;2024;1660681;-33,406449;-70,727938;1;2024/12/21 00:00:00+00;1899/12/30 00:00:00+00;REGION METROPOLITANA;RENCA;COLISION;COLISION;URBANA;TRAMO DE VIA RECTA;IMPRUDENCIA DEL CONDUCTOR;CONDUCCION NO ATENTO CONDICIONES TRANSITO MOMENTO;COST NORTE;;- COST NORTE;19000;;;UNIDIRECCIONAL;ADOQUIN;BUENO;SECO;DESPEJADO;0;0;0;0
-7859504,814;-3965450,052;18980;2024;1660685;-33,526887;-70,603133;1;2024/12/22 00:00:00+00;1899/12/30 00:00:00+00;REGION METROPOLITANA;LA FLORIDA;COLISION LATERAL;COLISION;URBANA;CRUCE CON SENAL PARE;DESOBEDIENCIA A SENALIZACION;SENALIZACION DESOBEDECER SENAL PARE;STA RAQUEL;PILCOMAYO;PILCOMAYO - STA RAQUEL;0;;;BIDIRECCIONAL;ASFALTO;BUENO;SECO;DESPEJADO;0;0;0;0
-7868038,343;-3966238,344;18981;2024;1660691;-33,53279;-70,679791;1;2024/12/23 00:00:00+00;1899/12/30 00:00:00+00;REGION METROPOLITANA;CERRILLOS;COLISION POR ALCANCE;COLISION;URBANA;ENLACE A NIVEL;IMPRUDENCIA DEL CONDUCTOR;CONDUCCION NO ATENTO CONDICIONES TRANSITO MOMENTO;AMERICO VESPUCIO;;- AMERICO VESPUCIO;1234;;;UNIDIRECCIONAL;ASFALTO;BUENO;SECO;DESPEJADO;0;0;0;0
-7860355,295;-3966021,068;18982;2024;1660698;-33,531163;-70,610773;1;2024/12/24 00:00:00+00;1899/12/30 00:00:00+00;REGION METROPOLITANA;LA GRANJA;COLISION LATERAL;COLISION;URBANA;CRUCE SIN SENALIZACION;IMPRUDENCIA DEL CONDUCTOR;CONDUCCION NO ATENTO CONDICIONES TRANSITO MOMENTO;TOME;CALBUCO;CALBUCO - TOME;0;;;BIDIRECCIONAL;ASFALTO;BUENO;SECO;DESPEJADO;0;0;0;0
-7861960,188;-3968107,197;18983;2024;1660704;-33,546783;-70,62519;1;2024/12/24 00:00:00+00;1899/12/30 00:00:00+00;REGION METROPOLITANA;LA GRANJA;COLISION LATERAL;COLISION;URBANA;CRUCE CON SEMAFORO FUNCIONANDO;IMPRUDENCIA DEL CONDUCTOR;CONDUCCION NO ATENTO CONDICIONES TRANSITO MOMENTO;JOAQUIN EDWARDS BELLO;VICUNA MACKENNA;JOAQUIN EDWARDS BELLO - VICUNA MACKENNA;0;;;BIDIRECCIONAL CON BANDEJON;ASFALTO;BUENO;SECO;DESPEJADO;0;0;0;0
-7858139,258;-3967152,499;18984;2024;1660708;-33,539635;-70,590866;1;2024/12/24 00:00:00+00;1899/12/30 00:00:00+00;REGION METROPOLITANA;LA FLORIDA;COLISION POR ALCANCE;COLISION;URBANA;CRUCE CON SEMAFORO FUNCIONANDO;IMPRUDENCIA DEL CONDUCTOR;CONDUCCION NO ATENTO CONDICIONES TRANSITO MOMENTO;ENRIQUE OLIVARES;VICUNA MACKENNA;ENRIQUE OLIVARES - VICUNA MACKENNA;0;;;BIDIRECCIONAL;ASFALTO;BUENO;SECO;DESPEJADO;0;0;0;0
-7881754,797;-3971034,425;18985;2024;1660710;-33,568696;-70,803008;1;2024/12/20 00:00:00+00;1899/12/30 00:00:00+00;REGION METROPOLITANA;PADRE HURTADO;COLISION POR ALCANCE;COLISION;URBANA;TRAMO DE VIA RECTA;IMPRUDENCIA DEL CONDUCTOR;CONDUCCION SIN MANTENER DISTANCIA RAZONABLE NI PRUDENTE;PRIMERA TRANSVERSAL;SANTA AMADA;PRIMERA TRANSVERSAL - SANTA AMADA;0;;;UNIDIRECCIONAL;CONCRETO;BUENO;SECO;DESPEJADO;0;0;0;0
-7861662,074;-3963384,696;18986;2024;1660713;-33,511419;-70,622512;1;2024/12/24 00:00:00+00;1899/12/30 00:00:00+00;REGION METROPOLITANA;SAN JOAQUIN;COLISION POR ALCANCE;COLISION;URBANA;CRUCE CON SENAL PARE;IMPRUDENCIA DEL CONDUCTOR;CONDUCCION NO ATENTO CONDICIONES TRANSITO MOMENTO;VARAS MENA;VECINAL;VARAS MENA - VECINAL;0;;;BIDIRECCIONAL;ASFALTO;BUENO;SECO;DESPEJADO;0;0;0;0
-7861759,145;-3964506,79;18987;2024;1660726;-33,519823;-70,623384;1;2024/12/25 00:00:00+00;1899/12/30 00:00:00+00;REGION METROPOLITANA;LA GRANJA;COLISION LATERAL;COLISION;URBANA;CRUCE CON SEMAFORO FUNCIONANDO;DESOBEDIENCIA A SENALIZACION;SENALIZACION DESOBEDECER LUZ ROJA DE SEMAFORO;CENTRAL;LAS INDUSTRIAS;CENTRAL - LAS INDUSTRIAS;0;;;BIDIRECCIONAL CON BANDEJON;ASFALTO;BUENO;SECO;DESPEJADO;0;0;0;0
-7871856,157;-3948812,714;18988;2024;1660732;-33,402207;-70,714087;1;2024/12/23 00:00:00+00;1899/12/30 00:00:00+00;REGION METROPOLITANA;RENCA;COLISION;COLISION;URBANA;TRAMO DE VIA RECTA;IMPRUDENCIA DEL CONDUCTOR;CONDUCCION NO ATENTO CONDICIONES TRANSITO MOMENTO;CONDELL;JOSE MANUEL BALMACEDA;CONDELL - JOSE MANUEL BALMACEDA;0;;;UNIDIRECCIONAL;ADOQUIN;BUENO;SECO;DESPEJADO;0;0;0;0
-7860207,908;-3963441,038;18989;2024;1660735;-33,511841;-70,609449;1;2024/12/26 00:00:00+00;1899/12/30 00:00:00+00;REGION METROPOLITANA;LA FLORIDA;COLISION LATERAL;COLISION;URBANA;TRAMO DE VIA RECTA;IMPRUDENCIA DEL CONDUCTOR;CONDUCCION NO ATENTO CONDICIONES TRANSITO MOMENTO;VICUNA MACKENNA;;- VICUNA MACKENNA;6130;;;UNIDIRECCIONAL;ASFALTO;BUENO;SECO;DESPEJADO;0;0;0;0
-7892646,296;-3976739,931;18990;2024;1660736;-33,611391;-70,900848;1;2024/12/21 00:00:00+00;1899/12/30 00:00:00+00;REGION METROPOLITANA;PENAFLOR;COLISION;COLISION;URBANA;TRAMO DE VIA RECTA;ALCOHOL EN CONDUCTOR;CONDUCCION EN ESTADO DE EBRIEDAD;VICUNA MACKENNA;CALLE UNO;CALLE UNO - VICUNA MACKENNA;0;;;BIDIRECCIONAL;CONCRETO;BUENO;SECO;DESPEJADO;0;0;0;0
-7861504,557;-3964542,574;18991;2024;1660738;-33,520091;-70,621097;1;2024/12/27 00:00:00+00;1899/12/30 00:00:00+00;REGION METROPOLITANA;LA GRANJA;CHOQUE LATERAL;CHOQUE;URBANA;CRUCE SIN SENALIZACION;IMPRUDENCIA DEL CONDUCTOR;CONDUCCION NO ATENTO CONDICIONES TRANSITO MOMENTO;CALLE P;28 ORIENTE;28 ORIENTE - CALLE P;0;;;BIDIRECCIONAL;ASFALTO;BUENO;SECO;DESPEJADO;0;0;0;0
-7861134,977;-3952220,299;18992;2024;1660752;-33,427758;-70,617777;1;2024/12/31 00:00:00+00;1899/12/30 00:00:00+00;REGION METROPOLITANA;PROVIDENCIA;CHOQUE POSTERIOR/POSTERIOR;CHOQUE;URBANA;CRUCE CON SEMAFORO FUNCIONANDO;IMPRUDENCIA DEL CONDUCTOR;CONDUCCION NO ATENTO CONDICIONES TRANSITO MOMENTO;ANTONIO VARAS;PROVIDENCIA;ANTONIO VARAS - PROVIDENCIA;0;;;UNIDIRECCIONAL;ASFALTO;BUENO;SECO;DESPEJADO;0;0;0;0
-7860127,98;-3950935,219;18993;2024;1660756;-33,418123;-70,608731;1;2024/12/23 00:00:00+00;1899/12/30 00:00:00+00;REGION METROPOLITANA;PROVIDENCIA;COLISION FRONTAL;COLISION;URBANA;CRUCE CON SEMAFORO FUNCIONANDO;IMPRUDENCIA DEL CONDUCTOR;CONDUCCION NO ATENTO CONDICIONES TRANSITO MOMENTO;ANDRES BELLO;LOS LEONES;ANDRES BELLO - LOS LEONES;0;;;UNIDIRECCIONAL;ASFALTO;BUENO;SECO;DESPEJADO;0;0;0;0
-7860057,849;-3951285,317;18994;2024;1660758;-33,420748;-70,608101;1;2024/12/26 00:00:00+00;1899/12/30 00:00:00+00;REGION METROPOLITANA;PROVIDENCIA;COLISION LATERAL;COLISION;URBANA;TRAMO DE VIA RECTA;IMPRUDENCIA DEL CONDUCTOR;CONDUCCION CAMBIAR SORPRESIVAMENTE PISTA CIRCULACION;PROVIDENCIA;SUECIA;PROVIDENCIA - SUECIA;0;;;UNIDIRECCIONAL;ASFALTO;BUENO;SECO;DESPEJADO;0;0;0;0
-7868401,579;-3950197,179;18995;2024;1660766;-33,412589;-70,683054;1;2024/12/24 00:00:00+00;1899/12/30 00:00:00+00;REGION METROPOLITANA;RENCA;COLISION;COLISION;URBANA;TRAMO DE VIA RECTA;IMPRUDENCIA DEL CONDUCTOR;CONDUCCION NO ATENTO CONDICIONES TRANSITO MOMENTO;SALVADOR SANFUENTES;DOMINGO SANTA MARIA;DOMINGO SANTA MARIA - SALVADOR SANFUENTES;0;;;UNIDIRECCIONAL;ADOQUIN;BUENO;SECO;DESPEJADO;0;0;0;0
-7863067,817;-3953481,644;18996;2024;1660777;-33,437214;-70,63514;1;2024/12/22 00:00:00+00;1899/12/30 00:00:00+00;REGION METROPOLITANA;PROVIDENCIA;CHOQUE POSTERIOR/POSTERIOR;CHOQUE;URBANA;CRUCE CON SEMAFORO FUNCIONANDO;IMPRUDENCIA DEL CONDUCTOR;CONDUCCION NO ATENTO CONDICIONES TRANSITO MOMENTO;VICUNA MACKENNA;PROVIDENCIA;PROVIDENCIA - VICUNA MACKENNA;0;;;BIDIRECCIONAL;ASFALTO;BUENO;SECO;DESPEJADO;0;0;0;0
-7870855,951;-3949424,381;18997;2024;1660779;-33,406794;-70,705102;1;2024/12/26 00:00:00+00;1899/12/30 00:00:00+00;REGION METROPOLITANA;RENCA;COLISION;COLISION;URBANA;TRAMO DE VIA RECTA;IMPRUDENCIA DEL CONDUCTOR;CONDUCCION NO ATENTO CONDICIONES TRANSITO MOMENTO;COSTANERA;DORSAL;COSTANERA - DORSAL;0;;;UNIDIRECCIONAL;ADOQUIN;BUENO;SECO;DESPEJADO;0;0;0;0
-7860208,576;-3952711,829;18998;2024;1660784;-33,431443;-70,609455;1;2024/12/28 00:00:00+00;1899/12/30 00:00:00+00;REGION METROPOLITANA;PROVIDENCIA;COLISION POR ALCANCE;COLISION;URBANA;TRAMO DE VIA RECTA;IMPRUDENCIA DEL CONDUCTOR;CONDUCCION NO ATENTO CONDICIONES TRANSITO MOMENTO;PROVIDENCIA;;- PROVIDENCIA;1380;;;UNIDIRECCIONAL;ASFALTO;BUENO;SECO;DESPEJADO;0;0;0;0
-7859366,11;-3950930,551;18999;2024;1660793;-33,418088;-70,601887;1;2024/12/27 00:00:00+00;1899/12/30 00:00:00+00;REGION METROPOLITANA;PROVIDENCIA;CHOQUE POSTERIOR/POSTERIOR;CHOQUE;URBANA;CRUCE CON SEMAFORO FUNCIONANDO;IMPRUDENCIA DEL CONDUCTOR;ADELANTAMIENTO SIN EL ESPACIO O TIEMPO SUFICIENTE;TOBALABA;VITACURA;TOBALABA - VITACURA;0;;;BIDIRECCIONAL;CONCRETO;BUENO;SECO;DESPEJADO;0;0;0;0
-7871673,481;-3948840,583;19000;2024;1660797;-33,402416;-70,712446;1;2024/12/30 00:00:00+00;1899/12/30 00:00:00+00;REGION METROPOLITANA;RENCA;COLISION;COLISION;URBANA;TRAMO DE VIA RECTA;IMPRUDENCIA DEL CONDUCTOR;CONDUCCION NO ATENTO CONDICIONES TRANSITO MOMENTO;IGNACIO CARRERA PINTO;JOSE MANUEL BALMACEDA;IGNACIO CARRERA PINTO - JOSE MANUEL BALMACEDA;0;;;UNIDIRECCIONAL;ADOQUIN;BUENO;SECO;DESPEJADO;0;0;0;0
-7861812,801;-3954148,921;19001;2024;1660798;-33,442216;-70,623866;1;2024/12/31 00:00:00+00;1899/12/30 00:00:00+00;REGION METROPOLITANA;PROVIDENCIA;COLISION LATERAL;COLISION;URBANA;TRAMO DE VIA RECTA;IMPRUDENCIA DEL CONDUCTOR;CONDUCCION NO ATENTO CONDICIONES TRANSITO MOMENTO;PEDRO LEON GALLO;;- PEDRO LEON GALLO;632;;;UNIDIRECCIONAL;ASFALTO;BUENO;SECO;DESPEJADO;0;0;0;0
-7876162,774;-3959813,522;19002;2024;1660800;-33,484667;-70,752774;1;2024/12/23 00:00:00+00;1899/12/30 00:00:00+00;REGION METROPOLITANA;MAIPU;CHOQUE POSTERIOR;CHOQUE;URBANA;TRAMO DE VIA RECTA;IMPRUDENCIA DEL CONDUCTOR;CONDUCCION NO ATENTO CONDICIONES TRANSITO MOMENTO;AMERICO VESPUCIO;ARTURO ALDUNANTE PHILIP;AMERICO VESPUCIO - ARTURO ALDUNANTE PHILIP;0;;;UNIDIRECCIONAL;CONCRETO;BUENO;SECO;DESPEJADO;0;0;0;0
-7863105,332;-3965609,228;19003;2024;1660801;-33,528079;-70,635477;1;2024/11/27 00:00:00+00;1899/12/30 00:00:00+00;REGION METROPOLITANA;SAN RAMON;COLISION LATERAL;COLISION;URBANA;CRUCE CON SEMAFORO FUNCIONANDO;IMPRUDENCIA DEL CONDUCTOR;VIRAJES INDEBIDOS;STA ROSA;ELIAS FERNANDEZ ALBANO;ELIAS FERNANDEZ ALBANO - STA ROSA;0;;;BIDIRECCIONAL CON BANDEJON;ASFALTO;BUENO;SECO;DESPEJADO;0;0;0;0
-7860259,115;-3966852,403;19004;2024;1660806;-33,537388;-70,609909;1;2024/12/30 00:00:00+00;1899/12/30 00:00:00+00;REGION METROPOLITANA;LA GRANJA;COLISION LATERAL;COLISION;URBANA;CRUCE CON SEMAFORO FUNCIONANDO;IMPRUDENCIA DEL CONDUCTOR;CONDUCCION NO ATENTO CONDICIONES TRANSITO MOMENTO;PUNTA ARENAS;SAN GREGORIO;PUNTA ARENAS - SAN GREGORIO;0;;;BIDIRECCIONAL CON BANDEJON;ASFALTO;BUENO;SECO;DESPEJADO;0;0;0;1
-7860601,651;-3971150,373;19005;2024;1660810;-33,569564;-70,612986;1;2024/12/30 00:00:00+00;1899/12/30 00:00:00+00;REGION METROPOLITANA;LA PINTANA;COLISION LATERAL;COLISION;URBANA;ENLACE A NIVEL;VELOCIDAD IMPRUDENTE;VELOCIDAD NO RAZONABLE NI PRUDENTE;LA SERENA;TRONCAL SAN FRANCISCO;LA SERENA - TRONCAL SAN FRANCISCO;0;;;UNIDIRECCIONAL;ASFALTO;BUENO;SECO;DESPEJADO;0;0;0;0
-7863899,04;-3953633,986;19006;2024;1660812;-33,438356;-70,642607;1;2024/12/16 00:00:00+00;1899/12/30 00:00:00+00;REGION METROPOLITANA;SANTIAGO;COLISION LATERAL;COLISION;URBANA;CIRCUITO PRIVADO;IMPRUDENCIA DEL CONDUCTOR;CONDUCCION NO ATENTO CONDICIONES TRANSITO MOMENTO;VICTORIA SUBERCASEAUX;;- VICTORIA SUBERCASEAUX;400;;;UNIDIRECCIONAL;CONCRETO;BUENO;OTROS;DESPEJADO;0;0;0;0
-7871208,5;-3948916,99;19007;2024;1660814;-33,402989;-70,708269;1;2024/12/31 00:00:00+00;1899/12/30 00:00:00+00;REGION METROPOLITANA;RENCA;COLISION;COLISION;URBANA;TRAMO DE VIA RECTA;IMPRUDENCIA DEL CONDUCTOR;CONDUCCION SIN MANTENER DISTANCIA RAZONABLE NI PRUDENTE;EDUCADORA AURORA VALDES;;- EDUCADORA AURORA VALDES;1449;;;UNIDIRECCIONAL;ADOQUIN;BUENO;SECO;DESPEJADO;0;0;0;0
-7870320,059;-3973948,764;19008;2024;1660816;-33,590507;-70,700288;1;2024/12/30 00:00:00+00;1899/12/30 00:00:00+00;REGION METROPOLITANA;SAN BERNARDO;COLISION POR ALCANCE;COLISION;URBANA;CRUCE CON SENAL PARE;IMPRUDENCIA DEL CONDUCTOR;CONDUCCION SIN MANTENER DISTANCIA RAZONABLE NI PRUDENTE;COLON NORTE;BULNES;BULNES - COLON NORTE;0;;;BIDIRECCIONAL CON BANDEJON;ASFALTO;BUENO;SECO;DESPEJADO;0;0;0;0
-7857115,564;-3972391,891;19009;2024;1660817;-33,578856;-70,58167;1;2024/12/26 00:00:00+00;1899/12/30 00:00:00+00;REGION METROPOLITANA;PUENTE ALTO;COLISION LATERAL;COLISION;URBANA;TRAMO DE VIA RECTA;IMPRUDENCIA DEL CONDUCTOR;CONDUCCION NO ATENTO CONDICIONES TRANSITO MOMENTO;CONCHA Y TORO;;- CONCHA Y TORO;3399;;;BIDIRECCIONAL;CONCRETO;BUENO;SECO;DESPEJADO;0;1;0;0
-7863105,332;-3965609,228;19010;2024;1660820;-33,528079;-70,635477;1;2024/12/31 00:00:00+00;1899/12/30 00:00:00+00;REGION METROPOLITANA;SAN RAMON;COLISION POR ALCANCE;COLISION;URBANA;CRUCE CON SEMAFORO FUNCIONANDO;IMPRUDENCIA DEL CONDUCTOR;CONDUCCION NO ATENTO CONDICIONES TRANSITO MOMENTO;STA ROSA;ELIAS FERNANDEZ ALBANO;ELIAS FERNANDEZ ALBANO - STA ROSA;0;;;BIDIRECCIONAL CON BANDEJON;ASFALTO;BUENO;SECO;DESPEJADO;0;0;0;0
-7865887,094;-3949477,322;19011;2024;1660822;-33,407191;-70,660466;1;2024/12/27 00:00:00+00;1899/12/30 00:00:00+00;REGION METROPOLITANA;INDEPENDENCIA;CHOQUE FRENTE/LADO;CHOQUE;URBANA;TRAMO DE VIA RECTA;ALCOHOL EN CONDUCTOR;CONDUCCION EN ESTADO DE EBRIEDAD;HIPODROMO CHILE;;- HIPODROMO CHILE;1388;;;BIDIRECCIONAL;CONCRETO;BUENO;SECO;DESPEJADO;0;0;0;0
-7859642,071;-3954542,075;19012;2024;1660825;-33,445163;-70,604366;1;2024/12/27 00:00:00+00;1899/12/30 00:00:00+00;REGION METROPOLITANA;PROVIDENCIA;COLISION LATERAL;COLISION;URBANA;TRAMO DE VIA RECTA;IMPRUDENCIA DEL CONDUCTOR;CONDUCCION NO ATENTO CONDICIONES TRANSITO MOMENTO;VILLASECA;DR PEDRO LAUTARO FERRER;DR PEDRO LAUTARO FERRER - VILLASECA;0;;;UNIDIRECCIONAL;ASFALTO;BUENO;SECO;DESPEJADO;0;0;0;0
-7884979,278;-3973036,743;19013;2024;1660826;-33,583682;-70,831974;1;2024/12/24 00:00:00+00;1899/12/30 00:00:00+00;REGION METROPOLITANA;PADRE HURTADO;COLISION POR ALCANCE;COLISION;URBANA;TRAMO DE VIA RECTA;IMPRUDENCIA DEL CONDUCTOR;CONDUCCION NO ATENTO CONDICIONES TRANSITO MOMENTO;CAMINO SAN ALBERTO HURTADO;EL SOTILLO;CAMINO SAN ALBERTO HURTADO - EL SOTILLO;0;;;UNIDIRECCIONAL;CONCRETO;BUENO;SECO;DESPEJADO;0;0;0;0
-7859867,493;-3954351,033;19014;2024;1660828;-33,443731;-70,606391;1;2024/12/27 00:00:00+00;1899/12/30 00:00:00+00;REGION METROPOLITANA;PROVIDENCIA;CHOQUE LATERAL;CHOQUE;URBANA;TRAMO DE VIA RECTA;IMPRUDENCIA DEL CONDUCTOR;CONDUCCION NO ATENTO CONDICIONES TRANSITO MOMENTO;DIEGO DE ALMAGRO;PEDRO DE VALDIVIA;DIEGO DE ALMAGRO - PEDRO DE VALDIVIA;0;;;UNIDIRECCIONAL;ASFALTO;BUENO;SECO;DESPEJADO;0;0;0;0
-7864112,773;-3954058,872;19015;2024;1660829;-33,441541;-70,644527;1;2024/12/18 00:00:00+00;1899/12/30 00:00:00+00;REGION METROPOLITANA;SANTIAGO;VOLCADURA;VOLCADURA;URBANA;TRAMO DE VIA RECTA;IMPRUDENCIA DEL CONDUCTOR;CONDUCCION NO ATENTO CONDICIONES TRANSITO MOMENTO;STA LUCIA;MONEDA;MONEDA - STA LUCIA;0;;;UNIDIRECCIONAL;CONCRETO;BUENO;SECO;DESPEJADO;0;1;0;0
-7869091,426;-3977673,634;19016;2024;1660830;-33,618376;-70,689251;1;2024/11/24 00:00:00+00;1899/12/30 00:00:00+00;REGION METROPOLITANA;SAN BERNARDO;COLISION PERPENDICULAR;COLISION;URBANA;CRUCE CON SENAL PARE;IMPRUDENCIA DEL CONDUCTOR;CONDUCCION NO ATENTO CONDICIONES TRANSITO MOMENTO;LO BLANCO;LOS CANELOS;LO BLANCO - LOS CANELOS;0;;;BIDIRECCIONAL;CONCRETO;BUENO;SECO;DESPEJADO;0;0;0;0
-7859025,695;-3953377,994;19017;2024;1660831;-33,436437;-70,598829;1;2024/12/29 00:00:00+00;1899/12/30 00:00:00+00;REGION METROPOLITANA;PROVIDENCIA;CHOQUE FRENTE/FRENTE;CHOQUE;URBANA;CRUCE CON SENAL CEDA EL PASO;IMPRUDENCIA DEL CONDUCTOR;CONDUCCION NO ATENTO CONDICIONES TRANSITO MOMENTO;FRANCISCO BILBAO;HOLANDA;FRANCISCO BILBAO - HOLANDA;0;;;UNIDIRECCIONAL;ASFALTO;BUENO;SECO;DESPEJADO;0;0;0;1
-7861004,955;-3953163,227;19018;2024;1660835;-33,434827;-70,616609;1;2024/12/29 00:00:00+00;1899/12/30 00:00:00+00;REGION METROPOLITANA;PROVIDENCIA;CHOQUE POSTERIOR/POSTERIOR;CHOQUE;URBANA;CRUCE CON SEMAFORO FUNCIONANDO;IMPRUDENCIA DEL CONDUCTOR;CONDUCCION NO ATENTO CONDICIONES TRANSITO MOMENTO;MANUEL MONTT;VALENZUELA CASTILLO;MANUEL MONTT - VALENZUELA CASTILLO;0;;;UNIDIRECCIONAL;MIXTO;REGULAR;SECO;DESPEJADO;0;0;0;1
-7859369,783;-3953436,155;19019;2024;1660838;-33,436873;-70,60192;1;2024/12/30 00:00:00+00;1899/12/30 00:00:00+00;REGION METROPOLITANA;PROVIDENCIA;CHOQUE FRONTAL;CHOQUE;URBANA;ACERA O BERMA;IMPRUDENCIA DEL CONDUCTOR;CONDUCCION NO ATENTO CONDICIONES TRANSITO MOMENTO;FRANCISCO BILBAO;;- FRANCISCO BILBAO;2322;;;BIDIRECCIONAL;ASFALTO;BUENO;SECO;DESPEJADO;0;0;0;0
-7860148,575;-3964679,573;19020;2024;1660839;-33,521117;-70,608916;1;2024/12/31 00:00:00+00;1899/12/30 00:00:00+00;REGION METROPOLITANA;LA FLORIDA;CHOQUE FRENTE/POSTERIOR;CHOQUE;URBANA;TRAMO DE VIA RECTA;IMPRUDENCIA DEL CONDUCTOR;CONDUCCION NO ATENTO CONDICIONES TRANSITO MOMENTO;RUPANCO;;- RUPANCO;400;;;BIDIRECCIONAL;ASFALTO;BUENO;SECO;DESPEJADO;0;0;0;0
-7856609,394;-3975600,475;19021;2024;1660844;-33,602866;-70,577123;1;2024/12/25 00:00:00+00;1899/12/30 00:00:00+00;REGION METROPOLITANA;PUENTE ALTO;CAIDA;CAIDA;URBANA;TRAMO DE VIA RECTA;IMPRUDENCIA DEL CONDUCTOR;CONDUCCION NO ATENTO CONDICIONES TRANSITO MOMENTO;CRETA;LUIS MATTE LARRAIN;CRETA - LUIS MATTE LARRAIN;0;;;BIDIRECCIONAL;CONCRETO;BUENO;SECO;DESPEJADO;0;0;0;1
-7865037,393;-3952739,574;19022;2024;1660846;-33,431651;-70,652833;1;2024/12/27 00:00:00+00;1899/12/30 00:00:00+00;REGION METROPOLITANA;INDEPENDENCIA;COLISION PERPENDICULAR;COLISION;URBANA;CRUCE CON SEMAFORO FUNCIONANDO;DESOBEDIENCIA A SENALIZACION;SENALIZACION DESOBEDECER LUZ ROJA DE SEMAFORO;STA MARIA;INDEPENDENCIA;INDEPENDENCIA - STA MARIA;0;;;UNIDIRECCIONAL;ASFALTO;BUENO;SECO;DESPEJADO;0;0;0;0
-7857541,138;-3969974,082;19023;2024;1660848;-33,560759;-70,585493;1;2024/11/19 00:00:00+00;1899/12/30 00:00:00+00;REGION METROPOLITANA;LA FLORIDA;COLISION LATERAL;COLISION;URBANA;CRUCE CON SEMAFORO FUNCIONANDO;DESOBEDIENCIA A SENALIZACION;SENALIZACION DESOBEDECER LUZ ROJA DE SEMAFORO;VICUNA MACKENNA PONIENTE;MARIA ELENA;MARIA ELENA - VICUNA MACKENNA PONIENTE;0;;;BIDIRECCIONAL;CONCRETO;BUENO;SECO;DESPEJADO;0;0;0;2
-7869510,989;-3951192,09;19024;2024;1660856;-33,420049;-70,69302;1;2024/12/04 00:00:00+00;1899/12/30 00:00:00+00;REGION METROPOLITANA;QUINTA NORMAL;COLISION LATERAL;COLISION;URBANA;TRAMO DE VIA RECTA;IMPRUDENCIA DEL CONDUCTOR;CONDUCCION NO ATENTO CONDICIONES TRANSITO MOMENTO;CARD JOSE MARIA CARO;MARIA RAMOS MEJIAS;CARD JOSE MARIA CARO - MARIA RAMOS MEJIAS;0;;;BIDIRECCIONAL;ASFALTO;BUENO;SECO;DESPEJADO;0;0;0;0