ï»¿X;Y;FID;AÃ±o;IdAccident;Latitud;longitud;ClaseAccid;Fecha;Hora;RegiÃ³n;Comuna;Tipo_Accid;Tipo__CONA;Zona;UbicaciÃ³n;Causa__CON;Causa_Acci;Calle_Uno;Calle_Dos;Intersecci;NÃºmero;Ruta;Ubicaci_1;Calzada;Tipo_Calza;Estado_Cal;CondiciÃ³n;Estado_Atm;Fallecidos;Graves;Menos_Grav;Leves
-7877097,524;-3956512,048;19025;2024;1660858;-33,459928;-70,761171;1;2024/12/10 00:00:00+00;1899/12/30 00:00:00+00;REGION METROPOLITANA;PUDAHUEL;COLISION POR ALCANCE;COLISION;URBANA;TRAMO DE VIA RECTA;IMPRUDENCIA DEL CONDUCTOR;CONDUCIR VEHICULO EN RETROCESO;AUSTRAL;;- AUSTRAL;322;;;BIDIRECCIONAL;MIXTO;BUENO;SECO;DESPEJADO;0;0;0;0
-7889429,719;-3976706,648;19026;2024;1660861;-33,611142;-70,871953;1;2024/12/21 00:00:00+00;1899/12/30 00:00:00+00;REGION METROPOLITANA;PENAFLOR;CHOQUE;CHOQUE;URBANA;TRAMO DE VIA RECTA;DESOBEDIENCIA A SENALIZACION;SENALIZACION DESOBEDECER SENAL PARE;RUBEN DARIO;EUSEBIO LILLO;EUSEBIO LILLO - RUBEN DARIO;0;;;BIDIRECCIONAL;ASFALTO;BUENO;SECO;DESPEJADO;0;0;0;0
-7869368,055;-3950516,448;19027;2024;1660863;-33,414983;-70,691736;1;2024/12/06 00:00:00+00;1899/12/30 00:00:00+00;REGION METROPOLITANA;RENCA;COLISION LATERAL;COLISION;URBANA;TRAMO DE VIA RECTA;IMPRUDENCIA DEL CONDUCTOR;CONDUCCION NO ATENTO CONDICIONES TRANSITO MOMENTO;JORGE HIRMAS;PLAZA APOSTOL SANTIAGO;JORGE HIRMAS - PLAZA APOSTOL SANTIAGO;0;;;BIDIRECCIONAL;ASFALTO;BUENO;SECO;DESPEJADO;0;0;0;0
-7871015,138;-3950396,555;19028;2024;1660871;-33,414084;-70,706532;1;2024/12/06 00:00:00+00;1899/12/30 00:00:00+00;REGION METROPOLITANA;QUINTA NORMAL;CHOQUE FRONTAL;CHOQUE;URBANA;CRUCE SIN SENALIZACION;ALCOHOL EN CONDUCTOR;CONDUCCION EN ESTADO DE EBRIEDAD;LOS SAUCES;CALLE 4;CALLE 4 - LOS SAUCES;0;;;UNIDIRECCIONAL;ASFALTO;BUENO;SECO;DESPEJADO;0;0;0;1
-7858563,719;-3973527,021;19029;2024;1660875;-33,587351;-70,594679;1;2024/12/26 00:00:00+00;1899/12/30 00:00:00+00;REGION METROPOLITANA;PUENTE ALTO;COLISION LATERAL;COLISION;URBANA;TRAMO DE VIA RECTA;ALCOHOL EN CONDUCTOR;CONDUCCION EN ESTADO DE EBRIEDAD;LUIS MATTE LARRAIN;OBPO ENRIQUE ALVEAR;LUIS MATTE LARRAIN - OBPO ENRIQUE ALVEAR;0;;;BIDIRECCIONAL;CONCRETO;BUENO;SECO;DESPEJADO;0;0;1;0
-7886735,788;-3976556,675;19030;2024;1660880;-33,61002;-70,847753;1;2024/12/23 00:00:00+00;1899/12/30 00:00:00+00;REGION METROPOLITANA;PENAFLOR;CHOQUE;CHOQUE;URBANA;TRAMO DE VIA CURVA VERTICAL;IMPRUDENCIA DEL CONDUCTOR;CONDUCCION NO ATENTO CONDICIONES TRANSITO MOMENTO;MANUEL CASTILLO;;- MANUEL CASTILLO;850;;;UNIDIRECCIONAL;CONCRETO;BUENO;SECO;DESPEJADO;0;0;0;0
-7874907,313;-3991694,429;19031;2024;1660885;-33,723197;-70,741496;1;2024/12/20 00:00:00+00;1899/12/30 00:00:00+00;REGION METROPOLITANA;BUIN;COLISION FRONTAL;COLISION;URBANA;CRUCE CON SENAL PARE;DESOBEDIENCIA A SENALIZACION;SENALIZACION DESOBEDECER SENAL PARE;MAIPU;PRESIDENTE FEDERICO ERRAZURIZ;MAIPU - PRESIDENTE FEDERICO ERRAZURIZ;0;;;UNIDIRECCIONAL;ASFALTO;BUENO;SECO;DESPEJADO;0;0;0;0
-7876002,474;-3968980,626;19032;2024;1660887;-33,553322;-70,751334;1;2024/12/31 00:00:00+00;1899/12/30 00:00:00+00;REGION METROPOLITANA;SAN BERNARDO;VOLCADURA;VOLCADURA;URBANA;TRAMO DE VIA RECTA;ALCOHOL EN CONDUCTOR;CONDUCCION EN ESTADO DE EBRIEDAD;CAMINO A LONQUEN;;- CAMINO A LONQUEN;3329;;;BIDIRECCIONAL;ASFALTO;BUENO;SECO;DESPEJADO;1;0;0;1
-7856597,594;-3970842,442;19033;2024;1660930;-33,567259;-70,577017;1;2024/12/27 00:00:00+00;1899/12/30 00:00:00+00;REGION METROPOLITANA;PUENTE ALTO;CHOQUE LADO/LADO;CHOQUE;URBANA;TRAMO DE VIA RECTA;IMPRUDENCIA DEL CONDUCTOR;CONDUCCION NO ATENTO CONDICIONES TRANSITO MOMENTO;ANTARES;;- ANTARES;624;;;BIDIRECCIONAL;CONCRETO;BUENO;SECO;DESPEJADO;0;0;0;0
-7870111,335;-3950276,796;19034;2024;1660946;-33,413186;-70,698413;1;2024/12/13 00:00:00+00;1899/12/30 00:00:00+00;REGION METROPOLITANA;QUINTA NORMAL;CHOQUE FRENTE/POSTERIOR;CHOQUE;URBANA;TRAMO DE VIA RECTA;ALCOHOL EN CONDUCTOR;CONDUCCION EN ESTADO DE EBRIEDAD;GONZALO BULNES;;- GONZALO BULNES;2756;;;UNIDIRECCIONAL;ASFALTO;BUENO;SECO;DESPEJADO;0;0;0;2
-7887820,04;-3976528,872;19035;2024;1661010;-33,609812;-70,857493;1;2024/12/24 00:00:00+00;1899/12/30 00:00:00+00;REGION METROPOLITANA;PENAFLOR;CHOQUE;CHOQUE;URBANA;CRUCE CON SEMAFORO FUNCIONANDO;IMPRUDENCIA DEL CONDUCTOR;CONDUCCION NO ATENTO CONDICIONES TRANSITO MOMENTO;BALMACEDA;VICUNA MACKENNA;BALMACEDA - VICUNA MACKENNA;0;;;BIDIRECCIONAL;CONCRETO;BUENO;SECO;DESPEJADO;0;0;0;0
-7869740,641;-3952579,107;19036;2024;1661033;-33,430448;-70,695083;1;2024/12/19 00:00:00+00;1899/12/30 00:00:00+00;REGION METROPOLITANA;QUINTA NORMAL;COLISION POR ALCANCE;COLISION;URBANA;TRAMO DE VIA RECTA;IMPRUDENCIA DEL CONDUCTOR;CONDUCCION SIN MANTENER DISTANCIA RAZONABLE NI PRUDENTE;MAPOCHO;GRAL BRAYER;GRAL BRAYER - MAPOCHO;0;;;BIDIRECCIONAL;ASFALTO;BUENO;SECO;DESPEJADO;0;0;0;0
-7885273,606;-3976520,051;19037;2024;1661040;-33,609746;-70,834618;1;2024/12/25 00:00:00+00;1899/12/30 00:00:00+00;REGION METROPOLITANA;PENAFLOR;CHOQUE;CHOQUE;URBANA;OTROS NO CONSIDERADOS;IMPRUDENCIA DEL CONDUCTOR;CONDUCCION NO ATENTO CONDICIONES TRANSITO MOMENTO;MANUEL CASTILLO;;- MANUEL CASTILLO;1981;;;BIDIRECCIONAL;TIERRA;BUENO;;DESPEJADO;0;0;0;0
-7854474,398;-3974754,477;19038;2024;1661051;-33,596536;-70,557944;1;2024/12/27 00:00:00+00;1899/12/30 00:00:00+00;REGION METROPOLITANA;PUENTE ALTO;ATROPELLO;ATROPELLO;URBANA;TRAMO DE VIA RECTA;IMPRUDENCIA DEL CONDUCTOR;CONDUCCION NO ATENTO CONDICIONES TRANSITO MOMENTO;SAN CARLOS;MEXICO;MEXICO - SAN CARLOS;0;;;BIDIRECCIONAL;CONCRETO;BUENO;SECO;DESPEJADO;0;0;0;0
-7884617,489;-3998383,608;19039;2024;1661052;-33,773161;-70,828724;1;2024/12/25 00:00:00+00;1899/12/30 00:00:00+00;REGION METROPOLITANA;BUIN;COLISION LATERAL;COLISION;URBANA;CRUCE CON SENAL PARE;IMPRUDENCIA DEL CONDUCTOR;CONDUCCION NO ATENTO CONDICIONES TRANSITO MOMENTO;CAMINO VALDIVIA DE PAINE;LA ALBORADA;CAMINO VALDIVIA DE PAINE - LA ALBORADA;0;;;BIDIRECCIONAL;ASFALTO;BUENO;SECO;DESPEJADO;0;0;0;0
-7868556,202;-3972933,051;19040;2024;1661056;-33,582906;-70,684443;1;2024/12/23 00:00:00+00;1899/12/30 00:00:00+00;REGION METROPOLITANA;SAN BERNARDO;COLISION POR ALCANCE;COLISION;URBANA;CRUCE SIN SENALIZACION;IMPRUDENCIA DEL CONDUCTOR;CONDUCCION NO ATENTO CONDICIONES TRANSITO MOMENTO;CALDERON DE LA BARCA;PEDRO SANCHO DE LA HOZ;CALDERON DE LA BARCA - PEDRO SANCHO DE LA HOZ;0;;;BIDIRECCIONAL CON BANDEJON;ASFALTO;BUENO;SECO;DESPEJADO;0;0;0;1
-7881770,159;-3969838,891;19041;2024;1661060;-33,559747;-70,803146;1;2024/12/27 00:00:00+00;1899/12/30 00:00:00+00;REGION METROPOLITANA;PADRE HURTADO;COLISION;COLISION;URBANA;OTROS NO CONSIDERADOS;IMPRUDENCIA DEL CONDUCTOR;CONDUCCION NO ATENTO CONDICIONES TRANSITO MOMENTO;CAMINO SAN ALBERTO HURTADO;EL TREBOL;CAMINO SAN ALBERTO HURTADO - EL TREBOL;0;;;UNIDIRECCIONAL;CONCRETO;BUENO;SECO;DESPEJADO;0;0;0;0
-7874196,092;-3995095,029;19042;2024;1661061;-33,748601;-70,735107;1;2024/12/26 00:00:00+00;1899/12/30 00:00:00+00;REGION METROPOLITANA;BUIN;CHOQUE FRENTE/POSTERIOR;CHOQUE;URBANA;TRAMO DE VIA RECTA;IMPRUDENCIA DEL CONDUCTOR;CONDUCCION NO ATENTO CONDICIONES TRANSITO MOMENTO;FRANCISCO JAVIER KRUGGER;;- FRANCISCO JAVIER KRUGGER;1665;;;BIDIRECCIONAL;ASFALTO;BUENO;SECO;DESPEJADO;0;0;0;0
-7855281,464;-3948183,079;19043;2024;1661065;-33,397485;-70,565194;1;2024/12/28 00:00:00+00;1899/12/30 00:00:00+00;REGION METROPOLITANA;LAS CONDES;COLISION LATERAL;COLISION;URBANA;TRAMO DE VIA RECTA;IMPRUDENCIA DEL CONDUCTOR;CONDUCCION NO ATENTO CONDICIONES TRANSITO MOMENTO;PDTE KENNEDY;OSCAR TENHANN;OSCAR TENHANN - PDTE KENNEDY;0;;;BIDIRECCIONAL;CONCRETO;BUENO;SECO;DESPEJADO;0;0;0;1
-7864918,949;-3960835,156;19044;2024;1661066;-33,492321;-70,651769;1;2024/12/30 00:00:00+00;1899/12/30 00:00:00+00;REGION METROPOLITANA;SAN MIGUEL;CHOQUE POSTERIOR/FRENTE;CHOQUE;URBANA;TRAMO DE VIA RECTA;IMPRUDENCIA DEL CONDUCTOR;CONDUCCION NO ATENTO CONDICIONES TRANSITO MOMENTO;PDTE JORGE ALESSANDRI RODRIGUEZ;SAN NICOLAS;PDTE JORGE ALESSANDRI RODRIGUEZ - SAN NICOLAS;0;;;UNIDIRECCIONAL;ASFALTO;BUENO;SECO;DESPEJADO;0;0;0;0
-7867589,169;-3922558,643;19045;2024;1661067;-33,205095;-70,675756;1;2024/12/28 00:00:00+00;1899/12/30 00:00:00+00;REGION METROPOLITANA;COLINA;CHOQUE FRONTAL;CHOQUE;URBANA;TRAMO DE VIA RECTA;ALCOHOL EN CONDUCTOR;CONDUCCION EN ESTADO DE EBRIEDAD;LA BARCA;;- LA BARCA;42;;;BIDIRECCIONAL;ASFALTO;BUENO;SECO;DESPEJADO;0;0;0;0
-7866070,438;-3960688,192;19046;2024;1661070;-33,49122;-70,662113;1;2024/12/30 00:00:00+00;1899/12/30 00:00:00+00;REGION METROPOLITANA;SAN MIGUEL;COLISION FRONTAL;COLISION;URBANA;TRAMO DE VIA RECTA;IMPRUDENCIA DEL CONDUCTOR;CONDUCCION NO ATENTO CONDICIONES TRANSITO MOMENTO;TERESA VIAL;JOSE JOAQUIN PRIETO VIAL;JOSE JOAQUIN PRIETO VIAL - TERESA VIAL;0;;;BIDIRECCIONAL CON BANDEJON;ASFALTO;BUENO;SECO;DESPEJADO;0;0;0;0
-7879694,83;-3993331,689;19047;2024;1661072;-33,735429;-70,784503;1;2024/12/26 00:00:00+00;1899/12/30 00:00:00+00;REGION METROPOLITANA;BUIN;ATROPELLO;ATROPELLO;URBANA;TRAMO DE VIA RECTA;IMPRUDENCIA DEL CONDUCTOR;CONDUCCION NO ATENTO CONDICIONES TRANSITO MOMENTO;BELLAVISTA;;- BELLAVISTA;90;;;BIDIRECCIONAL;ASFALTO;BUENO;SECO;DESPEJADO;0;0;0;1
-7865271,609;-3962305,965;19048;2024;1661073;-33,503339;-70,654937;1;2024/12/31 00:00:00+00;1899/12/30 00:00:00+00;REGION METROPOLITANA;SAN MIGUEL;CHOQUE POSTERIOR/FRENTE;CHOQUE;URBANA;CRUCE CON SEMAFORO FUNCIONANDO;IMPRUDENCIA DEL CONDUCTOR;CONDUCCION NO ATENTO CONDICIONES TRANSITO MOMENTO;GRAN AVDA JOSE MIGUEL CARRERA;DEPARTAMENTAL;DEPARTAMENTAL - GRAN AVDA JOSE MIGUEL CARRERA;0;;;UNIDIRECCIONAL;ASFALTO;BUENO;SECO;DESPEJADO;0;0;0;0
-7867527,944;-3921408,939;19049;2024;1661076;-33,196453;-70,675206;1;2024/12/29 00:00:00+00;1899/12/30 00:00:00+00;REGION METROPOLITANA;COLINA;COLISION PERPENDICULAR;COLISION;URBANA;CRUCE SIN SENALIZACION;IMPRUDENCIA DEL CONDUCTOR;NO RESPETAR DERECHO PREFERENTE DE PASO A VEHICULO;PSJE 4;FONTT;FONTT - PSJE 4;0;;;BIDIRECCIONAL;ASFALTO;BUENO;SECO;DESPEJADO;0;0;0;2
-7854268,011;-3972767,894;19050;2024;1661078;-33,58167;-70,55609;1;2024/12/27 00:00:00+00;1899/12/30 00:00:00+00;REGION METROPOLITANA;PUENTE ALTO;CHOQUE LADO/FRENTE;CHOQUE;URBANA;TRAMO DE VIA RECTA;IMPRUDENCIA DEL CONDUCTOR;CONDUCCION NO ATENTO CONDICIONES TRANSITO MOMENTO;RAMON VENEGAS;;- RAMON VENEGAS;3004;;;BIDIRECCIONAL;CONCRETO;BUENO;SECO;DESPEJADO;0;0;0;0
-7878718,781;-3992737,499;19051;2024;1661080;-33,73099;-70,775735;1;2024/12/27 00:00:00+00;1899/12/30 00:00:00+00;REGION METROPOLITANA;BUIN;CHOQUE FRENTE/POSTERIOR;CHOQUE;URBANA;CRUCE CON SEMAFORO FUNCIONANDO;IMPRUDENCIA DEL CONDUCTOR;CONDUCCION NO ATENTO CONDICIONES TRANSITO MOMENTO;CLEMENTE DIAZ;CAMINO BUIN MAIPO;CAMINO BUIN MAIPO - CLEMENTE DIAZ;0;;;BIDIRECCIONAL;ASFALTO;BUENO;SECO;DESPEJADO;0;0;0;0
-7863589,46;-3961430,372;19052;2024;1661081;-33,49678;-70,639826;1;2024/12/31 00:00:00+00;1899/12/30 00:00:00+00;REGION METROPOLITANA;SAN MIGUEL;COLISION POR ALCANCE;COLISION;URBANA;TRAMO DE VIA RECTA;IMPRUDENCIA DEL CONDUCTOR;CONDUCCION NO ATENTO CONDICIONES TRANSITO MOMENTO;STA ROSA;MICHELSON;MICHELSON - STA ROSA;0;;;UNIDIRECCIONAL;ASFALTO;BUENO;SECO;DESPEJADO;0;0;0;0
-7889616,848;-3976213,428;19053;2024;1661086;-33,607452;-70,873634;1;2024/12/27 00:00:00+00;1899/12/30 00:00:00+00;REGION METROPOLITANA;PENAFLOR;COLISION;COLISION;URBANA;TRAMO DE VIA RECTA;IMPRUDENCIA DEL CONDUCTOR;CONDUCCION CONTRA SENTIDO DEL TRANSITO;PENAFLOR;LAUTARO;LAUTARO - PENAFLOR;0;;;UNIDIRECCIONAL;CONCRETO;BUENO;SECO;DESPEJADO;0;0;0;0
-7871967,476;-3975764,469;19054;2024;1661088;-33,604093;-70,715087;1;2024/12/28 00:00:00+00;1899/12/30 00:00:00+00;REGION METROPOLITANA;SAN BERNARDO;COLISION LATERAL;COLISION;URBANA;CRUCE CON SEMAFORO FUNCIONANDO;IMPRUDENCIA DEL CONDUCTOR;CONDUCCION NO ATENTO CONDICIONES TRANSITO MOMENTO;EUCALIPTUS;EYZAGUIRRE;EUCALIPTUS - EYZAGUIRRE;0;;;BIDIRECCIONAL;ASFALTO;BUENO;SECO;DESPEJADO;0;0;0;0
-7866358,087;-3920806,061;19055;2024;1661093;-33,191921;-70,664697;1;2024/12/29 00:00:00+00;1899/12/30 00:00:00+00;REGION METROPOLITANA;COLINA;COLISION PERPENDICULAR;COLISION;URBANA;CRUCE SIN SENALIZACION;IMPRUDENCIA DEL CONDUCTOR;NO RESPETAR DERECHO PREFERENTE DE PASO A VEHICULO;LO SECO;FREDDY MATURANA;FREDDY MATURANA - LO SECO;0;;;BIDIRECCIONAL;ASFALTO;BUENO;SECO;DESPEJADO;0;0;0;0
-7874364,853;-3992545,689;19056;2024;1661095;-33,729557;-70,736623;1;2024/12/28 00:00:00+00;1899/12/30 00:00:00+00;REGION METROPOLITANA;BUIN;CHOQUE FRENTE/POSTERIOR;CHOQUE;URBANA;CRUCE CON SENAL PARE;IMPRUDENCIA DEL CONDUCTOR;CONDUCCION NO ATENTO CONDICIONES TRANSITO MOMENTO;CAMINO PADRE HURTADO;CAMINO LOS GUINDOS;CAMINO LOS GUINDOS - CAMINO PADRE HURTADO;0;;;BIDIRECCIONAL;ASFALTO;BUENO;SECO;DESPEJADO;0;0;0;0
-7864896,907;-3919660,52;19057;2024;1661096;-33,183309;-70,651571;1;2024/12/30 00:00:00+00;1899/12/30 00:00:00+00;REGION METROPOLITANA;COLINA;ATROPELLO;ATROPELLO;RURAL;TRAMO DE VIA RECTA;IMPRUDENCIA DEL PEATON;PEATON CRUZA CAMINO O CARRETERA SIN ADOPTAR PRECAUCIONES;CALETERA GRAL SAN MARTIN;;- CALETERA GRAL SAN MARTIN;8000;;;BIDIRECCIONAL;ASFALTO;REGULAR;SECO;DESPEJADO;0;1;0;0
-7856401,004;-3976069,476;19058;2024;1661097;-33,606375;-70,575251;1;2024/12/28 00:00:00+00;1899/12/30 00:00:00+00;REGION METROPOLITANA;PUENTE ALTO;COLISION LATERAL;COLISION;URBANA;TRAMO DE VIA RECTA;IMPRUDENCIA DEL CONDUCTOR;CONDUCCION NO ATENTO CONDICIONES TRANSITO MOMENTO;BALMACEDA;;- BALMACEDA;515;;;BIDIRECCIONAL;CONCRETO;BUENO;SECO;DESPEJADO;0;0;0;0
-7876652,914;-3992999,185;19059;2024;1661099;-33,732945;-70,757177;1;2024/12/29 00:00:00+00;1899/12/30 00:00:00+00;REGION METROPOLITANA;BUIN;CHOQUE LADO/LADO;CHOQUE;URBANA;TRAMO DE VIA RECTA;IMPRUDENCIA DEL CONDUCTOR;CONDUCCION NO ATENTO CONDICIONES TRANSITO MOMENTO;BONIFACIO CASTRO;;- BONIFACIO CASTRO;289;;;BIDIRECCIONAL;ASFALTO;BUENO;SECO;DESPEJADO;0;0;0;0
-7880011,757;-3995268,673;19060;2024;1661101;-33,749898;-70,78735;1;2024/12/29 00:00:00+00;1899/12/30 00:00:00+00;REGION METROPOLITANA;BUIN;COLISION FRONTAL;COLISION;URBANA;CRUCE SIN SENALIZACION;IMPRUDENCIA DEL CONDUCTOR;CONDUCCION SIN MANTENER DISTANCIA RAZONABLE NI PRUDENTE;CAMINO VILUCO;ESTACION;CAMINO VILUCO - ESTACION;0;;;BIDIRECCIONAL;ASFALTO;BUENO;SECO;DESPEJADO;0;0;0;1
-7887454,021;-3975716,621;19061;2024;1661103;-33,603735;-70,854205;1;2024/12/27 00:00:00+00;1899/12/30 00:00:00+00;REGION METROPOLITANA;PENAFLOR;COLISION;COLISION;URBANA;TRAMO DE VIA RECTA;IMPRUDENCIA DEL CONDUCTOR;CONDUCCION CAMBIAR SORPRESIVAMENTE PISTA CIRCULACION;JOSE LUIS LIRA;MANUEL GONZALEZ;JOSE LUIS LIRA - MANUEL GONZALEZ;0;;;BIDIRECCIONAL;CONCRETO;BUENO;SECO;DESPEJADO;0;0;0;0
-7868394,121;-3991791,196;19062;2024;1661106;-33,72392;-70,682987;1;2024/12/29 00:00:00+00;1899/12/30 00:00:00+00;REGION METROPOLITANA;BUIN;CHOQUE FRENTE/POSTERIOR;CHOQUE;URBANA;TRAMO DE VIA RECTA;ALCOHOL EN CONDUCTOR;CONDUCCION EN ESTADO DE EBRIEDAD;CAMINO PADRE HURTADO;;- CAMINO PADRE HURTADO;1105;;;BIDIRECCIONAL;ASFALTO;BUENO;SECO;DESPEJADO;0;0;0;0
-7902063,814;-3985865,927;19063;2024;1661107;-33,679638;-70,985447;1;2024/12/30 00:00:00+00;1899/12/30 00:00:00+00;REGION METROPOLITANA;BUIN;COLISION FRONTAL;COLISION;URBANA;CRUCE CON SENAL CEDA EL PASO;DESOBEDIENCIA A SENALIZACION;SENALIZACION DESOBEDECER SENAL CEDA EL PASO;MANUEL RODRIGUEZ;ANIBAL PINTO;ANIBAL PINTO - MANUEL RODRIGUEZ;0;;;BIDIRECCIONAL CON BANDEJON;ASFALTO;BUENO;SECO;DESPEJADO;0;0;0;0
-7874706,826;-3993162,223;19064;2024;1661108;-33,734163;-70,739695;1;2024/12/24 00:00:00+00;1899/12/30 00:00:00+00;REGION METROPOLITANA;BUIN;COLISION LATERAL;COLISION;URBANA;TRAMO DE VIA RECTA;IMPRUDENCIA DEL CONDUCTOR;CONDUCCION CAMBIAR SORPRESIVAMENTE PISTA CIRCULACION;ARTURO PRAT;;- ARTURO PRAT;250;;;UNIDIRECCIONAL;ASFALTO;BUENO;SECO;DESPEJADO;0;0;0;0
-7874995,144;-3992631,22;19065;2024;1661109;-33,730196;-70,742285;1;2024/12/30 00:00:00+00;1899/12/30 00:00:00+00;REGION METROPOLITANA;BUIN;COLISION FRONTAL;COLISION;URBANA;CRUCE CON SENAL PARE;DESOBEDIENCIA A SENALIZACION;SENALIZACION DESOBEDECER SENAL PARE;SARGENTO ALDEA;MANUEL MONTT;MANUEL MONTT - SARGENTO ALDEA;0;;;UNIDIRECCIONAL;ASFALTO;BUENO;SECO;DESPEJADO;0;0;0;1
-7876983,866;-3993221,656;19066;2024;1661110;-33,734607;-70,76015;1;2024/12/31 00:00:00+00;1899/12/30 00:00:00+00;REGION METROPOLITANA;BUIN;VOLCADURA;VOLCADURA;URBANA;CRUCE CON SENAL PARE;IMPRUDENCIA DEL CONDUCTOR;CONDUCCION SIN MANTENER DISTANCIA RAZONABLE NI PRUDENTE;CAMINO BUIN MAIPO;ARGENTINA;ARGENTINA - CAMINO BUIN MAIPO;0;;;BIDIRECCIONAL;ASFALTO;BUENO;SECO;DESPEJADO;0;1;0;0
-7873835,64;-3993190,333;19067;2024;1661111;-33,734373;-70,731869;1;2024/12/31 00:00:00+00;1899/12/30 00:00:00+00;REGION METROPOLITANA;BUIN;COLISION LATERAL;COLISION;URBANA;CRUCE CON SEMAFORO FUNCIONANDO;IMPRUDENCIA DEL CONDUCTOR;VIRAJES INDEBIDOS;LATERAL ORIENTE;JOSE ALBERTO BRAVO;JOSE ALBERTO BRAVO - LATERAL ORIENTE;0;;;UNIDIRECCIONAL;ASFALTO;BUENO;SECO;DESPEJADO;0;0;0;0
-7891137,583;-3974954,544;19068;2024;1661112;-33,598033;-70,887295;1;2024/12/28 00:00:00+00;1899/12/30 00:00:00+00;REGION METROPOLITANA;PENAFLOR;CHOQUE;CHOQUE;URBANA;OTROS NO CONSIDERADOS;IMPRUDENCIA DEL CONDUCTOR;CONDUCCION NO ATENTO CONDICIONES TRANSITO MOMENTO;CAUPOLICAN;12 DE SEPTIEMBRE;12 DE SEPTIEMBRE - CAUPOLICAN;0;;;UNIDIRECCIONAL;CONCRETO;BUENO;SECO;DESPEJADO;0;0;0;0
-7891064,78;-3976448,407;19069;2024;1661116;-33,60921;-70,886641;1;2024/12/28 00:00:00+00;1899/12/30 00:00:00+00;REGION METROPOLITANA;PENAFLOR;CHOQUE;CHOQUE;URBANA;TRAMO DE VIA RECTA;IMPRUDENCIA DEL CONDUCTOR;CONDUCCION NO ATENTO CONDICIONES TRANSITO MOMENTO;PORVENIR;SANTA DELIA;PORVENIR - SANTA DELIA;0;;;BIDIRECCIONAL;CONCRETO;BUENO;SECO;DESPEJADO;0;0;0;0
-7852820,524;-3956500,439;19070;2024;1661123;-33,459841;-70,543087;1;2024/12/30 00:00:00+00;1899/12/30 00:00:00+00;REGION ARAUCANIA;PADRE LAS CASAS;COLISION PERPENDICULAR;COLISION;URBANA;TRAMO DE VIA RECTA;IMPRUDENCIA DEL CONDUCTOR;CONDUCCION NO ATENTO CONDICIONES TRANSITO MOMENTO;LONGITUDINAL SUR;;- LONGITUDINAL SUR;1;;;BIDIRECCIONAL;CONCRETO;BUENO;SECO;DESPEJADO;0;0;0;0
-7863575,656;-3961565,598;19071;2024;1661127;-33,497793;-70,639702;1;2024/12/26 00:00:00+00;1899/12/30 00:00:00+00;REGION METROPOLITANA;SAN MIGUEL;VOLCADURA;VOLCADURA;URBANA;TRAMO DE VIA RECTA;ALCOHOL EN CONDUCTOR;CONDUCCION BAJO LA INFLUENCIA DEL ALCOHOL;STA ROSA;CENTENARIO DE SAN MIGUEL;CENTENARIO DE SAN MIGUEL - STA ROSA;0;;;BIDIRECCIONAL CON BANDEJON;ASFALTO;BUENO;SECO;DESPEJADO;1;0;0;1
-7868195,749;-3978089,246;19072;2024;1661128;-33,621485;-70,681205;1;2024/12/31 00:00:00+00;1899/12/30 00:00:00+00;REGION METROPOLITANA;SAN BERNARDO;COLISION LATERAL;COLISION;URBANA;CRUCE CON SENAL PARE;IMPRUDENCIA DEL CONDUCTOR;CONDUCCION SIN MANTENER DISTANCIA RAZONABLE NI PRUDENTE;LOS CANELOS;PADRE HURTADO;LOS CANELOS - PADRE HURTADO;0;;;BIDIRECCIONAL;ASFALTO;BUENO;SECO;DESPEJADO;0;0;0;0
-7854837,41;-3979344,863;19073;2024;1661129;-33,630877;-70,561205;1;2024/12/03 00:00:00+00;1899/12/30 00:00:00+00;REGION METROPOLITANA;PIRQUE;VOLCADURA;VOLCADURA;URBANA;TRAMO DE VIA RECTA;ALCOHOL EN CONDUCTOR;CONDUCCION EN ESTADO DE EBRIEDAD;RAMON SUBERCASEAUX;;- RAMON SUBERCASEAUX;1200;;;BIDIRECCIONAL;ASFALTO;BUENO;SECO;DESPEJADO;0;0;0;1
-7864602,022;-3954793,957;19074;2024;1661134;-33,447051;-70,648922;1;2024/12/20 00:00:00+00;1899/12/30 00:00:00+00;REGION METROPOLITANA;SANTIAGO;ATROPELLO;ATROPELLO;URBANA;CRUCE CON SEMAFORO FUNCIONANDO;IMPRUDENCIA DEL CONDUCTOR;NO RESPETAR DERECHO PREFERENTE DE PASO A PEATON;TARAPACA;SERRANO;SERRANO - TARAPACA;0;;;UNIDIRECCIONAL;ASFALTO;BUENO;SECO;DESPEJADO;0;0;0;1
-7857185,584;-3985941,108;19075;2024;1661138;-33,6802;-70,582299;1;2024/12/07 00:00:00+00;1899/12/30 00:00:00+00;REGION METROPOLITANA;PIRQUE;ATROPELLO;ATROPELLO;RURAL;PASO PARA PEATONES;IMPRUDENCIA DEL CONDUCTOR;NO RESPETAR DERECHO PREFERENTE DE PASO A PEATON;CAMINO CEMENTERIO;ALCALDE HERNAN PRIETO;ALCALDE HERNAN PRIETO - CAMINO CEMENTERIO;0;;;BIDIRECCIONAL;ASFALTO;BUENO;SECO;DESPEJADO;0;1;0;0