ï»¿X;Y;FID;AÃ±o;IdAccident;Latitud;longitud;ClaseAccid;Fecha;Hora;RegiÃ³n;Comuna;Tipo_Accid;Tipo__CONA;Zona;UbicaciÃ³n;Causa__CON;Causa_Acci;Calle_Uno;Calle_Dos;Intersecci;NÃºmero;Ruta;Ubicaci_1;Calzada;Tipo_Calza;Estado_Cal;CondiciÃ³n;Estado_Atm;Fallecidos;Graves;Menos_Grav;Leves
-7861762,373;-3952969,406;19126;2024;1661441;-33,433374;-70,623413;1;2024/12/28 00:00:00+00;1899/12/30 00:00:00+00;REGION METROPOLITANA;PROVIDENCIA;COLISION LATERAL;COLISION;URBANA;CRUCE CON SEMAFORO FUNCIONANDO;IMPRUDENCIA DEL CONDUCTOR;CONDUCCION NO ATENTO CONDICIONES TRANSITO MOMENTO;ELIODORO YANEZ;JOSE MANUEL INFANTE;ELIODORO YANEZ - JOSE MANUEL INFANTE;0;;;UNIDIRECCIONAL;ASFALTO;BUENO;SECO;DESPEJADO;0;0;0;0
-7871613,035;-3970837,632;19127;2024;1661449;-33,567223;-70,711903;1;2024/12/19 00:00:00+00;1899/12/30 00:00:00+00;REGION METROPOLITANA;SAN BERNARDO;COLISION LATERAL;COLISION;URBANA;CRUCE CON SEMAFORO FUNCIONANDO;IMPRUDENCIA DEL CONDUCTOR;CONDUCCION CAMBIAR SORPRESIVAMENTE PISTA CIRCULACION;PDTE JORGE ALESSANDRI RODRIGUEZ;CAMINO LA VARA;CAMINO LA VARA - PDTE JORGE ALESSANDRI RODRIGUEZ;0;;;UNIDIRECCIONAL;ASFALTO;BUENO;SECO;DESPEJADO;0;0;0;0
-7870047,883;-3977093,887;19128;2024;1661460;-33,614039;-70,697843;1;2024/12/19 00:00:00+00;1899/12/30 00:00:00+00;REGION METROPOLITANA;SAN BERNARDO;CHOQUE FRENTE/FRENTE;CHOQUE;URBANA;TRAMO DE VIA RECTA;IMPRUDENCIA DEL CONDUCTOR;CONDUCCION NO ATENTO CONDICIONES TRANSITO MOMENTO;FERNANDO MARQUEZ DE LA PLATA;;- FERNANDO MARQUEZ DE LA PLATA;5;;;UNIDIRECCIONAL;ASFALTO;REGULAR;SECO;DESPEJADO;0;0;0;0
-7875049,022;-4003502,733;19129;2024;1661471;-33,811378;-70,742769;1;2024/12/31 00:00:00+00;1899/12/30 00:00:00+00;REGION METROPOLITANA;PAINE;COLISION POR ALCANCE;COLISION;URBANA;TRAMO DE VIA RECTA;IMPRUDENCIA DEL CONDUCTOR;CONDUCCION NO ATENTO CONDICIONES TRANSITO MOMENTO;GENERAL BAQUEDANO;LA PRINCIPAL;GENERAL BAQUEDANO - LA PRINCIPAL;0;;;BIDIRECCIONAL;ASFALTO;BUENO;SECO;DESPEJADO;0;0;1;1
-7866155,374;-3951402,553;19130;2024;1661480;-33,421627;-70,662876;1;2024/12/05 00:00:00+00;1899/12/30 00:00:00+00;REGION METROPOLITANA;INDEPENDENCIA;COLISION POR ALCANCE;COLISION;URBANA;CRUCE CON SEMAFORO FUNCIONANDO;IMPRUDENCIA DEL CONDUCTOR;CONDUCCION SIN MANTENER DISTANCIA RAZONABLE NI PRUDENTE;FERMIN VIVACETA;GAMERO;FERMIN VIVACETA - GAMERO;0;;;BIDIRECCIONAL;ASFALTO;BUENO;SECO;DESPEJADO;0;0;0;0
-7857854,725;-3972871,585;19131;2024;1661494;-33,582446;-70,58831;1;2024/12/30 00:00:00+00;1899/12/30 00:00:00+00;REGION METROPOLITANA;PUENTE ALTO;CHOQUE FRENTE/POSTERIOR;CHOQUE;URBANA;TRAMO DE VIA RECTA;IMPRUDENCIA DEL CONDUCTOR;CONDUCCION NO ATENTO CONDICIONES TRANSITO MOMENTO;MIGUEL ANGEL;;- MIGUEL ANGEL;668;;;BIDIRECCIONAL;CONCRETO;BUENO;SECO;DESPEJADO;0;0;0;0
-7862899,613;-3949347,038;19132;2024;1661496;-33,406214;-70,633629;1;2024/12/09 00:00:00+00;1899/12/30 00:00:00+00;REGION METROPOLITANA;RECOLETA;VOLCADURA;VOLCADURA;URBANA;CRUCE CON SEMAFORO FUNCIONANDO;VELOCIDAD IMPRUDENTE;VELOCIDAD NO RAZONABLE NI PRUDENTE;STA MONICA;EL SALTO;EL SALTO - STA MONICA;0;;;UNIDIRECCIONAL;CONCRETO;BUENO;SECO;DESPEJADO;0;0;0;1
-7857029,402;-3951979,544;19133;2024;1661499;-33,425953;-70,580896;1;2024/12/27 00:00:00+00;1899/12/30 00:00:00+00;REGION METROPOLITANA;LAS CONDES;CHOQUE POSTERIOR;CHOQUE;URBANA;TRAMO DE VIA RECTA;IMPRUDENCIA DEL CONDUCTOR;CONDUCCION SIN MANTENER DISTANCIA RAZONABLE NI PRUDENTE;VATICANO;FLANDES;FLANDES - VATICANO;0;;;UNIDIRECCIONAL;CONCRETO;BUENO;SECO;DESPEJADO;0;0;0;0
-7866246,929;-3950890,422;19134;2024;1661500;-33,417787;-70,663698;1;2024/12/09 00:00:00+00;1899/12/30 00:00:00+00;REGION METROPOLITANA;INDEPENDENCIA;CAIDA;CAIDA;URBANA;TRAMO DE VIA RECTA;IMPRUDENCIA DEL PASAJERO;IMPRUDENCIA DEL PASAJERO;FERMIN VIVACETA;BEZANILLA;BEZANILLA - FERMIN VIVACETA;0;;;BIDIRECCIONAL;ASFALTO;BUENO;SECO;DESPEJADO;0;0;0;1
-7854112,387;-3971292,278;19135;2024;1661501;-33,570626;-70,554692;1;2024/12/30 00:00:00+00;1899/12/30 00:00:00+00;REGION METROPOLITANA;PUENTE ALTO;CHOQUE FRONTAL;CHOQUE;URBANA;TRAMO DE VIA RECTA;IMPRUDENCIA DEL CONDUCTOR;CONDUCCION NO ATENTO CONDICIONES TRANSITO MOMENTO;CAMILO HENRIQUEZ;EL PERAL;CAMILO HENRIQUEZ - EL PERAL;0;;;BIDIRECCIONAL;CONCRETO;BUENO;SECO;DESPEJADO;0;0;0;0
-7870272,637;-3944242,968;19136;2024;1661506;-33,36793;-70,699862;1;2024/12/10 00:00:00+00;1899/12/30 00:00:00+00;REGION METROPOLITANA;QUILICURA;COLISION PERPENDICULAR;COLISION;URBANA;CRUCE CON SENAL PARE;IMPRUDENCIA DEL CONDUCTOR;CONDUCCION NO ATENTO CONDICIONES TRANSITO MOMENTO;PDTE EDUARDO FREI MONTALVA;AMERICO VESPUCIO;AMERICO VESPUCIO - PDTE EDUARDO FREI MONTALVA;0;;;UNIDIRECCIONAL;CONCRETO;BUENO;SECO;DESPEJADO;0;0;0;0
-7855935,243;-3955949,641;19137;2024;1661515;-33,455713;-70,571067;1;2024/12/20 00:00:00+00;1899/12/30 00:00:00+00;REGION METROPOLITANA;LA REINA;COLISION LATERAL;COLISION;URBANA;TRAMO DE VIA RECTA;IMPRUDENCIA DEL CONDUCTOR;CONDUCCION NO ATENTO CONDICIONES TRANSITO MOMENTO;EGANA;;- EGANA;210;;;BIDIRECCIONAL;CONCRETO;BUENO;SECO;DESPEJADO;0;0;0;0
-7867145,672;-3952293,661;19138;2024;1661516;-33,428308;-70,671772;1;2024/12/10 00:00:00+00;1899/12/30 00:00:00+00;REGION METROPOLITANA;SANTIAGO;COLISION PERPENDICULAR;COLISION;URBANA;CRUCE CON SEMAFORO FUNCIONANDO;DESOBEDIENCIA A SENALIZACION;SENALIZACION DESOBEDECER LUZ ROJA DE SEMAFORO;GRAL BULNES;PDTE BALMACEDA;GRAL BULNES - PDTE BALMACEDA;0;;;UNIDIRECCIONAL;CONCRETO;BUENO;SECO;DESPEJADO;0;0;0;0
-7855224,58;-3972025,653;19139;2024;1661522;-33,576115;-70,564683;1;2024/12/20 00:00:00+00;1899/12/30 00:00:00+00;REGION METROPOLITANA;PUENTE ALTO;COLISION LATERAL;COLISION;URBANA;TRAMO DE VIA RECTA;IMPRUDENCIA DEL CONDUCTOR;CONDUCCION NO ATENTO CONDICIONES TRANSITO MOMENTO;GABRIELA ORIENTE;MEXICO;GABRIELA ORIENTE - MEXICO;0;;;BIDIRECCIONAL;CONCRETO;BUENO;SECO;DESPEJADO;0;0;0;0
-7868118,827;-3952918,05;19140;2024;1661525;-33,432989;-70,680514;1;2024/12/10 00:00:00+00;1899/12/30 00:00:00+00;REGION METROPOLITANA;SANTIAGO;COLISION PERPENDICULAR;COLISION;URBANA;CRUCE CON SEMAFORO FUNCIONANDO;DESOBEDIENCIA A SENALIZACION;SENALIZACION DESOBEDECER LUZ ROJA DE SEMAFORO;MAPOCHO;MATUCANA;MAPOCHO - MATUCANA;0;;;BIDIRECCIONAL;CONCRETO;BUENO;SECO;DESPEJADO;0;0;0;1
-7871304,569;-3975820,471;19141;2024;1661527;-33,604512;-70,709132;1;2024/12/31 00:00:00+00;1899/12/30 00:00:00+00;REGION METROPOLITANA;SAN BERNARDO;COLISION LATERAL;COLISION;URBANA;CRUCE CON SENAL PARE;DESOBEDIENCIA A SENALIZACION;SENALIZACION DESOBEDECER SENAL PARE;ALFONSO DONOSO;GERARDO BESOAIN;ALFONSO DONOSO - GERARDO BESOAIN;0;;;UNIDIRECCIONAL;ASFALTO;BUENO;SECO;DESPEJADO;0;0;0;0
-7860340,155;-3973265,777;19142;2024;1661536;-33,585396;-70,610637;1;2024/12/31 00:00:00+00;1899/12/30 00:00:00+00;REGION METROPOLITANA;PUENTE ALTO;COLISION LATERAL;COLISION;URBANA;TRAMO DE VIA RECTA;IMPRUDENCIA DEL CONDUCTOR;CONDUCCION NO ATENTO CONDICIONES TRANSITO MOMENTO;LA SERENA;MIGUEL ANGEL;LA SERENA - MIGUEL ANGEL;0;;;BIDIRECCIONAL;CONCRETO;BUENO;SECO;DESPEJADO;0;1;1;0
-7866665,329;-3950708,361;19143;2024;1661540;-33,416422;-70,667457;1;2024/12/20 00:00:00+00;1899/12/30 00:00:00+00;REGION METROPOLITANA;INDEPENDENCIA;COLISION LATERAL;COLISION;URBANA;TRAMO DE VIA RECTA;VELOCIDAD IMPRUDENTE;VELOCIDAD NO RAZONABLE NI PRUDENTE;AMUNATEGUI;;- AMUNATEGUI;1239;;;BIDIRECCIONAL;CONCRETO;BUENO;SECO;DESPEJADO;0;0;0;0
-7865246,289;-3951897,555;19144;2024;1661560;-33,425338;-70,65471;1;2024/12/21 00:00:00+00;1899/12/30 00:00:00+00;REGION METROPOLITANA;INDEPENDENCIA;COLISION LATERAL;COLISION;URBANA;CRUCE CON SEMAFORO FUNCIONANDO;IMPRUDENCIA DEL CONDUCTOR;ADELANTAMIENTO SIN EL ESPACIO O TIEMPO SUFICIENTE;INDEPENDENCIA;RIVERA;INDEPENDENCIA - RIVERA;0;;;BIDIRECCIONAL CON BANDEJON;CONCRETO;BUENO;SECO;DESPEJADO;0;0;0;0
-7866249,551;-3951011,906;19145;2024;1661565;-33,418698;-70,663722;1;2024/12/21 00:00:00+00;1899/12/30 00:00:00+00;REGION METROPOLITANA;INDEPENDENCIA;CAIDA;CAIDA;URBANA;TRAMO DE VIA RECTA;IMPRUDENCIA DEL PASAJERO;IMPRUDENCIA DEL PASAJERO;FERMIN VIVACETA;;- FERMIN VIVACETA;1030;;;BIDIRECCIONAL;ASFALTO;BUENO;SECO;DESPEJADO;0;0;0;1
-7865436,464;-3950869,292;19146;2024;1661566;-33,417629;-70,656418;1;2024/12/22 00:00:00+00;1899/12/30 00:00:00+00;REGION METROPOLITANA;INDEPENDENCIA;COLISION LATERAL;COLISION;URBANA;CRUCE CON SEMAFORO FUNCIONANDO;IMPRUDENCIA DEL CONDUCTOR;ADELANTAMIENTO SIN EL ESPACIO O TIEMPO SUFICIENTE;INDEPENDENCIA;BEZANILLA;BEZANILLA - INDEPENDENCIA;0;;;BIDIRECCIONAL CON BANDEJON;CONCRETO;BUENO;SECO;DESPEJADO;0;0;0;0
-7863543,485;-3954932,574;19147;2024;1661570;-33,44809;-70,639413;1;2024/12/20 00:00:00+00;1899/12/30 00:00:00+00;REGION METROPOLITANA;SANTIAGO;COLISION LATERAL;COLISION;URBANA;TRAMO DE VIA RECTA;IMPRUDENCIA DEL CONDUCTOR;ADELANTAMIENTO SIN EL ESPACIO O TIEMPO SUFICIENTE;STA VICTORIA;LIRA;LIRA - STA VICTORIA;0;;;UNIDIRECCIONAL;ASFALTO;BUENO;SECO;DESPEJADO;0;0;0;1
-7870842,259;-3957117,717;19148;2024;1661571;-33,464467;-70,704979;1;2024/12/01 00:00:00+00;1899/12/30 00:00:00+00;REGION METROPOLITANA;ESTACION CENTRAL;COLISION;COLISION;URBANA;CRUCE CON SEMAFORO FUNCIONANDO;ALCOHOL EN CONDUCTOR;CONDUCCION BAJO LA INFLUENCIA DEL ALCOHOL;ECUADOR;NICASIO RETAMALES;ECUADOR - NICASIO RETAMALES;0;;;UNIDIRECCIONAL;CONCRETO;BUENO;SECO;DESPEJADO;0;0;0;0
-7871285,867;-3975003,993;19149;2024;1661573;-33,598403;-70,708964;1;2024/11/16 00:00:00+00;1899/12/30 00:00:00+00;REGION METROPOLITANA;SAN BERNARDO;CHOQUE LATERAL;CHOQUE;URBANA;CRUCE CON SEMAFORO FUNCIONANDO;IMPRUDENCIA DEL CONDUCTOR;CONDUCCION SIN MANTENER DISTANCIA RAZONABLE NI PRUDENTE;SAN ALFONSO;EYZAGUIRRE;EYZAGUIRRE - SAN ALFONSO;0;;;UNIDIRECCIONAL;ASFALTO;BUENO;SECO;DESPEJADO;0;0;0;0
-7857833,352;-3975452,254;19150;2024;1661576;-33,601757;-70,588118;1;2024/12/22 00:00:00+00;1899/12/30 00:00:00+00;REGION METROPOLITANA;PUENTE ALTO;COLISION POR ALCANCE;COLISION;URBANA;TRAMO DE VIA RECTA;IMPRUDENCIA DEL CONDUCTOR;CONDUCCION SIN MANTENER DISTANCIA RAZONABLE NI PRUDENTE;JUAN DE DIOS MALEBRAN;INDEPENDENCIA;INDEPENDENCIA - JUAN DE DIOS MALEBRAN;0;;;UNIDIRECCIONAL;CONCRETO;BUENO;SECO;DESPEJADO;0;0;1;0
-7870856,285;-3956807,873;19151;2024;1661577;-33,462145;-70,705105;1;2024/12/02 00:00:00+00;1899/12/30 00:00:00+00;REGION METROPOLITANA;ESTACION CENTRAL;COLISION;COLISION;URBANA;TRAMO DE VIA RECTA;IMPRUDENCIA DEL CONDUCTOR;CONDUCCION NO ATENTO CONDICIONES TRANSITO MOMENTO;LOS GLADIOLOS;LAS REJAS SUR;LAS REJAS SUR - LOS GLADIOLOS;0;;;BIDIRECCIONAL;CONCRETO;BUENO;SECO;DESPEJADO;0;0;0;0
-7863883,677;-3952980,745;19152;2024;1661584;-33,433459;-70,642469;1;2024/12/22 00:00:00+00;1899/12/30 00:00:00+00;REGION METROPOLITANA;RECOLETA;COLISION LATERAL;COLISION;URBANA;CRUCE CON SEMAFORO FUNCIONANDO;IMPRUDENCIA DEL CONDUCTOR;VIRAJES INDEBIDOS;LORETO;BELLAVISTA;BELLAVISTA - LORETO;0;;;UNIDIRECCIONAL;ASFALTO;BUENO;SECO;DESPEJADO;0;0;0;1
-7864765,729;-3952978,765;19153;2024;1661588;-33,433444;-70,650393;1;2024/12/23 00:00:00+00;1899/12/30 00:00:00+00;REGION METROPOLITANA;SANTIAGO;COLISION LATERAL;COLISION;URBANA;TRAMO DE VIA RECTA;IMPRUDENCIA DEL CONDUCTOR;ADELANTAMIENTO SIN EL ESPACIO O TIEMPO SUFICIENTE;ISMAEL VALDES VERGARA;21 DE MAYO;21 DE MAYO - ISMAEL VALDES VERGARA;0;;;UNIDIRECCIONAL;CONCRETO;BUENO;SECO;DESPEJADO;0;0;0;0
-7869420,709;-3955729,756;19154;2024;1661590;-33,454065;-70,692209;1;2024/12/02 00:00:00+00;1899/12/30 00:00:00+00;REGION METROPOLITANA;ESTACION CENTRAL;CHOQUE LADO/POSTERIOR;CHOQUE;URBANA;TRAMO DE VIA RECTA;DESOBEDIENCIA A SENALIZACION;SENALIZACION DESOBEDECER LUZ ROJA DE SEMAFORO;TORO MAZOTTE;LIBER BERNARDO O'HIGGINS;LIBER BERNARDO O'HIGGINS - TORO MAZOTTE;0;;;UNIDIRECCIONAL;CONCRETO;BUENO;SECO;DESPEJADO;0;0;0;0
-7866662,101;-3948594,565;19155;2024;1661595;-33,400571;-70,667428;1;2024/12/23 00:00:00+00;1899/12/30 00:00:00+00;REGION METROPOLITANA;INDEPENDENCIA;COLISION LATERAL;COLISION;URBANA;TRAMO DE VIA RECTA;IMPRUDENCIA DEL CONDUCTOR;CONDUCCION NO ATENTO CONDICIONES TRANSITO MOMENTO;DAVID ARELLANO;;- DAVID ARELLANO;1855;;;UNIDIRECCIONAL;CONCRETO;BUENO;SECO;DESPEJADO;0;0;0;0
-7864428,03;-3953290,086;19156;2024;1661604;-33,435778;-70,647359;1;2024/12/25 00:00:00+00;1899/12/30 00:00:00+00;REGION METROPOLITANA;SANTIAGO;CAIDA;CAIDA;URBANA;CRUCE CON SEMAFORO FUNCIONANDO;IMPRUDENCIA DEL PASAJERO;IMPRUDENCIA DEL PASAJERO;STO DOMINGO;MAC IVER;MAC IVER - STO DOMINGO;0;;;UNIDIRECCIONAL;CONCRETO;BUENO;SECO;DESPEJADO;0;0;0;1
-7866053,613;-3951741,378;19157;2024;1661607;-33,424167;-70,661962;1;2024/12/24 00:00:00+00;1899/12/30 00:00:00+00;REGION METROPOLITANA;INDEPENDENCIA;COLISION POR ALCANCE;COLISION;URBANA;CRUCE SIN SENALIZACION;OTRAS CAUSAS;HECHO DELICTUAL;FERMIN VIVACETA;RETIRO;FERMIN VIVACETA - RETIRO;0;;;BIDIRECCIONAL;ASFALTO;BUENO;SECO;DESPEJADO;0;0;0;0
-7871231,209;-3956267,868;19158;2024;1661618;-33,458098;-70,708473;1;2024/12/03 00:00:00+00;1899/12/30 00:00:00+00;REGION METROPOLITANA;ESTACION CENTRAL;CHOQUE POSTERIOR;CHOQUE;URBANA;TRAMO DE VIA RECTA;IMPRUDENCIA DEL CONDUCTOR;ADELANTAMIENTO SIN EL ESPACIO O TIEMPO SUFICIENTE;LIBER BERNARDO O'HIGGINS;;- LIBER BERNARDO O'HIGGINS;1638;;;BIDIRECCIONAL;CONCRETO;REGULAR;SECO;DESPEJADO;0;0;0;0
-7865772,435;-3945714,071;19159;2024;1661619;-33,378966;-70,659436;1;2024/12/22 00:00:00+00;1899/12/30 00:00:00+00;REGION METROPOLITANA;CONCHALI;COLISION;COLISION;URBANA;TRAMO DE VIA RECTA;IMPRUDENCIA DEL CONDUCTOR;CONDUCCION SIN MANTENER DISTANCIA RAZONABLE NI PRUDENTE;CAUQUENES;TALCA;CAUQUENES - TALCA;0;;;BIDIRECCIONAL;ASFALTO;BUENO;SECO;DESPEJADO;0;0;0;0
-7869905,283;-3955137,768;19160;2024;1661622;-33,449628;-70,696562;1;2024/12/04 00:00:00+00;1899/12/30 00:00:00+00;REGION METROPOLITANA;ESTACION CENTRAL;COLISION LATERAL;COLISION;URBANA;TRAMO DE VIA RECTA;IMPRUDENCIA DEL CONDUCTOR;CONDUCCION NO ATENTO CONDICIONES TRANSITO MOMENTO;CONSTANTINO;;- CONSTANTINO;224;;;UNIDIRECCIONAL;CONCRETO;REGULAR;SECO;DESPEJADO;0;0;0;0
-7870490,044;-3956064,121;19161;2024;1661625;-33,456571;-70,701815;1;2024/12/06 00:00:00+00;1899/12/30 00:00:00+00;REGION METROPOLITANA;ESTACION CENTRAL;COLISION LATERAL;COLISION;URBANA;TRAMO DE VIA RECTA;IMPRUDENCIA DEL CONDUCTOR;CONDUCCION NO ATENTO CONDICIONES TRANSITO MOMENTO;LIBER BERNARDO O'HIGGINS;;- LIBER BERNARDO O'HIGGINS;4850;;;UNIDIRECCIONAL;CONCRETO;REGULAR;SECO;DESPEJADO;0;0;0;0
-7873903,99;-3943621,978;19162;2024;1661632;-33,363271;-70,732483;1;2024/12/20 00:00:00+00;1899/12/30 00:00:00+00;REGION METROPOLITANA;QUILICURA;CHOQUE;CHOQUE;URBANA;TRAMO DE VIA RECTA;IMPRUDENCIA DEL CONDUCTOR;CONDUCCION NO ATENTO CONDICIONES TRANSITO MOMENTO;PIRE;DE LAS CEPAS;DE LAS CEPAS - PIRE;0;;;UNIDIRECCIONAL;ASFALTO;REGULAR;SECO;DESPEJADO;0;0;0;1
-7868801,216;-3955649,301;19163;2024;1661633;-33,453462;-70,686644;1;2024/12/08 00:00:00+00;1899/12/30 00:00:00+00;REGION METROPOLITANA;ESTACION CENTRAL;CHOQUE POSTERIOR;CHOQUE;URBANA;TRAMO DE VIA RECTA;IMPRUDENCIA DEL CONDUCTOR;CONDUCCION NO ATENTO CONDICIONES TRANSITO MOMENTO;LIBER BERNARDO O'HIGGINS;;- LIBER BERNARDO O'HIGGINS;3750;;;UNIDIRECCIONAL;CONCRETO;BUENO;SECO;DESPEJADO;0;0;0;0
-7870490,044;-3956064,121;19164;2024;1661635;-33,456571;-70,701815;1;2024/12/10 00:00:00+00;1899/12/30 00:00:00+00;REGION METROPOLITANA;ESTACION CENTRAL;COLISION POR ALCANCE;COLISION;URBANA;TRAMO DE VIA RECTA;IMPRUDENCIA DEL CONDUCTOR;ADELANTAMIENTO SIN EL ESPACIO O TIEMPO SUFICIENTE;LIBER BERNARDO O'HIGGINS;;- LIBER BERNARDO O'HIGGINS;4850;;;UNIDIRECCIONAL;CONCRETO;BUENO;SECO;DESPEJADO;0;0;0;0
-7869150,203;-3956012,485;19165;2024;1661641;-33,456184;-70,689779;1;2024/12/16 00:00:00+00;1899/12/30 00:00:00+00;REGION METROPOLITANA;ESTACION CENTRAL;COLISION POR ALCANCE;COLISION;URBANA;TRAMO DE VIA RECTA;IMPRUDENCIA DEL CONDUCTOR;ADELANTAMIENTO SIN EL ESPACIO O TIEMPO SUFICIENTE;PADRE ALBERTO HURTADO;CRNEL SOUPER;CRNEL SOUPER - PADRE ALBERTO HURTADO;0;;;UNIDIRECCIONAL;CONCRETO;BUENO;SECO;DESPEJADO;0;0;0;0
-7866561,69;-3944914,379;19166;2024;1661644;-33,372967;-70,666526;1;2024/12/29 00:00:00+00;1899/12/30 00:00:00+00;REGION METROPOLITANA;RENCA;COLISION;COLISION;URBANA;TRAMO DE VIA RECTA;IMPRUDENCIA DEL CONDUCTOR;CONDUCCION CONTRA SENTIDO DEL TRANSITO;AMERICO VESPUCIO;;- AMERICO VESPUCIO;19200;;;UNIDIRECCIONAL;ADOQUIN;BUENO;SECO;DESPEJADO;1;0;0;0
-7867834,295;-3944666,977;19167;2024;1661645;-33,371111;-70,677958;1;2024/12/20 00:00:00+00;1899/12/30 00:00:00+00;REGION METROPOLITANA;CONCHALI;CHOQUE LADO/LADO;CHOQUE;URBANA;TRAMO DE VIA RECTA;IMPRUDENCIA DEL CONDUCTOR;CONDUCCION NO ATENTO CONDICIONES TRANSITO MOMENTO;SACRAMENTO;;- SACRAMENTO;5870;;;UNIDIRECCIONAL;ASFALTO;BUENO;SECO;DESPEJADO;0;0;0;0
-7865910,471;-3951084,326;19168;2024;1661653;-33,419241;-70,660676;1;2024/12/24 00:00:00+00;1899/12/30 00:00:00+00;REGION METROPOLITANA;INDEPENDENCIA;COLISION LATERAL;COLISION;URBANA;CRUCE CON SENAL PARE;IMPRUDENCIA DEL CONDUCTOR;CONDUCCION NO ATENTO CONDICIONES TRANSITO MOMENTO;ESCANILLA;ESCANILLA;ESCANILLA - ESCANILLA;0;;;UNIDIRECCIONAL;CONCRETO;BUENO;SECO;DESPEJADO;0;0;0;0
-7868494,197;-3953350,381;19169;2024;1661688;-33,43623;-70,683886;1;2024/12/25 00:00:00+00;1899/12/30 00:00:00+00;REGION METROPOLITANA;QUINTA NORMAL;COLISION POR ALCANCE;COLISION;URBANA;TRAMO DE VIA RECTA;IMPRUDENCIA DEL CONDUCTOR;CONDUCCION SIN MANTENER DISTANCIA RAZONABLE NI PRUDENTE;SAN PABLO;;- SAN PABLO;3601;;;BIDIRECCIONAL;ASFALTO;BUENO;SECO;DESPEJADO;0;0;0;0
-7860412,179;-3954711,774;19170;2024;1661697;-33,446435;-70,611284;1;2024/12/26 00:00:00+00;1899/12/30 00:00:00+00;REGION METROPOLITANA;NUNOA;COLISION POR ALCANCE;COLISION;URBANA;CRUCE CON SEMAFORO FUNCIONANDO;IMPRUDENCIA DEL CONDUCTOR;CONDUCCION NO ATENTO CONDICIONES TRANSITO MOMENTO;ANTONIO VARAS;DIAG ORIENTE;ANTONIO VARAS - DIAG ORIENTE;0;;;UNIDIRECCIONAL;ASFALTO;BUENO;SECO;DESPEJADO;0;0;0;0
-7866831,863;-3946136,134;19171;2024;1661703;-33,382132;-70,668953;1;2024/12/18 00:00:00+00;1899/12/30 00:00:00+00;REGION METROPOLITANA;CONCHALI;CHOQUE;CHOQUE;URBANA;TRAMO DE VIA CURVA HORIZONTAL;IMPRUDENCIA DEL CONDUCTOR;CONDUCCION NO ATENTO CONDICIONES TRANSITO MOMENTO;AMERICO VESPUCIO;GASCUNA;AMERICO VESPUCIO - GASCUNA;0;;;BIDIRECCIONAL;ASFALTO;BUENO;SECO;DESPEJADO;0;0;0;0
-7874540,515;-3944699,235;19172;2024;1661716;-33,371353;-70,738201;1;2024/12/18 00:00:00+00;1899/12/30 00:00:00+00;REGION METROPOLITANA;QUILICURA;CHOQUE;CHOQUE;URBANA;TRAMO DE VIA RECTA;IMPRUDENCIA DEL CONDUCTOR;CONDUCCION NO ATENTO CONDICIONES TRANSITO MOMENTO;GRAL SAN MARTIN;AMERICO VESPUCIO;AMERICO VESPUCIO - GRAL SAN MARTIN;0;;;BIDIRECCIONAL;ASFALTO;BUENO;SECO;DESPEJADO;0;0;0;0
-7872458,729;-3952212,563;19173;2024;1661719;-33,4277;-70,7195;1;2024/12/31 00:00:00+00;1899/12/30 00:00:00+00;REGION METROPOLITANA;QUINTA NORMAL;COLISION LATERAL;COLISION;URBANA;TRAMO DE VIA RECTA;IMPRUDENCIA DEL CONDUCTOR;ADELANTAMIENTO SIN EL ESPACIO O TIEMPO SUFICIENTE;PADRE LORENZO EITING;NEPTUNO;NEPTUNO - PADRE LORENZO EITING;0;;;UNIDIRECCIONAL;CONCRETO;BUENO;SECO;DESPEJADO;0;0;0;1
-7855924,334;-3945077,672;19174;2024;1661731;-33,374192;-70,570969;1;2024/12/30 00:00:00+00;1899/12/30 00:00:00+00;REGION METROPOLITANA;VITACURA;ATROPELLO;ATROPELLO;URBANA;TRAMO DE VIA RECTA;IMPRUDENCIA DEL PEATON;PEATON CRUZA CALZADA FUERA PASO PEATONES;LUIS PASTEUR;LO RECABARREN;LO RECABARREN - LUIS PASTEUR;0;;;BIDIRECCIONAL;ASFALTO;BUENO;SECO;DESPEJADO;0;0;0;1
-7859174,64;-3949556,534;19175;2024;1661733;-33,407785;-70,600167;1;2024/12/30 00:00:00+00;1899/12/30 00:00:00+00;REGION METROPOLITANA;VITACURA;COLISION POR ALCANCE;COLISION;URBANA;TRAMO DE VIA RECTA;IMPRUDENCIA DEL CONDUCTOR;CONDUCCION NO ATENTO CONDICIONES TRANSITO MOMENTO;PDTE KENNEDY;VITACURA;PDTE KENNEDY - VITACURA;0;;;UNIDIRECCIONAL;ASFALTO;BUENO;SECO;DESPEJADO;0;0;0;0
-7876265,856;-3957243,151;19176;2024;1661766;-33,465407;-70,7537;1;2024/12/27 00:00:00+00;1899/12/30 00:00:00+00;REGION METROPOLITANA;PUDAHUEL;COLISION POR ALCANCE;COLISION;URBANA;TRAMO DE VIA RECTA;IMPRUDENCIA DEL CONDUCTOR;ADELANTAMIENTO SIN EL ESPACIO O TIEMPO SUFICIENTE;LOS MARES;LA ESTRELLA;LA ESTRELLA - LOS MARES;0;;;BIDIRECCIONAL CON BANDEJON;ASFALTO;BUENO;SECO;DESPEJADO;0;0;0;0