ï»¿X;Y;FID;AÃ±o;IdAccident;Latitud;longitud;ClaseAccid;Fecha;Hora;RegiÃ³n;Comuna;Tipo_Accid;Tipo__CONA;Zona;UbicaciÃ³n;Causa__CON;Causa_Acci;Calle_Uno;Calle_Dos;Intersecci;NÃºmero;Ruta;Ubicaci_1;Calzada;Tipo_Calza;Estado_Cal;CondiciÃ³n;Estado_Atm;Fallecidos;Graves;Menos_Grav;Leves
-7873730,888;-3953759,649;19329;2024;1655545;-33,439298;-70,730928;1;2024/12/09 00:00:00+00;1899/12/30 00:00:00+00;REGION METROPOLITANA;LO PRADO;COLISION POR ALCANCE;COLISION;URBANA;CRUCE CON SENAL CEDA EL PASO;IMPRUDENCIA DEL CONDUCTOR;CONDUCCION SIN MANTENER DISTANCIA RAZONABLE NI PRUDENTE;LOS COPIHUES;LAS TORRES;LAS TORRES - LOS COPIHUES;0;;;BIDIRECCIONAL;ASFALTO;BUENO;SECO;DESPEJADO;0;0;0;0
-7879961,885;-3965167,492;19330;2024;1659065;-33,524771;-70,786902;1;2024/11/15 00:00:00+00;1899/12/30 00:00:00+00;REGION METROPOLITANA;MAIPU;CHOQUE FRENTE/POSTERIOR;CHOQUE;URBANA;CRUCE CON SENAL PARE;IMPRUDENCIA DEL CONDUCTOR;CONDUCCION SIN MANTENER DISTANCIA RAZONABLE NI PRUDENTE;NVA SAN MARTIN;LAS NACIONES;LAS NACIONES - NVA SAN MARTIN;0;;;BIDIRECCIONAL CON BANDEJON;ASFALTO;BUENO;SECO;DESPEJADO;0;0;0;0
-7879662,604;-3962787,298;19331;2024;1659066;-33,506944;-70,784214;1;2024/11/15 00:00:00+00;1899/12/30 00:00:00+00;REGION METROPOLITANA;MAIPU;CHOQUE FRENTE/POSTERIOR;CHOQUE;URBANA;CRUCE CON SEMAFORO FUNCIONANDO;IMPRUDENCIA DEL CONDUCTOR;CONDUCCION NO ATENTO CONDICIONES TRANSITO MOMENTO;CAMINO A RINCONADA;LAS NACIONES;CAMINO A RINCONADA - LAS NACIONES;0;;;BIDIRECCIONAL CON BANDEJON;ASFALTO;BUENO;SECO;DESPEJADO;0;0;0;0
-7852861,935;-3962024,551;19332;2024;1655547;-33,501231;-70,543459;1;2024/12/06 00:00:00+00;1899/12/30 00:00:00+00;REGION METROPOLITANA;PENALOLEN;CHOQUE LATERAL;CHOQUE;URBANA;CRUCE CON SEMAFORO FUNCIONANDO;IMPRUDENCIA DEL CONDUCTOR;CONDUCCION NO ATENTO CONDICIONES TRANSITO MOMENTO;QUILIN;LAS PERDICES;LAS PERDICES - QUILIN;0;;;BIDIRECCIONAL;CONCRETO;BUENO;SECO;DESPEJADO;0;0;0;0
-7879110,291;-3965121,424;19333;2024;1659067;-33,524426;-70,779252;1;2024/11/15 00:00:00+00;1899/12/30 00:00:00+00;REGION METROPOLITANA;MAIPU;COLISION LATERAL;COLISION;URBANA;CRUCE CON SENAL CEDA EL PASO;DESOBEDIENCIA A SENALIZACION;SENALIZACION DESOBEDECER SENAL PARE;NVA SAN MARTIN;3 PONIENTE;3 PONIENTE - NVA SAN MARTIN;0;;;BIDIRECCIONAL CON BANDEJON;ASFALTO;MALO;SECO;DESPEJADO;0;0;0;0
-7876832,249;-3965699,367;19334;2024;1659068;-33,528754;-70,758788;1;2024/11/15 00:00:00+00;1899/12/30 00:00:00+00;REGION METROPOLITANA;MAIPU;COLISION POR ALCANCE;COLISION;URBANA;TRAMO DE VIA RECTA;IMPRUDENCIA DEL CONDUCTOR;CONDUCCION NO ATENTO CONDICIONES TRANSITO MOMENTO;CAMINO A MELIPILLA;STA MARTA;CAMINO A MELIPILLA - STA MARTA;0;;;BIDIRECCIONAL CON BANDEJON;CONCRETO;BUENO;SECO;DESPEJADO;0;0;0;0
-7870360,023;-3954920,3;19335;2024;1655553;-33,447998;-70,700647;1;2024/11/19 00:00:00+00;1899/12/30 00:00:00+00;REGION METROPOLITANA;ESTACION CENTRAL;CHOQUE LATERAL;CHOQUE;URBANA;TRAMO DE VIA RECTA;IMPRUDENCIA DEL CONDUCTOR;CONDUCCION NO ATENTO CONDICIONES TRANSITO MOMENTO;FRANCISCO JAVIER;PORTO SEGURO;FRANCISCO JAVIER - PORTO SEGURO;0;;;UNIDIRECCIONAL;ASFALTO;BUENO;SECO;DESPEJADO;0;0;0;0
-7880270,762;-3968509,165;19336;2024;1659070;-33,549792;-70,789677;1;2024/11/16 00:00:00+00;1899/12/30 00:00:00+00;REGION METROPOLITANA;MAIPU;COLISION POR ALCANCE;COLISION;URBANA;CRUCE CON SENAL PARE;IMPRUDENCIA DEL CONDUCTOR;CONDUCCION SIN MANTENER DISTANCIA RAZONABLE NI PRUDENTE;CAMINO A MELIPILLA;HUSARES DE LA MUERTE;CAMINO A MELIPILLA - HUSARES DE LA MUERTE;0;;;BIDIRECCIONAL CON BANDEJON;CONCRETO;BUENO;SECO;DESPEJADO;0;0;0;0
-7869864,762;-3954889,614;19337;2024;1655567;-33,447768;-70,696198;1;2024/11/21 00:00:00+00;1899/12/30 00:00:00+00;REGION METROPOLITANA;ESTACION CENTRAL;CHOQUE POSTERIOR;CHOQUE;URBANA;CRUCE CON SENAL PARE;DESOBEDIENCIA A SENALIZACION;SENALIZACION DESOBEDECER SENAL PARE;PORTO SEGURO;CONSTANTINO;CONSTANTINO - PORTO SEGURO;0;;;BIDIRECCIONAL;ASFALTO;BUENO;SECO;DESPEJADO;0;0;0;0
-7879085,244;-3966166,897;19338;2024;1659074;-33,532255;-70,779027;1;2024/11/16 00:00:00+00;1899/12/30 00:00:00+00;REGION METROPOLITANA;MAIPU;CHOQUE FRENTE/FRENTE;CHOQUE;URBANA;TRAMO DE VIA RECTA;IMPRUDENCIA DEL CONDUCTOR;CONDUCCION NO ATENTO CONDICIONES TRANSITO MOMENTO;ELADIO ROJAS;;- ELADIO ROJAS;619;;;BIDIRECCIONAL;ASFALTO;BUENO;SECO;DESPEJADO;0;0;0;0
-7884979,278;-3973036,743;19339;2024;1655578;-33,583682;-70,831974;1;2024/12/06 00:00:00+00;1899/12/30 00:00:00+00;REGION METROPOLITANA;PADRE HURTADO;COLISION POR ALCANCE;COLISION;URBANA;TRAMO DE VIA RECTA;ALCOHOL EN CONDUCTOR;CONDUCCION EN ESTADO DE EBRIEDAD;CAMINO SAN ALBERTO HURTADO;;- CAMINO SAN ALBERTO HURTADO;19400;;;BIDIRECCIONAL;ASFALTO;BUENO;SECO;DESPEJADO;0;0;0;0
-7878455,287;-3965952,026;19340;2024;1659076;-33,530646;-70,773368;1;2024/11/17 00:00:00+00;1899/12/30 00:00:00+00;REGION METROPOLITANA;MAIPU;CHOQUE FRONTAL;CHOQUE;URBANA;TRAMO DE VIA RECTA;ALCOHOL EN CONDUCTOR;CONDUCCION BAJO LA INFLUENCIA DEL ALCOHOL;ALFREDO SILVA CARVALLO;RENZO PECHENINNO;ALFREDO SILVA CARVALLO - RENZO PECHENINNO;0;;;BIDIRECCIONAL;ASFALTO;BUENO;SECO;DESPEJADO;0;0;0;0
-7883388,522;-3971378,987;19341;2024;1655588;-33,571275;-70,817684;1;2024/12/08 00:00:00+00;1899/12/30 00:00:00+00;REGION METROPOLITANA;PADRE HURTADO;COLISION;COLISION;URBANA;VIA PRIVADA DE USO PUBLICO;IMPRUDENCIA DEL CONDUCTOR;CONDUCCION NO ATENTO CONDICIONES TRANSITO MOMENTO;CAMINO SAN ALBERTO HURTADO;;- CAMINO SAN ALBERTO HURTADO;2436;;;UNIDIRECCIONAL;ASFALTO;BUENO;SECO;DESPEJADO;0;0;0;0
-7879479,538;-3964306,904;19342;2024;1659077;-33,518326;-70,782569;1;2024/11/17 00:00:00+00;1899/12/30 00:00:00+00;REGION METROPOLITANA;MAIPU;ATROPELLO;ATROPELLO;URBANA;TRAMO DE VIA RECTA;IMPRUDENCIA DEL PEATON;PEATON CRUZA CALZADA FUERA PASO PEATONES;SIGLO XX;PORTALES;PORTALES - SIGLO XX;0;;;BIDIRECCIONAL;ASFALTO;REGULAR;SECO;DESPEJADO;0;1;2;0
-7857708,451;-3961903,203;19343;2024;1655597;-33,500322;-70,586996;1;2024/12/06 00:00:00+00;1899/12/30 00:00:00+00;REGION METROPOLITANA;PENALOLEN;COLISION FRONTAL;COLISION;URBANA;CRUCE CON SENAL CEDA EL PASO;DESOBEDIENCIA A SENALIZACION;SENALIZACION DESOBEDECER SENAL CEDA EL PASO;AMERICO VESPUCIO;LAS TORRES;AMERICO VESPUCIO - LAS TORRES;0;;;UNIDIRECCIONAL;CONCRETO;BUENO;SECO;DESPEJADO;0;0;0;0
-7876498,068;-3953337,975;19344;2024;1659082;-33,436137;-70,755786;1;2024/12/20 00:00:00+00;1899/12/30 00:00:00+00;REGION METROPOLITANA;PUDAHUEL;CHOQUE FRENTE/POSTERIOR;CHOQUE;URBANA;TRAMO DE VIA RECTA;IMPRUDENCIA DEL CONDUCTOR;CONDUCCION NO ATENTO CONDICIONES TRANSITO MOMENTO;SAN FRANCISCO;LEBU ORIENTE;LEBU ORIENTE - SAN FRANCISCO;0;;;BIDIRECCIONAL;CONCRETO;BUENO;SECO;DESPEJADO;0;0;0;0
-7852579,851;-3936338,121;19345;2024;1655602;-33,308605;-70,540925;1;2024/12/09 00:00:00+00;1899/12/30 00:00:00+00;REGION METROPOLITANA;LO BARNECHEA;VOLCADURA;VOLCADURA;URBANA;TRAMO DE VIA CURVA VERTICAL;VELOCIDAD IMPRUDENTE;VELOCIDAD NO RAZONABLE NI PRUDENTE;CAMINO STA MARTINA;;- CAMINO STA MARTINA;15;;;BIDIRECCIONAL;CONCRETO;BUENO;SECO;DESPEJADO;2;0;0;0
-7870295,346;-3963383,361;19346;2024;1659083;-33,511409;-70,700066;1;2024/12/23 00:00:00+00;1899/12/30 00:00:00+00;REGION METROPOLITANA;CERRILLOS;COLISION FRONTAL;COLISION;URBANA;CRUCE CON SEMAFORO FUNCIONANDO;DESOBEDIENCIA A SENALIZACION;SENALIZACION DESOBEDECER LUZ ROJA DE SEMAFORO;PDTE SALVADOR ALLENDE;CERRILLOS;CERRILLOS - PDTE SALVADOR ALLENDE;0;;;BIDIRECCIONAL;ASFALTO;BUENO;SECO;DESPEJADO;0;0;1;3
-7870447,52;-3956991,083;19347;2024;1655613;-33,463518;-70,701433;1;2024/12/07 00:00:00+00;1899/12/30 00:00:00+00;REGION METROPOLITANA;ESTACION CENTRAL;COLISION POR ALCANCE;COLISION;URBANA;OTROS NO CONSIDERADOS;IMPRUDENCIA DEL CONDUCTOR;CONDUCCION CAMBIAR SORPRESIVAMENTE PISTA CIRCULACION;5 DE ABRIL;AEROPUERTO;5 DE ABRIL - AEROPUERTO;0;;;BIDIRECCIONAL CON BANDEJON;ASFALTO;BUENO;SECO;DESPEJADO;0;0;0;0
-7879662,604;-3962787,298;19348;2024;1659086;-33,506944;-70,784214;1;2024/11/18 00:00:00+00;1899/12/30 00:00:00+00;REGION METROPOLITANA;MAIPU;COLISION LATERAL;COLISION;URBANA;CRUCE CON SEMAFORO FUNCIONANDO;DESOBEDIENCIA A SENALIZACION;SENALIZACION DESOBEDECER LUZ ROJA DE SEMAFORO;CAMINO A RINCONADA;LAS NACIONES;CAMINO A RINCONADA - LAS NACIONES;0;;;BIDIRECCIONAL CON BANDEJON;ASFALTO;BUENO;SECO;DESPEJADO;0;0;0;0
-7872393,83;-3963927,704;19349;2024;1655648;-33,515486;-70,718917;1;2024/12/09 00:00:00+00;1899/12/30 00:00:00+00;REGION METROPOLITANA;CERRILLOS;COLISION POR ALCANCE;COLISION;URBANA;TRAMO DE VIA RECTA;VELOCIDAD IMPRUDENTE;VELOCIDAD NO RAZONABLE NI PRUDENTE;AMERICO VESPUCIO;;- AMERICO VESPUCIO;1501;;;BIDIRECCIONAL;ASFALTO;BUENO;SECO;DESPEJADO;0;0;0;0
-7869431,618;-3961600,172;19350;2024;1655651;-33,498052;-70,692307;1;2024/12/10 00:00:00+00;1899/12/30 00:00:00+00;REGION METROPOLITANA;CERRILLOS;VOLCADURA;VOLCADURA;URBANA;TRAMO DE VIA RECTA;DROGAS Y/O FATIGA EN CONDUCTOR;CONDUCCION BAJO INFLUENCIA DE DROGAS O ESTUPEFACIENTES;GRAL VELASQUEZ;;- GRAL VELASQUEZ;6100;;;BIDIRECCIONAL;ASFALTO;BUENO;SECO;DESPEJADO;0;1;0;0
-7852194,24;-3958794,38;19351;2024;1655698;-33,477031;-70,537461;1;2024/12/07 00:00:00+00;1899/12/30 00:00:00+00;REGION METROPOLITANA;PENALOLEN;COLISION FRONTAL;COLISION;URBANA;CRUCE CON SEMAFORO FUNCIONANDO;IMPRUDENCIA DEL CONDUCTOR;CONDUCCION CAMBIAR SORPRESIVAMENTE PISTA CIRCULACION;GRECIA;EL ACUEDUCTO;EL ACUEDUCTO - GRECIA;0;;;BIDIRECCIONAL CON BANDEJON;CONCRETO;BUENO;SECO;DESPEJADO;0;0;0;0
-7869829,829;-3959662,927;19352;2024;1659087;-33,483539;-70,695884;1;2024/12/24 00:00:00+00;1899/12/30 00:00:00+00;REGION METROPOLITANA;CERRILLOS;COLISION LATERAL;COLISION;URBANA;CRUCE CON SEMAFORO FUNCIONANDO;IMPRUDENCIA DEL CONDUCTOR;CONDUCCION CAMBIAR SORPRESIVAMENTE PISTA CIRCULACION;SUIZA;PEDRO AGUIRRE CERDA;PEDRO AGUIRRE CERDA - SUIZA;0;;;BIDIRECCIONAL CON BANDEJON;ASFALTO;BUENO;SECO;DESPEJADO;0;0;0;0
-7870112,448;-3974893,066;19353;2024;1659092;-33,597573;-70,698423;1;2024/12/19 00:00:00+00;1899/12/30 00:00:00+00;REGION METROPOLITANA;SAN BERNARDO;COLISION LATERAL;COLISION;URBANA;CRUCE CON SEMAFORO FUNCIONANDO;IMPRUDENCIA DEL CONDUCTOR;CONDUCCION SIN MANTENER DISTANCIA RAZONABLE NI PRUDENTE;URMENETA;SAN JOSE;SAN JOSE - URMENETA;0;;;UNIDIRECCIONAL;ASFALTO;BUENO;SECO;DESPEJADO;0;0;0;0
-7860234,847;-3965355,909;19354;2024;1655736;-33,526182;-70,609691;1;2024/11/09 00:00:00+00;1899/12/30 00:00:00+00;REGION METROPOLITANA;LA FLORIDA;COLISION FRONTAL;COLISION;URBANA;CRUCE CON SEMAFORO FUNCIONANDO;DESOBEDIENCIA A SENALIZACION;SENALIZACION DESOBEDECER OTRA;PUNTA ARENAS;GERONIMO DE ALDERETE;GERONIMO DE ALDERETE - PUNTA ARENAS;0;;;BIDIRECCIONAL;ASFALTO;REGULAR;SECO;DESPEJADO;0;0;0;0
-7859627,599;-3951090,595;19355;2024;1659093;-33,419288;-70,604236;1;2024/12/22 00:00:00+00;1899/12/30 00:00:00+00;REGION METROPOLITANA;PROVIDENCIA;COLISION LATERAL;COLISION;URBANA;TRAMO DE VIA RECTA;IMPRUDENCIA DEL CONDUCTOR;CONDUCCION CAMBIAR SORPRESIVAMENTE PISTA CIRCULACION;PROVIDENCIA;HOLANDA;HOLANDA - PROVIDENCIA;0;;;UNIDIRECCIONAL;ASFALTO;BUENO;SECO;DESPEJADO;0;0;0;0
-7853650,967;-3957494,291;19356;2024;1655749;-33,467289;-70,550547;1;2024/12/04 00:00:00+00;1899/12/30 00:00:00+00;REGION METROPOLITANA;PENALOLEN;COLISION FRONTAL;COLISION;URBANA;CRUCE CON SEMAFORO FUNCIONANDO;IMPRUDENCIA DEL CONDUCTOR;CONDUCCION CAMBIAR SORPRESIVAMENTE PISTA CIRCULACION;TOBALABA;PADRE ALBERTO HURTADO;PADRE ALBERTO HURTADO - TOBALABA;0;;;BIDIRECCIONAL;CONCRETO;BUENO;SECO;DESPEJADO;0;0;0;0
-7855555,532;-3956769,843;19357;2024;1659094;-33,46186;-70,567656;1;2024/12/21 00:00:00+00;1899/12/30 00:00:00+00;REGION METROPOLITANA;PENALOLEN;COLISION FRONTAL;COLISION;URBANA;CRUCE CON SENAL CEDA EL PASO;DESOBEDIENCIA A SENALIZACION;SENALIZACION DESOBEDECER SENAL CEDA EL PASO;MANUEL CARVALLO;VASCO DE GAMA;MANUEL CARVALLO - VASCO DE GAMA;0;;;UNIDIRECCIONAL;CONCRETO;BUENO;SECO;DESPEJADO;0;0;0;3
-7858963,133;-3967595,914;19358;2024;1655761;-33,542955;-70,598267;1;2024/11/11 00:00:00+00;1899/12/30 00:00:00+00;REGION METROPOLITANA;LA FLORIDA;ATROPELLO;ATROPELLO;URBANA;CRUCE CON SENAL CEDA EL PASO;IMPRUDENCIA DEL PEATON;PEATON CRUZA CALZADA FORMA SORPRESIVA O DESCUIDADA;STA AMALIA;VALENTINA LEPPE;STA AMALIA - VALENTINA LEPPE;0;;;BIDIRECCIONAL;ASFALTO;BUENO;SECO;DESPEJADO;0;0;0;1
-7859243,77;-3952464,261;19359;2024;1659096;-33,429587;-70,600788;1;2024/12/23 00:00:00+00;1899/12/30 00:00:00+00;REGION METROPOLITANA;PROVIDENCIA;COLISION LATERAL;COLISION;URBANA;TRAMO DE VIA RECTA;IMPRUDENCIA DEL CONDUCTOR;CONDUCCION CAMBIAR SORPRESIVAMENTE PISTA CIRCULACION;ELIODORO YANEZ;HOLANDA;ELIODORO YANEZ - HOLANDA;0;;;UNIDIRECCIONAL;ASFALTO;BUENO;SECO;DESPEJADO;0;0;0;0
-7858166,865;-3964947,833;19360;2024;1655784;-33,523126;-70,591114;1;2024/11/12 00:00:00+00;1899/12/30 00:00:00+00;REGION METROPOLITANA;LA FLORIDA;COLISION FRONTAL;COLISION;URBANA;TRAMO DE VIA RECTA;IMPRUDENCIA DEL CONDUCTOR;CONDUCCION CAMBIAR SORPRESIVAMENTE PISTA CIRCULACION;WALKER MARTINEZ;;- WALKER MARTINEZ;597;;;BIDIRECCIONAL;ASFALTO;BUENO;SECO;DESPEJADO;0;0;0;1
-7860208,576;-3952711,829;19361;2024;1659098;-33,431443;-70,609455;1;2024/12/19 00:00:00+00;1899/12/30 00:00:00+00;REGION METROPOLITANA;PROVIDENCIA;COLISION LATERAL;COLISION;URBANA;TRAMO DE VIA RECTA;IMPRUDENCIA DEL CONDUCTOR;CONDUCCION CAMBIAR SORPRESIVAMENTE PISTA CIRCULACION;BELLAVISTA;DEL ARZOBISPO;BELLAVISTA - DEL ARZOBISPO;0;;;UNIDIRECCIONAL;ASFALTO;BUENO;SECO;DESPEJADO;0;0;0;0
-7854558,666;-3950814,121;19362;2024;1655786;-33,417215;-70,558701;1;2024/12/01 00:00:00+00;1899/12/30 00:00:00+00;REGION METROPOLITANA;LAS CONDES;COLISION LATERAL;COLISION;URBANA;TRAMO DE VIA RECTA;IMPRUDENCIA DEL CONDUCTOR;CONDUCCION CAMBIAR SORPRESIVAMENTE PISTA CIRCULACION;CRISTOBAL COLON;;- CRISTOBAL COLON;6760;;;BIDIRECCIONAL;ASFALTO;BUENO;SECO;DESPEJADO;0;0;0;1
-7877136,819;-3966938,144;19363;2024;1659099;-33,53803;-70,761524;1;2024/11/18 00:00:00+00;1899/12/30 00:00:00+00;REGION METROPOLITANA;MAIPU;COLISION FRONTAL;COLISION;URBANA;CRUCE CON SENAL CEDA EL PASO;DESOBEDIENCIA A SENALIZACION;SENALIZACION DESOBEDECER SENAL CEDA EL PASO;JUDEA;LAS INDUSTRIAS;JUDEA - LAS INDUSTRIAS;0;;;BIDIRECCIONAL;CONCRETO;BUENO;SECO;DESPEJADO;0;0;0;1
-7851815,865;-3950666,617;19364;2024;1655790;-33,416109;-70,534062;1;2024/11/29 00:00:00+00;1899/12/30 00:00:00+00;REGION METROPOLITANA;LAS CONDES;COLISION;COLISION;URBANA;TRAMO DE VIA RECTA;IMPRUDENCIA DEL CONDUCTOR;CONDUCCION NO ATENTO CONDICIONES TRANSITO MOMENTO;LAS CONDES;;- LAS CONDES;7444;;;BIDIRECCIONAL CON BANDEJON;ASFALTO;BUENO;SECO;DESPEJADO;0;0;0;1
-7859828,976;-3951152,879;19365;2024;1659100;-33,419755;-70,606045;1;2024/12/23 00:00:00+00;1899/12/30 00:00:00+00;REGION METROPOLITANA;PROVIDENCIA;CHOQUE POSTERIOR/POSTERIOR;CHOQUE;URBANA;CRUCE CON SEMAFORO FUNCIONANDO;IMPRUDENCIA DEL CONDUCTOR;CONDUCCION NO ATENTO CONDICIONES TRANSITO MOMENTO;PROVIDENCIA;LOS LEONES;LOS LEONES - PROVIDENCIA;0;;;UNIDIRECCIONAL;ASFALTO;BUENO;SECO;DESPEJADO;0;0;0;0
-7859427,003;-3949927,972;19366;2024;1655793;-33,41057;-70,602434;1;2024/07/08 00:00:00+00;1899/12/30 00:00:00+00;REGION METROPOLITANA;LAS CONDES;COLISION;COLISION;URBANA;CRUCE CON SEMAFORO FUNCIONANDO;IMPRUDENCIA DEL CONDUCTOR;CONDUCCION NO ATENTO CONDICIONES TRANSITO MOMENTO;ANDRES BELLO;VITACURA;ANDRES BELLO - VITACURA;0;;;BIDIRECCIONAL CON BANDEJON;ASFALTO;BUENO;SECO;DESPEJADO;0;0;0;0
-7859870,498;-3952628,194;19367;2024;1659102;-33,430816;-70,606418;1;2024/11/13 00:00:00+00;1899/12/30 00:00:00+00;REGION METROPOLITANA;PROVIDENCIA;CHOQUE POSTERIOR/POSTERIOR;CHOQUE;URBANA;CRUCE CON SEMAFORO FUNCIONANDO;IMPRUDENCIA DEL CONDUCTOR;CONDUCCION NO ATENTO CONDICIONES TRANSITO MOMENTO;ELIODORO YANEZ;RICARDO LYON;ELIODORO YANEZ - RICARDO LYON;0;;;UNIDIRECCIONAL;ASFALTO;BUENO;SECO;DESPEJADO;0;0;0;0
-7856814,667;-3948708,04;19368;2024;1655794;-33,401422;-70,578967;1;2024/12/04 00:00:00+00;1899/12/30 00:00:00+00;REGION METROPOLITANA;LAS CONDES;COLISION LATERAL;COLISION;URBANA;TRAMO DE VIA RECTA;IMPRUDENCIA DEL CONDUCTOR;CONDUCCION NO ATENTO CONDICIONES TRANSITO MOMENTO;PDTE KENNEDY;;- PDTE KENNEDY;5413;;;UNIDIRECCIONAL;CONCRETO;BUENO;SECO;DESPEJADO;0;0;0;0
-7880714,071;-3962272,724;19369;2024;1659103;-33,50309;-70,793659;1;2024/11/19 00:00:00+00;1899/12/30 00:00:00+00;REGION METROPOLITANA;MAIPU;CHOQUE LADO/LADO;CHOQUE;URBANA;TRAMO DE VIA RECTA;IMPRUDENCIA DEL CONDUCTOR;CONDUCCION NO ATENTO CONDICIONES TRANSITO MOMENTO;LIBERIA;;- LIBERIA;2810;;;BIDIRECCIONAL;ASFALTO;BUENO;SECO;DESPEJADO;0;0;0;0
-7862815,01;-3957800,283;19370;2024;1655795;-33,469582;-70,632869;1;2024/12/06 00:00:00+00;1899/12/30 00:00:00+00;REGION METROPOLITANA;SANTIAGO;COLISION PERPENDICULAR;COLISION;URBANA;CRUCE CON SENAL PARE;IMPRUDENCIA DEL CONDUCTOR;CONDUCCION NO ATENTO CONDICIONES TRANSITO MOMENTO;LIRA;GRAL GANA;GRAL GANA - LIRA;0;;;UNIDIRECCIONAL;ASFALTO;BUENO;SECO;DESPEJADO;0;0;0;0
-7859828,976;-3951152,879;19371;2024;1659104;-33,419755;-70,606045;1;2024/12/23 00:00:00+00;1899/12/30 00:00:00+00;REGION METROPOLITANA;PROVIDENCIA;COLISION LATERAL;COLISION;URBANA;TRAMO DE VIA RECTA;IMPRUDENCIA DEL CONDUCTOR;ADELANTAMIENTO SIN EL ESPACIO O TIEMPO SUFICIENTE;PROVIDENCIA;LOS LEONES;LOS LEONES - PROVIDENCIA;0;;;UNIDIRECCIONAL;ASFALTO;BUENO;SECO;DESPEJADO;0;0;0;0
-7868281,354;-3960502,12;19372;2024;1655796;-33,489826;-70,681974;1;2024/07/18 00:00:00+00;1899/12/30 00:00:00+00;REGION METROPOLITANA;PEDRO AGUIRRE CERDA;CHOQUE POSTERIOR;CHOQUE;URBANA;TRAMO DE VIA RECTA;IMPRUDENCIA DEL CONDUCTOR;CONDUCCION NO ATENTO CONDICIONES TRANSITO MOMENTO;DEPARTAMENTAL;;- DEPARTAMENTAL;4030;;;BIDIRECCIONAL;ASFALTO;BUENO;SECO;DESPEJADO;0;0;0;1
-7861093,12;-3952952,599;19373;2024;1659106;-33,433248;-70,617401;1;2024/12/20 00:00:00+00;1899/12/30 00:00:00+00;REGION METROPOLITANA;PROVIDENCIA;COLISION LATERAL;COLISION;URBANA;TRAMO DE VIA RECTA;IMPRUDENCIA DEL CONDUCTOR;ADELANTAMIENTO SIN EL ESPACIO O TIEMPO SUFICIENTE;ELIODORO YANEZ;MANUEL MONTT;ELIODORO YANEZ - MANUEL MONTT;0;;;UNIDIRECCIONAL;ASFALTO;BUENO;SECO;DESPEJADO;0;0;0;0
-7858536,668;-3964241,344;19374;2024;1655798;-33,517835;-70,594436;1;2024/11/12 00:00:00+00;1899/12/30 00:00:00+00;REGION METROPOLITANA;LA FLORIDA;COLISION;COLISION;URBANA;CRUCE CON SEMAFORO FUNCIONANDO;IMPRUDENCIA DEL CONDUCTOR;CONDUCCION CAMBIAR SORPRESIVAMENTE PISTA CIRCULACION;FROILAN ROA;AMERICO VESPUCIO;AMERICO VESPUCIO - FROILAN ROA;0;;;BIDIRECCIONAL CON BANDEJON;ASFALTO;BUENO;SECO;DESPEJADO;0;1;0;0
-7866258,456;-3961167,8;19375;2024;1655800;-33,494813;-70,663802;1;2024/07/19 00:00:00+00;1899/12/30 00:00:00+00;REGION METROPOLITANA;PEDRO AGUIRRE CERDA;COLISION LATERAL;COLISION;URBANA;TRAMO DE VIA RECTA;IMPRUDENCIA DEL CONDUCTOR;CONDUCCION NO ATENTO CONDICIONES TRANSITO MOMENTO;JOSE JOAQUIN PRIETO VIAL;LA MARINA;JOSE JOAQUIN PRIETO VIAL - LA MARINA;0;;;BIDIRECCIONAL;ASFALTO;BUENO;SECO;DESPEJADO;0;0;0;2
-7881082,427;-3965513,215;19376;2024;1659108;-33,52736;-70,796968;1;2024/11/19 00:00:00+00;1899/12/30 00:00:00+00;REGION METROPOLITANA;MAIPU;CHOQUE FRENTE/LADO;CHOQUE;URBANA;TRAMO DE VIA RECTA;DROGAS Y/O FATIGA EN CONDUCTOR;CONDICIONES FISICAS DEFICIENTES (CANSANCIO, SUENO);EL CONQUISTADOR;IGNACIO GARCIA SILVA;EL CONQUISTADOR - IGNACIO GARCIA SILVA;0;;;BIDIRECCIONAL CON BANDEJON;ASFALTO;BUENO;SECO;DESPEJADO;0;0;1;1
-7855325,769;-3974552,409;19377;2024;1655801;-33,595024;-70,565592;1;2024/12/09 00:00:00+00;1899/12/30 00:00:00+00;REGION METROPOLITANA;PUENTE ALTO;COLISION LATERAL;COLISION;URBANA;TRAMO DE VIA RECTA;IMPRUDENCIA DEL CONDUCTOR;CONDUCCION NO ATENTO CONDICIONES TRANSITO MOMENTO;CALETA BARQUITO;BLANCA;BLANCA - CALETA BARQUITO;0;;;BIDIRECCIONAL;CONCRETO;BUENO;SECO;DESPEJADO;0;0;0;0
-7860936,939;-3951802,549;19378;2024;1659109;-33,424626;-70,615998;1;2024/12/24 00:00:00+00;1899/12/30 00:00:00+00;REGION METROPOLITANA;PROVIDENCIA;ATROPELLO;ATROPELLO;URBANA;TRAMO DE VIA RECTA;IMPRUDENCIA DEL CONDUCTOR;CONDUCCION NO ATENTO CONDICIONES TRANSITO MOMENTO;FRANCISCO ANTONIO ENCINA;ITALIA;FRANCISCO ANTONIO ENCINA - ITALIA;0;;;BIDIRECCIONAL;ASFALTO;BUENO;SECO;DESPEJADO;0;0;0;1